id,brand,model,model_year,milage,fuel_type,ext_col,int_col,accident,clean_title,price,engine_displacement_l,engine_cylinders,transmission_type
1,Lexus,IS 300 Base,2018,"50,992 mi.",Gasoline,White,Gray,At least 1 accident or damage reported,Yes,"$28,000",3.5,6.0,Automatic
2,Chevrolet,Impala Base,2004,"64,500 mi.",Gasoline,Beige,Beige,None reported,Yes,"$5,900",3.4,6.0,Automatic
3,RAM,2500 SLT,2017,"86,000 mi.",Diesel,Gray,Gray,At least 1 accident or damage reported,Yes,"$41,000",6.7,6.0,Automatic
4,Mercedes-Benz,SL-Class SL 550,2013,"24,933 mi.",Gasoline,Silver,Red,At least 1 accident or damage reported,Yes,"$40,250",4.6,8.0,Other
5,Ford,Shelby GT350R Base,2018,"18,500 mi.",Gasoline,Blue,Black,At least 1 accident or damage reported,Yes,"$77,999",5.2,8.0,Manual
6,GMC,Yukon SLT,2018,"85,500 mi.",Gasoline,Black,Black,At least 1 accident or damage reported,Yes,"$35,899",5.3,8.0,Automatic
7,Volvo,V60 Cross Country T5,2020,"10,500 mi.",Gasoline,White,Black,None reported,Yes,"$36,000",2.0,4.0,Automatic
8,Nissan,Titan XD SV,2020,"10,001 mi.",Gasoline,Black,Black,None reported,Yes,"$47,214",5.6,8.0,Automatic
9,BMW,330 i,2005,"59,300 mi.",Gasoline,Red,Black,None reported,Yes,"$30,900",3.0,6.0,Manual
10,Lexus,RX 330 Base,2006,"110,250 mi.",Gasoline,White,Beige,None reported,Yes,"$11,000",3.3,6.0,Automatic
11,BMW,Z4 sDrive28i,2014,"36,812 mi.",Gasoline,White,Beige,None reported,Yes,"$27,000",2.0,4.0,Other
12,Chevrolet,Corvette Base,2002,"44,168 mi.",Gasoline,Orange,Black,None reported,Yes,"$30,000",5.7,8.0,Automatic
13,Ford,F-150 XLT,2020,"92,000 mi.",Gasoline,Gray,Black,None reported,Yes,"$29,999",3.5,6.0,Automatic
14,Honda,Odyssey EX-L,2022,"18,385 mi.",Gasoline,Red,Beige,None reported,Yes,"$37,950",3.5,6.0,Automatic
15,Mercedes-Benz,SL-Class SL600 Roadster,2005,"93,000 mi.",Gasoline,Black,Black,None reported,Yes,"$22,500",5.5,12.0,Automatic
16,Buick,LaCrosse Leather,2012,"19,079 mi.",Hybrid,Gold,Beige,None reported,Yes,"$15,995",2.4,4.0,Automatic
17,Ford,Mustang GT Premium,2016,"40,570 mi.",Gasoline,Gray,Black,At least 1 accident or damage reported,Yes,"$30,490",5.0,8.0,Manual
18,Porsche,911 Carrera 4S Cabriolet,2009,"25,500 mi.",Gasoline,Black,Black,None reported,Yes,"$79,995",3.8,6.0,Manual
19,Dodge,Avenger SE,2014,"124,705 mi.",E85 Flex Fuel,Black,Black,None reported,Yes,"$6,499",3.6,6.0,Automatic
20,Audi,S7 4.0T Premium Plus,2017,"52,500 mi.",Gasoline,Gray,Gray,None reported,Yes,"$39,999",4.0,8.0,Other
21,INFINITI,QX70 Base,2014,"71,097 mi.",Gasoline,Black,Black,None reported,Yes,"$18,995",3.7,6.0,Automatic
22,BMW,535 i xDrive,2015,"65,000 mi.",Gasoline,Silver,Black,None reported,Yes,"$24,995",3.0,6.0,Other
23,Aston,Martin DBX Base,2021,"2,353 mi.",Gasoline,Green,Sahara Tan,None reported,Yes,"$159,500",4.0,8.0,Automatic
24,Mercedes-Benz,AMG GT 53 Base,2020,"22,000 mi.",Hybrid,Gray,Black,None reported,Yes,"$83,999",3.0,6.0,Automatic
25,Ford,Explorer XLT,2020,"42,609 mi.",Gasoline,Magnetic Metallic,Ebony,At least 1 accident or damage reported,Yes,"$32,107",2.3,4.0,Automatic
26,Audi,Q5 2.0T Premium Plus,2013,"111,773 mi.",Gasoline,Brown,Beige,None reported,Yes,"$17,000",2.0,4.0,Automatic
27,Maserati,GranTurismo MC,2018,"18,000 mi.",Gasoline,Red,Black,None reported,Yes,"$67,000",4.7,8.0,Other
28,Honda,Civic LX,2016,"111,000 mi.",Gasoline,Blue,Black,None reported,Yes,"$13,000",2.0,4.0,Automatic
29,Ford,Explorer XLT,2017,"161,000 mi.",Gasoline,Gray,Black,None reported,Yes,"$17,500",3.5,6.0,Automatic
30,MINI,Hardtop Cooper S,2017,"44,300 mi.",Gasoline,Silver,Black,None reported,Yes,"$20,784",2.0,4.0,Manual
31,Tesla,Model 3 Standard Range Plus,2021,"21,600 mi.",,White,Black,None reported,Yes,"$31,000",,,Automatic
32,Lexus,RX 350 RX 350 F SPORT Handling,2022,"11,238 mi.",Gasoline,Atomic Silver,Black,None reported,,"$54,798",3.5,,Automatic
33,BMW,335 i,2010,"91,545 mi.",Gasoline,Black,Black,None reported,Yes,"$13,000",3.0,6.0,Automatic
34,Chrysler,300C SRT8,2006,"43,000 mi.",Gasoline,Silver,Black,At least 1 accident or damage reported,Yes,"$19,995",6.1,8.0,Automatic
35,Subaru,Impreza WRX Base,2013,"113,000 mi.",Gasoline,Blue,Black,At least 1 accident or damage reported,Yes,"$16,000",2.5,4.0,Manual
36,Toyota,Sequoia Limited,2006,"190,656 mi.",Gasoline,Black,Gray,At least 1 accident or damage reported,Yes,"$8,900",4.7,8.0,Automatic
37,Toyota,4Runner Sport,2004,"220,450 mi.",Gasoline,Gray,Gray,None reported,Yes,"$8,550",4.0,6.0,Automatic
38,Chevrolet,Bolt EUV Premier,2022,"7,624 mi.",,Mosaic Black Metallic,Jet Black,None reported,Yes,"$31,985",,,Automatic
39,Chevrolet,Monte Carlo SS,2000,"74,000 mi.",Gasoline,Red,–,None reported,Yes,"$4,700",3.8,6.0,Automatic
40,Chevrolet,Silverado 2500 LT H/D Extended Cab,2006,"169,000 mi.",Diesel,White,Gray,None reported,Yes,"$19,500",6.6,8.0,Automatic
41,Buick,Enclave Premium,2017,"139,105 mi.",Gasoline,Iridium Metallic,Light Titanium,At least 1 accident or damage reported,Yes,"$17,550",3.6,6.0,Automatic
42,Audi,TT RS 2.5T,2018,"20,675 mi.",Gasoline,Gray,Gray,None reported,Yes,"$76,000",2.5,5.0,Other
43,Porsche,911 Carrera S,2023,"1,877 mi.",Gasoline,Red,Red,None reported,Yes,"$185,950",3.0,6.0,Automatic
44,Tesla,Model 3 Mid Range,2018,"32,000 mi.",,Black,Black,None reported,Yes,"$29,999",,,Automatic
45,Porsche,911 Carrera 4,2013,"67,522 mi.",Gasoline,Gray,Black,At least 1 accident or damage reported,Yes,"$59,500",3.4,6.0,Automatic
46,Land,Rover Range Rover Sport HSE,2013,"111,000 mi.",Gasoline,Black,Black,At least 1 accident or damage reported,Yes,"$15,000",5.0,8.0,Automatic
47,Ford,F-250 Lariat,2017,"132,269 mi.",E85 Flex Fuel,Gray,Black,None reported,Yes,"$35,900",6.2,8.0,Automatic
48,Mercedes-Benz,Metris Base,2020,"14,000 mi.",Gasoline,Black,Beige,None reported,Yes,"$48,000",2.0,4.0,Automatic
49,Ford,Explorer ST,2021,"39,105 mi.",Gasoline,Black,–,None reported,Yes,"$44,605",3.0,6.0,Automatic
50,Chrysler,300 Base,2014,"85,000 mi.",Gasoline,White,–,At least 1 accident or damage reported,Yes,"$11,250",3.6,6.0,Automatic
51,Audi,Q7 45 Premium Plus,2021,"68,000 mi.",Gasoline,Blue,Black,None reported,Yes,"$36,499",2.0,4.0,Automatic
52,Buick,LaCrosse CX,2007,"53,000 mi.",Gasoline,Red,Gray,None reported,Yes,"$6,500",3.8,6.0,Automatic
53,Tesla,Model 3 Long Range,2021,"18,000 mi.",,Black,Black,None reported,Yes,"$42,500",,,Automatic
54,MINI,Cooper S Base,2012,"152,000 mi.",Gasoline,White,Black,None reported,Yes,"$9,000",1.6,4.0,Automatic
55,Ford,F-350 Lariat Super Duty Crew Cab,2009,"130,200 mi.",Diesel,White,Beige,None reported,Yes,"$28,900",6.4,8.0,Automatic
56,Dodge,Charger R/T,2014,"95,000 mi.",Gasoline,Black,Black,None reported,Yes,"$17,900",5.7,8.0,Other
57,RAM,2500 Laramie,2017,"67,483 mi.",Gasoline,Brown,Beige,At least 1 accident or damage reported,Yes,"$46,500",6.4,8.0,Automatic
58,BMW,X5 M Base,2023,"4,348 mi.",Gasoline,Alpine White,Black,None reported,,"$105,900",4.4,8.0,Automatic
59,Porsche,911 Carrera C2S,2005,"28,500 mi.",Gasoline,Silver,Black,None reported,Yes,"$63,500",3.8,6.0,Manual
60,Audi,A7 3.0T Premium,2019,"45,900 mi.",Hybrid,Black,Black,At least 1 accident or damage reported,Yes,"$41,500",3.0,6.0,Other
61,Kia,Optima Hybrid EX,2013,"104,994 mi.",Hybrid,Black,Beige,None reported,Yes,"$9,000",2.4,4.0,Automatic
62,Audi,A7 55 Premium,2020,"27,100 mi.",Hybrid,White,Black,None reported,Yes,"$50,000",3.0,6.0,Automatic
63,BMW,435 Gran Coupe i,2015,"60,100 mi.",Gasoline,Blue,Beige,None reported,Yes,"$24,995",3.0,6.0,Automatic
64,Honda,Civic EX,2020,"13,935 mi.",Gasoline,Gray,Black,None reported,Yes,"$26,000",1.5,4.0,Other
65,Jeep,Wrangler Sport,2018,"23,399 mi.",Gasoline,Black Clearcoat,Black,None reported,,"$28,999",2.0,4.0,Automatic
66,Honda,Pilot Elite,2021,"42,653 mi.",Gasoline,Gray,Black,None reported,,"$38,998",3.5,6.0,Automatic
67,Nissan,GT-R Premium,2009,"88,000 mi.",Gasoline,White,White,At least 1 accident or damage reported,Yes,"$57,000",3.8,6.0,Other
68,BMW,M8 Base,2020,"25,520 mi.",Gasoline,Brands Hatch Gray Metallic,Black,None reported,,"$84,900",4.4,8.0,Automatic
69,Toyota,Camry Solara SLE,2008,"73,000 mi.",Gasoline,Blue,Beige,At least 1 accident or damage reported,Yes,"$11,500",3.3,6.0,Automatic
70,Porsche,Boxster S,2005,"95,170 mi.",Gasoline,Blue,Gray,None reported,Yes,"$24,900",3.2,6.0,Manual
71,Maserati,Quattroporte Base,2005,"32,000 mi.",Gasoline,Red,Beige,At least 1 accident or damage reported,Yes,"$2,954,083",4.2,8.0,Other
72,Jaguar,F-TYPE,2020,"15,903 mi.",Gasoline,Silver,Black,None reported,,"$47,998",2.0,,Automatic
73,Tesla,Model Y Performance,2022,"25,250 mi.",,White,White,None reported,Yes,"$47,800",,,Automatic
74,Audi,A6 2.0T Premium Plus,2016,"63,398 mi.",Gasoline,White,Gray,At least 1 accident or damage reported,Yes,"$19,500",2.0,4.0,Automatic
75,Porsche,Panamera 4S,2017,"42,596 mi.",Gasoline,Black,Black,None reported,Yes,"$78,000",2.9,6.0,Other
76,Lexus,RC 350 F Sport,2021,"23,436 mi.",Gasoline,Black,Black,None reported,Yes,"$41,927",3.5,6.0,Automatic
77,RAM,2500 Tradesman,2020,"41,000 mi.",Gasoline,White,Gray,,,"$45,515",6.4,8.0,Automatic
78,Porsche,911 Carrera 4S,2006,"80,000 mi.",Gasoline,Black,Beige,None reported,Yes,"$43,000",3.8,6.0,Manual
79,Nissan,Maxima SV,2014,"117,000 mi.",Gasoline,White,Black,At least 1 accident or damage reported,Yes,"$10,900",3.5,6.0,Other
80,Bentley,Continental GT W12,2021,"16,146 mi.",Gasoline,Fountain Blue,Linen,None reported,,"$239,991",6.0,,Automatic
81,Volvo,C30 T5 Premier Plus,2013,"73,000 mi.",Gasoline,Silver,Black,None reported,Yes,"$13,900",2.5,5.0,Automatic
82,Lexus,ES 350 Base,2010,"113,500 mi.",Gasoline,Red,Beige,At least 1 accident or damage reported,Yes,"$11,000",3.5,6.0,Automatic
83,Land,Rover Range Rover Autobiography,2023,324 mi.,Gasoline,Black,Blk,None reported,,"$199,998",4.4,,Automatic
84,Nissan,Armada LE,2009,"87,130 mi.",Gasoline,Brown,Black,None reported,Yes,"$20,000",5.6,8.0,Automatic
85,Mercedes-Benz,GLS 450 Base 4MATIC,2017,"46,100 mi.",Gasoline,Black,Beige,At least 1 accident or damage reported,Yes,"$33,000",3.0,6.0,Automatic
86,BMW,X5 xDrive40i,2020,"4,880 mi.",Gasoline,White,Black,None reported,,"$57,998",3.0,,Automatic
87,Nissan,Titan XD SV,2017,"80,000 mi.",Gasoline,Silver,Black,None reported,Yes,"$23,800",5.6,8.0,Automatic
88,MINI,Convertible Cooper,2022,"15,544 mi.",Gasoline,Blue,Brown,,,"$28,000",1.5,3.0,Automatic
89,Kia,Telluride LX,2023,"5,500 mi.",Gasoline,Silver,Black,None reported,Yes,"$40,000",3.8,6.0,Automatic
90,RAM,1500 Laramie,2020,"21,165 mi.",Gasoline,Bright White Clearcoat,Black,None reported,,"$46,105",5.7,8.0,Automatic
91,INFINITI,FX50 Base,2011,"84,900 mi.",Gasoline,Silver,Black,,,"$22,450",5.0,8.0,Automatic
92,BMW,340 i,2017,"98,600 mi.",Gasoline,Silver,Black,None reported,Yes,"$26,500",3.0,6.0,Automatic
93,Dodge,Ram 1500 SRT-10 Quad Cab,2005,"138,450 mi.",Gasoline,Red,Black,At least 1 accident or damage reported,Yes,"$19,000",8.3,10.0,Automatic
94,Chevrolet,Suburban LT,2017,"98,888 mi.",Gasoline,White,Black,At least 1 accident or damage reported,Yes,"$29,000",6.0,8.0,Automatic
95,BMW,X6 xDrive35i,2018,"27,214 mi.",Gasoline,Black,Black,At least 1 accident or damage reported,Yes,"$40,950",3.0,6.0,Other
96,Dodge,Viper GTC,2017,"1,389 mi.",Gasoline,Black,Black,None reported,Yes,"$489,995",8.4,10.0,Manual
97,Rolls-Royce,Wraith Base,2016,"21,000 mi.",Gasoline,Brown,Black,,,"$217,000",6.6,12.0,Automatic
98,Land,Rover Range Rover HSE,2012,"66,500 mi.",Gasoline,Silver,Black,None reported,Yes,"$19,950",5.0,8.0,Automatic
99,Jeep,Wrangler Unlimited Sport,2016,"67,499 mi.",Gasoline,Beige,Black,None reported,Yes,"$27,500",3.6,6.0,Manual
100,Chevrolet,Corvette Grand Sport,2011,"12,300 mi.",Gasoline,Red,Black,None reported,Yes,"$45,000",6.2,8.0,Automatic
101,Toyota,4Runner SR5,2006,"135,000 mi.",Gasoline,White,Gray,None reported,Yes,"$16,900",4.0,6.0,Automatic
102,Chevrolet,Traverse RS,2021,"44,373 mi.",Gasoline,Silver,Black,None reported,Yes,"$36,000",3.6,6.0,Automatic
103,Jeep,Compass High Altitude,2017,"45,000 mi.",Gasoline,White,Beige,At least 1 accident or damage reported,Yes,"$16,500",2.4,4.0,Automatic
104,BMW,i3 120Ah w/Range Extender,2020,"35,035 mi.",Hybrid,Black,Black,None reported,,"$24,998",,,Automatic
105,Honda,Accord EX-L,2009,"167,300 mi.",Gasoline,Silver,Black,None reported,Yes,"$6,250",2.4,4.0,Automatic
106,Hyundai,IONIQ 5 SE,2022,"18,500 mi.",,White,Black,None reported,Yes,"$42,000",,,Automatic
107,INFINITI,QX80 Base,2014,"161,894 mi.",Gasoline,White,Beige,None reported,Yes,"$18,900",5.6,8.0,Automatic
108,Ford,Explorer sport,2019,"90,067 mi.",Gasoline,Black,Ebony Black,None reported,,"$28,590",3.5,6.0,Automatic
109,RAM,1500 Laramie,2022,"12,940 mi.",Gasoline,Bright White Clearcoat,Black,At least 1 accident or damage reported,,"$46,999",5.7,8.0,Automatic
110,Chevrolet,Camaro 1SS,2022,"6,640 mi.",Gasoline,Orange,Black,None reported,Yes,"$51,999",6.2,8.0,Automatic
111,Kia,Sorento SX,2011,"171,000 mi.",Gasoline,Black,Black,None reported,Yes,"$5,999",3.5,6.0,Automatic
112,RAM,2500 SLT,2015,"149,130 mi.",Diesel,White,Black,At least 1 accident or damage reported,Yes,"$35,000",6.7,6.0,Automatic
113,Mercedes-Benz,E-Class E 350,2012,"31,130 mi.",Gasoline,Black,Black,None reported,Yes,"$23,500",3.5,6.0,Automatic
114,Porsche,Boxster GTS,2016,"40,350 mi.",Gasoline,Gray,Black,None reported,Yes,"$67,995",3.4,6.0,Automatic
115,Jeep,Grand Cherokee L Limited,2022,"13,275 mi.",Gasoline,Velvet Red Pearlcoat,Global Black,None reported,,"$42,599",3.6,6.0,Automatic
116,Lexus,LC 500 Base,2022,"2,071 mi.",Gasoline,Nightfall Mica,Caramel,None reported,,"$99,950",5.0,8.0,Automatic
117,Porsche,Panamera 4 Edition,2016,"68,000 mi.",Gasoline,Gray,Black,At least 1 accident or damage reported,Yes,"$32,950",3.6,6.0,Other
118,Honda,Civic Sport,2020,"23,131 mi.",Gasoline,Crystal Black Pearl,Black,At least 1 accident or damage reported,,"$23,739",2.0,4.0,Automatic
119,Audi,SQ7 4.0T,2022,"28,927 mi.",Gasoline,Matador Red Metallic,Black,None reported,,"$74,900",4.0,8.0,Automatic
120,Audi,R8 4.2 quattro Spyder,2011,"35,322 mi.",Gasoline,Phantom Black Pearl Effect / Black Roof,Red,None reported,,"$94,900",4.2,8.0,Manual
121,Volvo,XC60 T6 Inscription,2019,"58,600 mi.",Gasoline,White,White,At least 1 accident or damage reported,Yes,"$29,000",2.0,4.0,Automatic
122,Buick,Enclave Avenir,2019,"121,521 mi.",Gasoline,Dark Slate Metallic,Ebony / Ebony Accents,None reported,Yes,"$26,772",3.6,6.0,Automatic
123,Ford,Expedition Limited,2023,"9,281 mi.",Gasoline,Black,Black,None reported,Yes,"$85,000",3.5,6.0,Automatic
124,Audi,Q3 45 S line Premium,2022,"9,325 mi.",Gasoline,Mythos Black Metallic,Black,None reported,,"$33,610",2.0,4.0,Automatic
125,Lincoln,Nautilus Reserve,2021,"19,291 mi.",Gasoline,Black,Ebony,None reported,,"$44,340",2.0,4.0,Automatic
126,Maserati,GranTurismo Base,2012,"12,100 mi.",Gasoline,Blue,Beige,None reported,Yes,"$37,900",4.7,8.0,Other
127,Subaru,Ascent Limited 7-Passenger,2022,"12,700 mi.",Gasoline,White,Beige,None reported,Yes,"$38,500",2.4,4.0,Other
128,Toyota,Camry Hybrid LE,2022,"14,048 mi.",Hybrid,Black,Black,None reported,,"$29,999",2.5,4.0,Automatic
129,BMW,840 i xDrive,2024,"1,500 mi.",Gasoline,Gray,Brown,None reported,Yes,"$90,000",3.0,6.0,Automatic
130,Toyota,Highlander Hybrid Limited Platinum,2019,"46,000 mi.",Hybrid,Silver,Black,None reported,Yes,"$40,000",3.5,6.0,Other
131,BMW,X5 xDrive35i,2013,"69,750 mi.",Gasoline,White,Brown,At least 1 accident or damage reported,Yes,"$15,999",3.0,6.0,Automatic
132,Ford,F-150 Heritage XL SuperCab Flareside,2004,"60,260 mi.",Gasoline,Blue,Gray,At least 1 accident or damage reported,Yes,"$30,500",5.4,8.0,Automatic
133,Jeep,Wrangler X,2003,"116,157 mi.",Gasoline,Beige,Beige,None reported,Yes,"$14,250",4.0,6.0,Automatic
134,GMC,Acadia SLE,2020,"30,426 mi.",Gasoline,Ebony Twilight Metallic,Jet Black,,,"$29,645",2.5,4.0,Automatic
135,Ford,F-150 XLT SuperCab,1999,"48,054 mi.",Gasoline,White,Gray,None reported,Yes,"$9,500",4.6,8.0,Automatic
136,Ford,F-250 King Ranch,2021,"93,400 mi.",Diesel,Red,Brown,,,"$69,995",6.7,8.0,Automatic
137,GMC,Acadia SLE-2,2016,"100,795 mi.",Gasoline,White Frost Tri-Coat,Ebony,At least 1 accident or damage reported,Yes,"$12,995",3.6,6.0,Automatic
138,Land,Rover Range Rover Velar R-Dynamic SE,2019,"75,897 mi.",Gasoline,Black,Black,None reported,,"$35,998",2.0,,Automatic
139,Volkswagen,Jetta GLI,2014,"99,499 mi.",Gasoline,Black,Black,At least 1 accident or damage reported,Yes,"$15,000",2.0,4.0,Other
140,Land,Rover Range Rover SV Autobiography Dynamic SWB,2020,"16,754 mi.",Gasoline,White,White,None reported,Yes,"$112,000",5.0,8.0,Automatic
141,Mercedes-Benz,E-Class E55 AMG,2005,"131,000 mi.",Gasoline,Gray,Black,None reported,Yes,"$16,500",5.4,8.0,Automatic
142,GMC,Yukon Denali,2021,"30,022 mi.",Gasoline,Blue,Black,At least 1 accident or damage reported,Yes,"$74,500",6.2,8.0,Automatic
143,BMW,M3 Base,2011,"105,000 mi.",Gasoline,Silver,Black,At least 1 accident or damage reported,Yes,"$21,900",4.0,8.0,Manual
144,Kia,Telluride S,2020,"74,026 mi.",Gasoline,Sangria Red,Black,None reported,,"$32,913",3.8,6.0,Automatic
145,Acura,TLX Tech,2023,"2,118 mi.",Gasoline,Red,Black,None reported,,"$41,998",2.0,,Automatic
146,Jeep,Compass Trailhawk,2018,"31,000 mi.",Gasoline,Gray,Black,None reported,Yes,"$22,000",2.4,4.0,Automatic
147,Mazda,MX-5 Miata Grand Touring,2012,"36,568 mi.",Gasoline,Blue,Beige,At least 1 accident or damage reported,Yes,"$20,199",2.0,4.0,Manual
148,Ford,Fusion Hybrid Base,2011,"223,824 mi.",Hybrid,White,Brown,At least 1 accident or damage reported,Yes,"$4,500",2.5,4.0,Automatic
149,Mercedes-Benz,E-Class E 350 4MATIC,2014,"83,112 mi.",Gasoline,Black,Black,None reported,Yes,"$15,500",3.5,6.0,Automatic
150,Land,Rover LR4 HSE,2013,"125,900 mi.",Gasoline,Black,Beige,None reported,Yes,"$21,000",5.0,8.0,Automatic
151,Kia,Niro Plug-In Hybrid EX,2023,"9,400 mi.",Plug-In Hybrid,Black,Black,None reported,Yes,"$31,500",1.6,4.0,Automatic
152,Cadillac,STS V6,2005,"96,000 mi.",Gasoline,Beige,Brown,At least 1 accident or damage reported,Yes,"$4,999",3.6,6.0,Automatic
153,Volvo,XC90 Recharge Plug-In Hybrid T8 Inscription 7 Passenger,2022,"9,408 mi.",Hybrid,Black,Gray,None reported,,"$61,999",2.0,4.0,Automatic
154,Mercedes-Benz,GL-Class GL 450 4MATIC,2015,"84,000 mi.",Gasoline,Blue,Gray,None reported,Yes,"$20,399",3.0,6.0,Automatic
155,Bentley,Bentayga Speed,2020,"22,001 mi.",Gasoline,Beluga Black,Hotspur Hide,None reported,Yes,"$173,995",6.0,12.0,Automatic
156,Kia,Rio S,2021,"67,686 mi.",Gasoline,Silver,Black,None reported,Yes,"$15,700",1.6,4.0,Automatic
157,Ford,Shelby GT500 Base,2021,568 mi.,Gasoline,Orange,Black,None reported,Yes,"$90,788",5.2,8.0,Automatic
158,Jeep,Liberty Renegade,2004,"144,770 mi.",Gasoline,Beige,Beige,At least 1 accident or damage reported,Yes,"$6,500",3.7,6.0,Automatic
159,GMC,Yukon XL 1500 SLT,2015,"145,000 mi.",Gasoline,White,Beige,None reported,Yes,"$24,950",5.3,8.0,Automatic
160,Dodge,Charger R/T,2021,"7,751 mi.",Gasoline,Black,Black,None reported,Yes,"$41,950",5.7,8.0,Automatic
161,Mitsubishi,Lancer Evolution Base,2003,"61,491 mi.",Gasoline,Blue,Black,At least 1 accident or damage reported,Yes,"$28,000",2.0,4.0,Manual
162,Aston,Martin Vantage GT Base,2015,"21,100 mi.",Gasoline,Black,Black,None reported,Yes,"$80,000",4.7,8.0,Manual
163,Nissan,Frontier SL,2011,"103,400 mi.",Gasoline,Gray,Gray,At least 1 accident or damage reported,Yes,"$17,000",4.0,6.0,Automatic
164,Ford,Transit-350 XL,2018,"95,000 mi.",E85 Flex Fuel,White,Gray,None reported,Yes,"$43,000",3.7,6.0,Automatic
165,Jeep,Compass Sport,2016,"99,000 mi.",Gasoline,White,Gray,At least 1 accident or damage reported,Yes,"$5,000",2.4,4.0,Automatic
166,Bugatti,Veyron 16.4 Grand Sport,2011,"6,330 mi.",Gasoline,White,White,None reported,Yes,"$1,950,995",8.0,16.0,Automatic
167,Mercedes-Benz,AMG GLE 43 Coupe 4MATIC,2018,"49,000 mi.",Gasoline,Blue,Brown,At least 1 accident or damage reported,Yes,"$42,995",3.0,6.0,Automatic
168,Jaguar,F-TYPE R,2018,"16,002 mi.",Gasoline,Black,Red,None reported,Yes,"$74,900",5.0,8.0,Automatic
169,Cadillac,Escalade ESV Luxury,2015,"159,500 mi.",Gasoline,Black,Black,At least 1 accident or damage reported,Yes,"$18,800",6.2,8.0,Automatic
170,Dodge,Challenger SXT,2013,"61,074 mi.",Gasoline,Black,Gray,None reported,Yes,"$16,800",3.6,6.0,Automatic
171,Subaru,WRX Base,2017,"60,930 mi.",Gasoline,Blue,Black,None reported,Yes,"$23,750",2.0,4.0,Manual
172,BMW,X5 xDrive35i,2018,"48,000 mi.",Gasoline,Black,Black,None reported,Yes,"$32,000",3.0,6.0,Automatic
173,Audi,R8 5.2,2014,"21,800 mi.",Gasoline,White,Black,None reported,Yes,"$117,000",5.2,10.0,Other
174,Chevrolet,Corvette Base,1998,"7,666 mi.",Gasoline,Red,Black,None reported,Yes,"$39,500",5.7,8.0,Automatic
175,Alfa,Romeo Stelvio Ti Sport,2020,"21,487 mi.",Gasoline,Anodized Blue Metallic,Ice,None reported,Yes,"$35,345",2.0,4.0,Automatic
176,Jeep,Grand Wagoneer Base,2023,"3,752 mi.",Gasoline,Ember Pearlcoat,Global Black,None reported,Yes,"$84,620",6.4,8.0,Automatic
177,Cadillac,XT6 Sport AWD,2020,"24,114 mi.",Gasoline,Garnet Red Metallic,Jet Black,At least 1 accident or damage reported,,"$49,427",3.6,6.0,Automatic
178,Nissan,Altima 2.5 SV,2020,"22,295 mi.",Gasoline,Scarlet Ember,Gray,None reported,,"$23,599",2.5,4.0,Automatic
179,Mazda,Mazda3 Grand Touring,2018,"15,175 mi.",Gasoline,Snowflake White Pearl Metallic,Parchment,At least 1 accident or damage reported,,"$19,212",2.5,4.0,Automatic
180,Audi,SQ5 3.0T Prestige,2018,"25,000 mi.",Gasoline,Gray,Black,None reported,Yes,"$50,000",3.0,6.0,Automatic
181,Cadillac,Escalade ESV Luxury,2016,"116,500 mi.",Gasoline,Black,Brown,At least 1 accident or damage reported,Yes,"$30,500",6.2,8.0,Automatic
182,Ford,Maverick XLT,2022,"16,400 mi.",Hybrid,Gray,Gray,None reported,Yes,"$34,000",2.5,4.0,Other
183,Mercedes-Benz,GL-Class GL 450,2011,"138,050 mi.",Gasoline,White,Beige,None reported,Yes,"$16,500",4.7,8.0,Automatic
184,Honda,Pilot EX-L,2016,"80,500 mi.",Gasoline,Gray,Black,None reported,Yes,"$23,000",3.5,6.0,Automatic
185,Toyota,Land Cruiser Base,1994,"178,416 mi.",–,Green,Beige,None reported,Yes,"$9,000",,,Automatic
186,Acura,TL Technology,2013,"40,000 mi.",Gasoline,Blue,Gray,None reported,Yes,"$24,000",3.5,6.0,Automatic
187,Tesla,Model S P100D,2018,"46,000 mi.",,White,Black,None reported,Yes,"$59,500",,,Automatic
188,Lincoln,Navigator Reserve,2019,"44,741 mi.",Gasoline,Beige,Beige,None reported,Yes,"$52,999",3.5,6.0,Automatic
189,Ford,Mustang GT,2008,"64,500 mi.",Gasoline,Black,Red,At least 1 accident or damage reported,Yes,"$16,000",4.6,8.0,Manual
190,Mercedes-Benz,GLC 300 GLC 300,2021,"12,771 mi.",Gasoline,Black,–,None reported,,"$42,598",2.0,,Automatic
191,Buick,Envision Essence,2021,"36,544 mi.",Gasoline,Dark Moon Blue Metallic,Ebony,None reported,Yes,"$33,290",2.0,4.0,Automatic
192,Toyota,4Runner Limited,2014,"146,700 mi.",Gasoline,Blue,Black,At least 1 accident or damage reported,Yes,"$24,999",4.0,6.0,Automatic
193,Lexus,RX 350 Base,2016,"71,750 mi.",Gasoline,Black,Brown,None reported,Yes,"$28,000",3.5,6.0,Automatic
194,Genesis,GV80 2.5T,2022,"7,523 mi.",Gasoline,Black,Black,None reported,,"$54,543",2.5,4.0,Automatic
195,BMW,M4 Base,2018,"19,600 mi.",Gasoline,Black,Black,At least 1 accident or damage reported,Yes,"$62,000",3.0,6.0,Automatic
196,Ford,F-150 Raptor,2020,"33,000 mi.",Gasoline,Blue,Black,None reported,Yes,"$62,999",3.5,6.0,Automatic
197,Porsche,Boxster Base,2010,"64,800 mi.",Gasoline,Gray,Gray,At least 1 accident or damage reported,Yes,"$20,900",2.9,6.0,Manual
198,Lexus,IS 250 Base,2010,"121,250 mi.",Gasoline,Black,White,At least 1 accident or damage reported,Yes,"$13,250",2.5,6.0,Automatic
199,Chevrolet,Cruze LT Automatic,2016,"122,971 mi.",Gasoline,Kinetic Blue,Jet Black,At least 1 accident or damage reported,Yes,"$12,999",1.4,4.0,Automatic
200,BMW,X2 xDrive28i,2022,"33,000 mi.",Gasoline,Orange,Black,None reported,Yes,"$29,999",2.0,4.0,Other
201,Chevrolet,Suburban High Country,2021,"59,528 mi.",Gasoline,Satin Steel Metallic,Jet Black,None reported,Yes,"$68,995",6.2,8.0,Automatic
202,Volkswagen,Atlas 3.6L SE w/Technology,2018,"48,210 mi.",Gasoline,Silver,Black,None reported,Yes,"$24,999",3.6,6.0,Other
203,Lexus,NX 200t Base,2016,"83,400 mi.",Gasoline,Blue,Brown,At least 1 accident or damage reported,Yes,"$22,495",2.0,4.0,Automatic
204,Land,Rover Range Rover HSE SWB,2020,"16,000 mi.",Hybrid,Silver,Black,None reported,Yes,"$75,500",3.0,6.0,Automatic
205,Audi,A4 2.0T Premium,2012,"129,567 mi.",Gasoline,White,Black,None reported,Yes,"$7,000",2.0,4.0,Automatic
206,Ford,Mustang GT,2010,"87,500 mi.",Gasoline,Red,Black,At least 1 accident or damage reported,Yes,"$14,900",4.6,8.0,Automatic
207,Aston,Martin DBS Superleggera,2021,"2,165 mi.",Gasoline,Black,Black,None reported,Yes,"$279,950",5.2,12.0,Automatic
208,Porsche,Cayman Base,2011,"66,000 mi.",Gasoline,Black,Brown,,,"$28,000",2.9,6.0,Automatic
209,Mercedes-Benz,G-Class G 550 4MATIC,2019,"47,850 mi.",Gasoline,White,Black,At least 1 accident or damage reported,Yes,"$127,899",4.0,8.0,Automatic
210,INFINITI,Q60 3.0t Red Sport 400,2022,"3,300 mi.",Gasoline,Red,Black,None reported,Yes,"$54,000",3.0,6.0,Other
211,Jeep,Wrangler Sahara,1998,"136,500 mi.",Gasoline,Black,Black,None reported,Yes,"$6,999",4.0,6.0,Manual
212,Chevrolet,Colorado Z71,2019,"25,462 mi.",Gasoline,Shadow Gray Metallic,Jet Black,None reported,,"$36,139",3.6,6.0,Automatic
213,Lamborghini,Huracan LP580-2S,2019,"17,175 mi.",Gasoline,Rosso Mars Metallic,Nero Ade,None reported,,"$234,900",5.2,10.0,Automatic
214,Ford,F-150 XLT,2023,"2,823 mi.",Gasoline,Iconic Silver Metallic,Black,None reported,Yes,"$58,504",3.5,6.0,Automatic
215,Dodge,Ram 2500 SLT Mega Cab,2007,"97,724 mi.",Diesel,Red,Gray,None reported,Yes,"$19,998",6.7,6.0,Automatic
216,Pontiac,Firebird Trans Am,2001,"91,812 mi.",Gasoline,Green,Black,None reported,Yes,"$12,850",5.7,8.0,Automatic
217,Tesla,Model 3 Long Range,2018,"36,187 mi.",,White,Black,None reported,Yes,"$28,895",,,Automatic
218,RAM,1500 SLT,2017,"45,000 mi.",Gasoline,Black,Gray,None reported,Yes,"$29,999",5.7,8.0,Automatic
219,GMC,Terrain SLT,2010,"32,652 mi.",Gasoline,Red,Brown,None reported,Yes,"$6,500",2.4,4.0,Automatic
220,Audi,A4 2.0T Titanium Premium,2019,"7,300 mi.",Gasoline,White,Gray,None reported,Yes,"$27,900",2.0,4.0,Automatic
221,GMC,Yukon XL SLT,2019,"65,212 mi.",Gasoline,Summit White,Jet Black,None reported,Yes,"$42,995",5.3,8.0,Automatic
222,Maserati,Quattroporte Base,2006,"51,000 mi.",Gasoline,Blue,Beige,At least 1 accident or damage reported,Yes,"$18,000",4.2,8.0,Other
223,BMW,750 i xDrive,2019,"41,906 mi.",Gasoline,Blue,White,At least 1 accident or damage reported,Yes,"$45,999",4.4,8.0,Automatic
224,Kia,Sportage LX,2023,"13,000 mi.",Gasoline,White,Black,None reported,Yes,"$31,900",2.5,4.0,Automatic
225,Chevrolet,Camaro LT1,2022,"6,700 mi.",Gasoline,Gray,Black,None reported,Yes,"$39,500",6.2,8.0,Automatic
226,Mitsubishi,Eclipse GS,2008,"189,500 mi.",Gasoline,Red,Black,None reported,Yes,"$6,000",2.4,4.0,Manual
227,Mercedes-Benz,C-Class C 300 4MATIC,2022,"8,583 mi.",Gasoline,Cirrus Silver Metallic,AMG Black,None reported,,"$42,999",2.0,4.0,Automatic
228,Porsche,Boxster RS 60 Spyder,2008,"58,000 mi.",Gasoline,Silver,Black,None reported,Yes,"$41,500",3.4,6.0,Manual
229,Mercedes-Benz,CLK-Class 550,2007,"138,000 mi.",Gasoline,Silver,Black,At least 1 accident or damage reported,Yes,"$10,000",5.5,8.0,Automatic
230,Audi,A7 3.0T Prestige,2015,"73,000 mi.",Diesel,White,Gray,None reported,Yes,"$34,000",3.0,6.0,Automatic
231,Toyota,Supra A91 Edition,2021,"6,400 mi.",Gasoline,Gray,Black,None reported,Yes,"$68,000",3.0,6.0,Other
232,BMW,640 Gran Coupe i,2014,"39,886 mi.",Gasoline,Black,Red,At least 1 accident or damage reported,Yes,"$26,000",3.0,6.0,Other
233,Subaru,BRZ Premium,2023,"5,800 mi.",Gasoline,Black,Black,None reported,Yes,"$29,990",2.4,4.0,Manual
234,Honda,Civic EX,2012,"167,506 mi.",Gasoline,Black,–,None reported,Yes,"$6,500",1.8,4.0,Automatic
235,Audi,A5 2.0T Prestige,2018,"35,850 mi.",Gasoline,White,Black,None reported,Yes,"$33,000",2.0,4.0,Automatic
236,Tesla,Model X Base,2023,197 mi.,,Blue,Black,None reported,Yes,"$85,000",,,Automatic
237,Ford,Mustang Mach-E Premium,2023,"13,232 mi.",,Gray,Black,None reported,Yes,"$45,000",,,Automatic
238,Chevrolet,SSR Base,2003,"87,500 mi.",Gasoline,Red,Black,None reported,Yes,"$16,999",5.3,8.0,Automatic
239,Lexus,GS 350 F Sport,2020,"24,651 mi.",Gasoline,Ultra White,Black,None reported,,"$45,950",3.5,6.0,Automatic
240,Cadillac,Escalade Premium,2013,"113,395 mi.",E85 Flex Fuel,Beige,Beige,At least 1 accident or damage reported,Yes,"$18,800",6.2,8.0,Automatic
241,MINI,Hardtop Cooper S,2016,"41,680 mi.",Gasoline,Silver,Black,None reported,Yes,"$17,495",2.0,4.0,Automatic
242,Toyota,Tacoma Base,2011,"36,000 mi.",Gasoline,Gray,Gray,None reported,Yes,"$20,000",2.7,4.0,Manual
243,Jeep,Gladiator Overland,2020,"40,000 mi.",Gasoline,Gray,Black,None reported,Yes,"$45,000",3.6,6.0,Other
244,Mercedes-Benz,SL-Class SL 550,2014,"76,850 mi.",Gasoline,Brown,Beige,At least 1 accident or damage reported,Yes,"$32,999",4.7,8.0,Automatic
245,Porsche,Macan S,2019,"36,700 mi.",Gasoline,Blue,Blue,At least 1 accident or damage reported,Yes,"$48,990",3.0,6.0,Automatic
246,Toyota,Corolla LE,2003,"124,756 mi.",Gasoline,Beige,Beige,At least 1 accident or damage reported,Yes,"$4,995",1.8,4.0,Manual
247,RAM,2500 Laramie,2019,"18,526 mi.",Diesel,Pearl White,Black,None reported,,"$67,999",6.7,6.0,Automatic
248,Mercedes-Benz,GLC 300 Base 4MATIC,2018,"44,486 mi.",Gasoline,Gray,Black,None reported,,"$25,625",2.0,4.0,Automatic
249,Porsche,911 Carrera S,2017,"20,561 mi.",Gasoline,Red,Black,None reported,Yes,"$105,000",3.0,6.0,Manual
250,Tesla,Model 3 Standard Range Plus,2019,"83,700 mi.",,Black,Black,At least 1 accident or damage reported,Yes,"$26,000",,,Automatic
251,Tesla,Model X Long Range Plus,2021,"46,897 mi.",,Blue,Black,None reported,Yes,"$69,000",,,Automatic
252,Honda,Fit Sport,2007,"156,111 mi.",Gasoline,Red,Black,At least 1 accident or damage reported,Yes,"$5,200",1.5,4.0,Other
253,Acura,TLX Type S w/Performance Tire,2023,"4,700 mi.",Gasoline,Red,Black,None reported,Yes,"$52,000",3.0,6.0,Automatic
254,Audi,allroad 2.7T,2005,"153,000 mi.",Gasoline,Blue,Blue,At least 1 accident or damage reported,Yes,"$6,500",2.7,6.0,Manual
255,Land,Rover Range Rover Sport 3.0L Supercharged HSE,2018,"104,700 mi.",Gasoline,Fuji White,Ivory / Ebony,At least 1 accident or damage reported,,"$30,775",,6.0,Automatic
256,Tesla,Model 3 Long Range,2022,"3,077 mi.",,Silver,Black,None reported,,"$44,998",,,Automatic
257,GMC,Sierra 1500 SLT,2021,"11,250 mi.",Gasoline,White,Black,None reported,Yes,"$70,250",6.2,8.0,Automatic
258,Toyota,4Runner SR5,2022,"28,377 mi.",Gasoline,Silver,Gray,None reported,,"$36,999",4.0,6.0,Automatic
259,Audi,A3 2.0T Premium,2018,"36,500 mi.",Gasoline,Gray,Silver,At least 1 accident or damage reported,Yes,"$25,500",2.0,4.0,Automatic
260,Porsche,Macan S,2020,"28,570 mi.",Gasoline,White,Black,None reported,,"$55,998",3.0,,Automatic
261,Ford,F-150 XL,2019,"59,678 mi.",Gasoline,Gray,Black,None reported,Yes,"$33,700",2.7,6.0,Automatic
262,Jeep,Grand Cherokee Limited,2015,"157,000 mi.",E85 Flex Fuel,White,Black,None reported,Yes,"$17,000",3.6,6.0,Automatic
263,Jeep,Grand Wagoneer Series III,2022,"18,428 mi.",Gasoline,Baltic Gray,Black,None reported,,"$83,998",6.4,,Automatic
264,Cadillac,DTS Luxury II,2008,"94,155 mi.",Gasoline,White,Beige,None reported,Yes,"$10,500",4.6,8.0,Automatic
265,Chevrolet,Tahoe LS,2005,"170,000 mi.",Gasoline,Silver,Gray,At least 1 accident or damage reported,Yes,"$9,000",4.8,8.0,Automatic
266,Audi,S4 3.0T Premium Plus,2020,"23,823 mi.",Gasoline,Tango Red Metallic,Black,None reported,Yes,"$49,995",3.0,6.0,Automatic
267,Mercedes-Benz,E-Class E 350,2014,"53,500 mi.",Gasoline,Black,Brown,None reported,Yes,"$24,500",3.5,6.0,Automatic
268,Aston,Martin DB7 Vantage Volante,2003,"14,900 mi.",Gasoline,White,Beige,,,"$32,850",5.9,12.0,Manual
269,Rivian,R1S Adventure Package,2023,250 mi.,,Green,Black,,,"$97,500",,,Automatic
270,Porsche,Taycan,2022,"2,116 mi.",,Black,Black,None reported,,"$90,998",,,Automatic
271,INFINITI,G37 x,2012,"120,000 mi.",Gasoline,Red,Black,At least 1 accident or damage reported,Yes,"$14,500",3.7,6.0,Other
272,Mercedes-Benz,AMG C 43 Base,2017,"53,500 mi.",Gasoline,White,Brown,At least 1 accident or damage reported,Yes,"$33,999",3.0,6.0,Automatic
273,Toyota,Tacoma SR,2022,"5,020 mi.",Gasoline,Black,Gray,None reported,Yes,"$36,500",3.5,6.0,Automatic
274,Acura,RDX PMC Edition,2021,"44,457 mi.",Gasoline,Majestic Black Pearl,Ebony,None reported,,"$40,598",2.0,,Other
275,Land,Rover Range Rover P530 SE LWB 7 Seat,2023,"2,100 mi.",Gasoline,Gray,Beige,None reported,Yes,"$172,000",4.4,8.0,Automatic
276,BMW,X6 xDrive40i,2022,"13,000 mi.",Hybrid,Gray,Orange,None reported,Yes,"$69,000",3.0,6.0,Other
277,Mercedes-Benz,Metris Base,2020,"3,921 mi.",Gasoline,Black,White,None reported,Yes,"$175,000",2.0,4.0,Automatic
278,Land,Rover Range Rover 5.0L Supercharged Autobiography LWB,2018,"36,632 mi.",Gasoline,Blue,Blue,,,"$72,567",5.0,8.0,Automatic
279,Mercedes-Benz,CLA-Class CLA 250,2016,"88,600 mi.",Gasoline,Black,Black,At least 1 accident or damage reported,Yes,"$16,800",2.0,4.0,Automatic
280,BMW,M3 Base,2001,"81,000 mi.",Gasoline,Blue,Gray,None reported,Yes,"$39,000",3.2,6.0,Manual
281,BMW,M4 Base,2018,"7,200 mi.",Gasoline,Black,Black,None reported,Yes,"$64,000",3.0,6.0,Automatic
282,Hyundai,Genesis Coupe 2.0T,2010,"65,000 mi.",Gasoline,Gray,Black,,,"$8,900",2.0,4.0,Automatic
283,Porsche,Macan S,2020,"29,136 mi.",Gasoline,White,Red,None reported,,"$58,598",3.0,,Automatic
284,Toyota,Tacoma Double Cab,2007,"24,985 mi.",Gasoline,Silver,Silver,,,"$33,580",4.0,6.0,Automatic
285,Honda,CR-V EX-L,2016,"73,549 mi.",Gasoline,Mountain Air Metallic,Black,At least 1 accident or damage reported,,"$20,848",2.4,4.0,Automatic
286,Land,Rover Range Rover Velar P250 S R-Dynamic,2020,"30,500 mi.",Gasoline,Silver,Beige,None reported,Yes,"$44,000",2.0,4.0,Automatic
287,Lexus,LS 430 Base,2006,"192,000 mi.",Gasoline,Silver,Gray,At least 1 accident or damage reported,Yes,"$7,390",4.3,8.0,Automatic
288,Toyota,GR Corolla Circuit Edition,2023,952 mi.,Gasoline,Silver,Gray,None reported,Yes,"$49,950",1.6,3.0,Manual
289,Ford,Explorer Limited,2020,"82,146 mi.",Gasoline,Gray,Ebony,None reported,Yes,"$30,825",2.3,4.0,Automatic
290,BMW,M240 i xDrive,2022,"2,010 mi.",Gasoline,Purple,Black,None reported,Yes,"$55,000",3.0,6.0,Automatic
291,Ford,F-150 XLT,2020,"67,516 mi.",Gasoline,Gray,Medium Light Camel,None reported,Yes,"$36,994",3.5,6.0,Automatic
292,Toyota,Corolla CE,2008,"170,000 mi.",Gasoline,Gray,Gray,None reported,Yes,"$5,199",1.8,4.0,Automatic
293,GMC,Yukon XL SLT,2023,"28,500 mi.",Gasoline,Black,Black,None reported,Yes,"$67,800",5.3,8.0,Automatic
294,Mazda,MX-5 Miata RF Grand Touring,2017,"52,000 mi.",Gasoline,Black,Black,At least 1 accident or damage reported,Yes,"$20,500",2.0,4.0,Manual
295,Toyota,4Runner TRD Pro,2021,"35,048 mi.",Gasoline,Lunar Rock,Black / Graphite,None reported,,"$52,590",4.0,6.0,Automatic
296,Jeep,Wrangler Sahara,2020,"22,138 mi.",Gasoline,Black,Black,None reported,,"$38,598",3.6,,Automatic
297,Lincoln,Town Car Signature,2002,"118,600 mi.",Gasoline,Black,Gray,At least 1 accident or damage reported,Yes,"$5,230",4.6,8.0,Automatic
298,BMW,M5 Base,2000,"132,200 mi.",Gasoline,Blue,Black,None reported,Yes,"$26,900",5.0,8.0,Manual
299,Subaru,Forester Base,2020,"32,744 mi.",Gasoline,Black,Gray,None reported,Yes,"$24,000",2.5,4.0,Other
300,Chrysler,Town & Country Touring,2009,"111,000 mi.",Gasoline,Blue,Gray,None reported,Yes,"$7,900",3.8,6.0,Automatic
301,Lexus,LC 500 Base,2022,"6,875 mi.",Gasoline,White,Black,None reported,Yes,"$89,000",5.0,8.0,Automatic
302,Hummer,H2 Base,2005,"110,900 mi.",Gasoline,Gray,Black,None reported,Yes,"$19,500",6.0,8.0,Automatic
303,Mercedes-Benz,E-Class E500,2005,"153,460 mi.",Gasoline,Gold,Gold,At least 1 accident or damage reported,Yes,"$5,800",5.0,8.0,Automatic
304,INFINITI,G35 Sport,2007,"37,100 mi.",Gasoline,Gray,Black,None reported,Yes,"$16,900",3.5,6.0,Manual
305,Ford,Explorer ST,2022,"14,361 mi.",Gasoline,Black,Black,None reported,Yes,"$51,500",3.0,6.0,Automatic
306,Nissan,Sentra SR,2016,"96,541 mi.",Gasoline,Blue,Black,None reported,,"$13,998",1.8,,Automatic
307,Mercedes-Benz,G-Class G 63 AMG,2014,"49,899 mi.",Gasoline,White,Black,None reported,Yes,"$72,999",5.5,8.0,Automatic
308,Land,Rover Range Rover 3.0L V6 Supercharged HSE,2019,"59,271 mi.",Gasoline,Black,Black,None reported,Yes,"$54,995",3.0,6.0,Automatic
309,BMW,440 Gran Coupe i,2018,"39,300 mi.",Gasoline,White,Beige,At least 1 accident or damage reported,Yes,"$31,750",3.0,6.0,Automatic
310,Subaru,Crosstrek Premium,2022,"10,000 mi.",Gasoline,White,Black,None reported,Yes,"$28,000",2.0,4.0,Other
311,Hyundai,Equus Signature,2013,"72,000 mi.",Gasoline,Silver,Black,None reported,Yes,"$17,500",5.0,8.0,Automatic
312,Audi,S4 4.2 quattro,2004,"74,030 mi.",Gasoline,Silver,Gray,None reported,Yes,"$16,000",4.2,8.0,Manual
313,Toyota,Yaris L,2012,"129,355 mi.",Gasoline,Black,Gray,At least 1 accident or damage reported,Yes,"$7,950",1.5,4.0,Automatic
314,BMW,X5 M Base,2022,"8,307 mi.",Gasoline,Blue Metallic,Sakhir Orange,None reported,,"$98,900",4.4,8.0,Automatic
315,BMW,Z4 3.0i Roadster,2006,"46,508 mi.",Gasoline,Green,Beige,At least 1 accident or damage reported,Yes,"$11,500",3.0,6.0,Other
316,Bentley,Bentayga V8,2021,"24,500 mi.",Gasoline,White,White,None reported,Yes,"$165,000",4.0,8.0,Automatic
317,Toyota,Camry XLE,2007,"98,528 mi.",Gasoline,White,Gray,At least 1 accident or damage reported,Yes,"$7,450",2.4,4.0,Automatic
318,Acura,RDX Base,2018,"68,425 mi.",Gasoline,Gray,–,At least 1 accident or damage reported,Yes,"$23,500",3.5,6.0,Automatic
319,Ford,Expedition Limited,2016,"85,253 mi.",Gasoline,White,Beige,None reported,Yes,"$19,995",3.5,6.0,Automatic
320,Audi,A3 2.0T Premium,2019,"28,211 mi.",Gasoline,Gray,Black,At least 1 accident or damage reported,Yes,"$27,500",2.0,4.0,Other
321,BMW,535 i,2008,"135,000 mi.",Gasoline,Silver,Black,None reported,Yes,"$5,699",3.0,6.0,Automatic
322,Mazda,CX-30 Base,2020,"19,319 mi.",Gasoline,Snowflake White Pearl,Black,At least 1 accident or damage reported,Yes,"$24,899",2.5,4.0,Automatic
323,Audi,A8 L 4.0T,2016,"142,666 mi.",Gasoline,Black,Black,At least 1 accident or damage reported,Yes,"$22,000",4.0,8.0,Automatic
324,Lexus,IS 350 F Sport,2021,"26,800 mi.",Gasoline,Black,Red,None reported,Yes,"$44,000",3.5,6.0,Automatic
325,Lucid,Air Grand Touring,2022,"3,552 mi.",,Red,Beige,None reported,Yes,"$119,999",,,Automatic
326,Bentley,Bentayga Onyx Edition,2018,"18,500 mi.",Gasoline,Black,Brown,None reported,Yes,"$115,000",6.0,12.0,Automatic
327,Porsche,911 Carrera 4S,2014,"36,670 mi.",Gasoline,White,Black,None reported,Yes,"$82,499",3.8,6.0,Other
328,Ford,Bronco Badlands Advanced,2022,"17,000 mi.",Gasoline,White,Black,None reported,Yes,"$69,999",2.7,6.0,Automatic
329,Chevrolet,Corvette Base,2000,"97,500 mi.",Gasoline,Yellow,Black,None reported,Yes,"$10,000",5.7,8.0,Manual
330,Chevrolet,Corvette Grand Sport,2013,"15,500 mi.",Gasoline,White,Blue,None reported,Yes,"$45,000",6.2,8.0,Other
331,Land,Rover Range Rover HSE SWB,2020,"41,500 mi.",Hybrid,Gray,Gray,None reported,Yes,"$68,000",3.0,6.0,Automatic
332,BMW,M3 Base,2015,"74,000 mi.",Gasoline,Gray,Black,None reported,Yes,"$40,000",3.0,6.0,Manual
333,RAM,1500 Laramie,2019,"107,714 mi.",Gasoline,Diamond Black,Black,None reported,Yes,"$34,918",5.7,8.0,Automatic
334,Toyota,Camry Solara SLE,2007,"138,000 mi.",Gasoline,White,Beige,None reported,Yes,"$6,800",3.3,6.0,Automatic
335,Volvo,XC70 T6 Platinum,2012,"69,000 mi.",Gasoline,Silver,Black,At least 1 accident or damage reported,Yes,"$15,900",3.0,6.0,Automatic
336,Land,Rover Range Rover 5.0L Supercharged,2017,"101,800 mi.",Gasoline,Silver,Black,None reported,Yes,"$36,500",5.0,8.0,Automatic
337,Porsche,Cayman Base,2016,"10,431 mi.",Gasoline,Red,Black,None reported,Yes,"$50,999",2.7,6.0,Automatic
338,BMW,640 Gran Coupe i xDrive,2015,"98,000 mi.",Gasoline,Black,Beige,None reported,Yes,"$22,500",3.0,6.0,Other
339,Ford,Focus SE,2009,"107,500 mi.",Gasoline,White,Black,None reported,Yes,"$9,500",2.0,4.0,Automatic
340,Land,Rover LR4 Lux,2012,"141,525 mi.",Gasoline,Black,Black,None reported,Yes,"$14,490",5.0,8.0,Automatic
341,Chevrolet,Trailblazer LT,2021,"50,648 mi.",Gasoline,Pacific Blue Metallic,Jet Black,None reported,,"$23,995",1.2,3.0,Automatic
342,Jeep,Grand Cherokee L Limited,2021,"25,968 mi.",Gasoline,Metallic,Global Black,None reported,,"$38,405",3.6,6.0,Automatic
343,Jeep,Wrangler Unlimited 4xe Sahara,2021,"51,105 mi.",Hybrid,Black Clearcoat,Black,None reported,Yes,"$42,700",2.0,4.0,Automatic
344,GMC,Sierra 1500 Denali Ultimate,2023,"2,500 mi.",Gasoline,White,Brown,None reported,Yes,"$84,000",6.2,8.0,Automatic
345,Ford,F-150 XLT,2022,"18,465 mi.",Gasoline,Black,Gray,None reported,Yes,"$47,500",3.5,6.0,Automatic
346,Chevrolet,Silverado 1500 RST,2020,"26,177 mi.",Gasoline,Shadow Gray Metallic,Jet Black,,,"$41,986",5.3,8.0,Automatic
347,Cadillac,XT5 Premium Luxury,2021,"66,500 mi.",Gasoline,Silver,Black,None reported,Yes,"$28,500",3.6,6.0,Automatic
348,Mazda,Mazda3 i SV,2015,"91,700 mi.",Gasoline,Red,Black,None reported,Yes,"$12,000",2.0,4.0,Automatic
349,Nissan,Xterra S,2008,"100,900 mi.",Gasoline,Black,Gray,None reported,Yes,"$6,999",4.0,6.0,Automatic
350,Porsche,Cayenne Diesel,2015,"97,300 mi.",Diesel,Black,Black,None reported,Yes,"$29,995",3.0,6.0,Automatic
351,Ford,F-250 XL SuperCab H/D,1993,"115,000 mi.",–,Red,Gray,None reported,Yes,"$21,900",,,Automatic
352,Ford,Mustang EcoBoost,2021,"17,300 mi.",Gasoline,Yellow,Black,None reported,Yes,"$31,000",2.3,4.0,Automatic
353,BMW,M8 Competition,2020,"10,906 mi.",Gasoline,Donington Grey Metallic,Black,None reported,,"$96,998",4.4,,Automatic
354,Porsche,Cayenne AWD,2020,"37,500 mi.",Gasoline,White,Black,None reported,Yes,"$59,900",3.0,6.0,Automatic
355,Nissan,Frontier SE Crew Cab,2006,"134,000 mi.",Gasoline,Gray,Gray,At least 1 accident or damage reported,Yes,"$8,500",4.0,6.0,Automatic
356,Mercedes-Benz,AMG C AMG C 63,2016,"62,000 mi.",Gasoline,Black,Black,None reported,Yes,"$40,000",4.0,8.0,Other
357,Chevrolet,Avalanche 1500 LT,2012,"148,000 mi.",E85 Flex Fuel,Black,Black,None reported,Yes,"$18,000",5.3,8.0,Automatic
358,Lexus,RX 450h Base,2012,"239,000 mi.",Hybrid,Black,Black,None reported,Yes,"$7,000",3.5,6.0,Automatic
359,Land,Rover Range Rover HSE SWB,2020,"57,785 mi.",Hybrid,Black,Black,None reported,Yes,"$63,995",3.0,6.0,Automatic
360,INFINITI,QX60 Base,2014,"95,400 mi.",Gasoline,White,Beige,,,"$14,195",3.5,6.0,Automatic
361,Audi,Q5 Premium,2023,"2,425 mi.",Hybrid,Mythos Black,–,None reported,,"$42,998",2.0,,Automatic
362,Jeep,Wrangler SE,2003,"71,000 mi.",Gasoline,Red,Gray,None reported,Yes,"$12,499",2.4,4.0,Manual
363,Porsche,911 Targa 4 GTS,2018,"19,000 mi.",Gasoline,Gray,Black,None reported,Yes,"$145,000",3.0,6.0,Automatic
364,Acura,TLX,2023,"3,389 mi.",Gasoline,Platinum White Pearl,Black,None reported,,"$38,598",2.0,,Automatic
365,Cadillac,Escalade ESV Platinum,2020,"92,000 mi.",Gasoline,Black,Black,None reported,Yes,"$50,000",6.2,8.0,Automatic
366,Nissan,Rogue SV,2023,"1,094 mi.",Gasoline,Caspian Blue,Light Gray,None reported,,"$30,999",1.5,3.0,Automatic
367,Nissan,370Z Touring,2009,"133,409 mi.",Gasoline,Silver,Gray,At least 1 accident or damage reported,Yes,"$14,999",3.7,6.0,Manual
368,Saab,9-3 SE,2002,"77,200 mi.",Gasoline,Black,Beige,None reported,Yes,"$7,500",2.0,4.0,Manual
369,GMC,Sierra 2500 Denali,2017,"96,343 mi.",Diesel,Blue,Beige,At least 1 accident or damage reported,Yes,"$53,000",6.6,8.0,Automatic
370,RAM,1500 Laramie,2022,"13,464 mi.",Gasoline,Diamond Black,Black,None reported,,"$46,999",5.7,8.0,Automatic
371,BMW,M8 Gran Coupe Competition,2023,"2,900 mi.",Gasoline,Green,Gray,None reported,Yes,"$117,500",4.4,8.0,Automatic
372,Dodge,Ram 1500 Quad Cab,2002,"179,000 mi.",Gasoline,Black,Black,At least 1 accident or damage reported,Yes,"$6,500",5.9,8.0,Automatic
373,Lexus,GX 470 Base,2004,"215,000 mi.",Gasoline,White,Beige,At least 1 accident or damage reported,Yes,"$7,350",4.7,8.0,Automatic
374,Nissan,Pickup Truck XE,1994,"89,144 mi.",–,Red,Gray,None reported,Yes,"$5,899",,,Automatic
375,Chevrolet,Corvette Stingray w/3LT,2022,"5,400 mi.",Gasoline,White,Black,None reported,Yes,"$89,900",6.2,8.0,Automatic
376,Land,Rover Defender,2022,"12,209 mi.",Gasoline,Black,Black,None reported,,"$104,900",5.0,8.0,Automatic
377,BMW,X6 M Base,2017,"25,000 mi.",Gasoline,White,Red,At least 1 accident or damage reported,Yes,"$65,000",4.4,8.0,Other
378,FIAT,500 Sport,2015,"47,800 mi.",Gasoline,Black,Black,At least 1 accident or damage reported,Yes,"$11,500",1.4,4.0,Automatic
379,Porsche,Cayenne Turbo,2004,"92,500 mi.",Gasoline,Silver,Black,None reported,Yes,"$12,000",4.5,8.0,Other
380,Lexus,LS 460 L,2014,"106,731 mi.",Gasoline,White,Beige,At least 1 accident or damage reported,Yes,"$30,000",4.6,8.0,Automatic
381,RAM,1500 Laramie,2021,"38,012 mi.",Gasoline,Delmonico Red Pearlcoat,Black,None reported,Yes,"$45,277",5.7,8.0,Automatic
382,Ford,Expedition Max XLT,2020,"67,072 mi.",Gasoline,Purple,Black,None reported,Yes,"$38,500",3.5,6.0,Automatic
383,Audi,S8 4.0T quattro,2023,"4,457 mi.",Gasoline,Mythos Black Metallic,Black,None reported,,"$107,900",4.0,8.0,Automatic
384,GMC,Sierra 2500 Base,2019,"58,000 mi.",E85 Flex Fuel,Silver,Beige,None reported,Yes,"$36,500",6.0,8.0,Automatic
385,Toyota,Camry XSE,2022,"19,361 mi.",Gasoline,Red,Black,None reported,,"$38,298",3.5,,Automatic
386,Subaru,Crosstrek 2.0i Limited,2018,"84,054 mi.",Gasoline,Gray,Black,None reported,Yes,"$21,499",2.0,4.0,Other
387,Mitsubishi,Lancer Evolution GSR,2012,"33,000 mi.",Gasoline,Black,Black,None reported,Yes,"$34,999",2.0,4.0,Manual
388,Toyota,Supra 3.0 Premium,2021,"12,500 mi.",Gasoline,Yellow,Black,None reported,Yes,"$53,500",3.0,6.0,Automatic
389,Audi,TT 2.0T,2018,"42,650 mi.",Gasoline,Gray,Black,None reported,Yes,"$31,990",2.0,4.0,Other
390,Subaru,Forester 2.5 XT,2004,"122,000 mi.",Gasoline,Gold,Black,At least 1 accident or damage reported,Yes,"$9,999",2.5,4.0,Manual
391,Kia,Niro EV EX,2022,"20,000 mi.",,Silver,Black,None reported,Yes,"$29,998",,,Automatic
392,Hyundai,Sonata SE,2013,"43,903 mi.",Gasoline,Red,Black,At least 1 accident or damage reported,Yes,"$12,500",2.4,4.0,Automatic
393,Subaru,Baja Base,2003,"71,000 mi.",Gasoline,Red,Black,None reported,Yes,"$14,900",2.5,4.0,Manual
394,Honda,CR-V LX,2004,"176,261 mi.",Gasoline,Gray,Gray,None reported,Yes,"$3,750",2.4,4.0,Manual
395,Audi,Q5 2.0T Premium Plus,2019,"24,500 mi.",Gasoline,Black,–,None reported,Yes,"$31,000",2.0,4.0,Automatic
396,Hyundai,Sonata Sport,2017,"84,129 mi.",Gasoline,Phantom Black,Graphite,None reported,,"$14,599",2.4,4.0,Automatic
397,Land,Rover Range Rover 3.0L V6 Supercharged HSE,2019,"49,208 mi.",Gasoline,Black,Black,None reported,Yes,"$62,425",3.0,6.0,Other
398,Mazda,CX-9 Grand Touring,2010,"155,000 mi.",Gasoline,Silver,Black,None reported,Yes,"$8,300",3.7,6.0,Automatic
399,Hyundai,Kona EV SEL,2022,"9,400 mi.",,Red,Black,None reported,Yes,"$31,999",,,Automatic
400,Land,Rover Range Rover Sport Supercharged,2014,"125,000 mi.",E85 Flex Fuel,White,Brown,At least 1 accident or damage reported,Yes,"$22,500",5.0,8.0,Automatic
401,Mercedes-Benz,G-Class G 550 4MATIC,2016,"96,000 mi.",Gasoline,Blue,Brown,None reported,Yes,"$65,000",4.0,8.0,Automatic
402,Jaguar,F-PACE SVR,2020,"38,800 mi.",Gasoline,Black,Black,None reported,Yes,"$57,500",5.0,8.0,Other
403,BMW,435 i,2014,"86,500 mi.",Gasoline,Silver,Black,None reported,Yes,"$20,900",3.0,6.0,Automatic
404,Dodge,Durango R/T,2016,"135,000 mi.",Gasoline,Black,Black,None reported,Yes,"$20,000",5.7,8.0,Automatic
405,Ford,Edge SEL,2021,"17,836 mi.",Gasoline,Silver,Ebony,None reported,Yes,"$31,933",2.0,4.0,Automatic
406,Buick,Regal Turbo - Premium 1,2012,"190,000 mi.",Gasoline,Beige,Beige,At least 1 accident or damage reported,Yes,"$6,000",2.0,4.0,Automatic
407,RAM,1500 Classic Warlock,2019,"19,000 mi.",E85 Flex Fuel,Diamond Black,Diesel Gray / Black,At least 1 accident or damage reported,,"$33,242",3.6,6.0,Automatic
408,Porsche,Cayman S,2014,"33,088 mi.",Gasoline,Black,Black,None reported,Yes,"$49,750",3.4,6.0,Automatic
409,Audi,A5 2.0T Premium Plus,2015,"82,000 mi.",Gasoline,White,Brown,None reported,Yes,"$17,000",2.0,4.0,Automatic
410,Toyota,Camry SE,2011,"177,702 mi.",Gasoline,Gray,Gray,At least 1 accident or damage reported,Yes,"$7,700",2.5,4.0,Automatic
411,Chevrolet,Camaro 2SS,2015,"27,000 mi.",Gasoline,Black,Beige,None reported,Yes,"$33,000",6.2,8.0,Other
412,Kia,Telluride SX,2022,"26,716 mi.",Gasoline,Dark Moss,Black,None reported,,"$47,541",3.8,,Automatic
413,Chevrolet,Colorado Z85,2005,"155,000 mi.",Gasoline,Blue,Gray,At least 1 accident or damage reported,Yes,"$7,995",3.5,5.0,Automatic
414,Nissan,300ZX Base,1993,"168,000 mi.",–,White,Black,None reported,Yes,"$7,000",,,Manual
415,Ford,F-250 Lariat,2015,"68,749 mi.",Diesel,Gray,Black,None reported,Yes,"$45,000",6.7,8.0,Other
416,Cadillac,CTS 3.6L Luxury,2015,"54,259 mi.",Gasoline,Majestic Plum Metallic,Light Platinum / Jet Black,None reported,Yes,"$19,425",3.6,6.0,Automatic
417,Tesla,Model S 100D,2018,"83,424 mi.",,Gray,Beige,None reported,Yes,"$45,000",,,Automatic
418,Rivian,R1S Adventure Package,2023,655 mi.,,Red,Silver,None reported,Yes,"$94,500",,,Automatic
419,Chevrolet,Tahoe LTZ,2011,"140,401 mi.",E85 Flex Fuel,Red,Beige,At least 1 accident or damage reported,Yes,"$16,000",5.3,8.0,Automatic
420,Ford,F-250 XLT Crew Cab Super Duty,2008,"157,500 mi.",Gasoline,Green,Gray,At least 1 accident or damage reported,Yes,"$15,000",5.4,8.0,Automatic
421,RAM,2500 Big Horn,2021,"45,867 mi.",Gasoline,Billet Silver Metallic Clearcoat,Diesel Gray / Black,None reported,Yes,"$43,449",6.4,8.0,Automatic
422,Ford,Mustang Premium,2007,"169,613 mi.",Gasoline,Black,Black,At least 1 accident or damage reported,Yes,"$5,900",4.0,6.0,Automatic
423,Toyota,Corolla iM Base,2017,"41,932 mi.",Gasoline,Black,Black,None reported,Yes,"$18,700",1.8,4.0,Manual
424,Audi,Q5 2.0T Premium Plus,2019,"50,000 mi.",Gasoline,White,Beige,At least 1 accident or damage reported,Yes,"$27,000",2.0,4.0,Automatic
425,Ford,Expedition Limited,2018,"98,995 mi.",Gasoline,Ingot Silver Metallic,Ebony,None reported,,"$34,998",3.5,,Automatic
426,Alfa,Romeo Stelvio Ti Sport,2019,"39,615 mi.",Gasoline,Vulcano Black Metallic,Red/Black,None reported,,"$28,900",2.0,,Automatic
427,Mercedes-Benz,Maybach S 580 4MATIC,2022,"4,760 mi.",Gasoline,Diamond White,Black,None reported,Yes,"$229,000",4.0,8.0,Automatic
428,Kia,Optima SX Turbo,2017,"103,338 mi.",Gasoline,Remington Red Metallic,Black,At least 1 accident or damage reported,,"$17,238",2.0,4.0,Automatic
429,Land,Rover Discovery Sport HSE,2016,"49,083 mi.",Gasoline,Indus Silver,Ebony,None reported,,"$21,590",2.0,4.0,Automatic
430,Toyota,4Runner TRD Sport,2023,"11,400 mi.",Gasoline,Green,Black,None reported,Yes,"$46,000",4.0,6.0,Automatic
431,Porsche,Cayenne GTS,2009,"135,606 mi.",Gasoline,Black,Black,None reported,Yes,"$15,000",4.8,8.0,Other
432,Lamborghini,Gallardo SE,2006,"19,500 mi.",Gasoline,Green,Yellow,None reported,Yes,"$129,000",5.0,10.0,Automatic
433,INFINITI,QX80 Base,2015,"136,390 mi.",Gasoline,Black Obsidian,Black,None reported,Yes,"$20,470",5.6,8.0,Automatic
434,Jaguar,E-PACE 300 Sport,2021,"23,600 mi.",Hybrid,Black,Black,None reported,Yes,"$42,999",2.0,4.0,Automatic
435,GMC,Sierra 1500 SLE Crew Cab,2005,"131,800 mi.",Gasoline,Silver,Gray,At least 1 accident or damage reported,Yes,"$5,800",5.3,8.0,Automatic
436,BMW,M3 Base,2008,"133,500 mi.",Gasoline,Gray,Black,None reported,Yes,"$18,500",4.0,8.0,Manual
437,Chevrolet,Corvette Base,1998,"152,195 mi.",Gasoline,Black,Black,None reported,Yes,"$9,900",5.7,8.0,Automatic
438,Audi,A5 2.0T Premium Plus,2019,"47,523 mi.",Gasoline,Black,Black,None reported,Yes,"$31,000",2.0,4.0,Other
439,Jaguar,XK8 Base,1997,"50,000 mi.",Gasoline,White,Beige,None reported,Yes,"$6,000",4.0,8.0,Automatic
440,Audi,A7 Premium,2012,"54,000 mi.",Gasoline,Black,Brown,At least 1 accident or damage reported,Yes,"$36,880",3.0,6.0,Automatic
441,Ford,F-250 XLT,2010,"52,246 mi.",Diesel,Tan,Medium Stone,None reported,Yes,"$26,095",6.4,8.0,Manual
442,Ford,Mustang Mach-E GT,2022,"8,000 mi.",,Blue,Black,None reported,Yes,"$60,999",,,Automatic
443,Chevrolet,Avalanche LTZ,2013,"98,000 mi.",E85 Flex Fuel,Silver,Black,At least 1 accident or damage reported,Yes,"$27,499",5.3,8.0,Automatic
444,Tesla,Model 3 Base,2022,"12,080 mi.",,Black,Black,None reported,Yes,"$36,750",,,Automatic
445,Chevrolet,Bolt EV LT,2018,"49,279 mi.",,Red,Gray,None reported,Yes,"$17,500",,,Automatic
446,BMW,M5 Base,2006,"106,000 mi.",Gasoline,Black,Black,None reported,Yes,"$19,500",5.0,10.0,Other
447,Tesla,Model Y Performance,2022,"24,115 mi.",,Gray,White,None reported,Yes,"$46,500",,,Automatic
448,Audi,RS 4 4.2 quattro L,2008,"146,500 mi.",Gasoline,Red,Black,At least 1 accident or damage reported,Yes,"$30,000",4.2,8.0,Manual
449,Porsche,911 Carrera S,2013,"18,494 mi.",Gasoline,Black,Black,,,"$86,900",3.8,6.0,Manual
450,BMW,X5 xDrive50i,2016,"75,479 mi.",Gasoline,Silver,Black,None reported,Yes,"$27,899",4.4,8.0,Other
451,BMW,M3 Base,2011,"129,999 mi.",Gasoline,White,Black,None reported,Yes,"$29,999",4.0,8.0,Manual
452,Lexus,GX 470 Base,2004,"154,000 mi.",Gasoline,White,Beige,At least 1 accident or damage reported,Yes,"$10,000",4.7,8.0,Automatic
453,Mercedes-Benz,EQS 450+ Base,2022,"16,238 mi.",,White,Beige,None reported,Yes,"$62,479",,,Automatic
454,GMC,Acadia SLE,2020,"58,000 mi.",Gasoline,Black,Black,None reported,Yes,"$27,700",3.6,6.0,Automatic
455,Lincoln,MKC Reserve,2016,"100,000 mi.",Gasoline,White,White,None reported,Yes,"$24,000",2.0,4.0,Other
456,Lincoln,Navigator L Select,2016,"115,600 mi.",Gasoline,Black,Black,None reported,Yes,"$22,500",3.5,6.0,Automatic
457,Toyota,C-HR LE,2021,"13,180 mi.",Gasoline,–,–,None reported,,"$23,998",2.0,,Other
458,Ford,Excursion Limited Ultimate,2002,"137,000 mi.",Diesel,Gold,Gold,None reported,Yes,"$15,000",7.3,8.0,Automatic
459,Mercedes-Benz,AMG GLS 63 4MATIC,2023,"2,000 mi.",Hybrid,Gray,Beige,None reported,Yes,"$175,000",4.0,8.0,Automatic
460,Maserati,Levante GTS,2021,"19,513 mi.",Gasoline,Black,Red / Black,At least 1 accident or damage reported,Yes,"$84,645",3.8,8.0,Automatic
461,Land,Rover Discovery HSE LUXURY,2017,"57,918 mi.",Gasoline,Gray,Gray,None reported,Yes,"$33,500",3.0,6.0,Other
462,Chevrolet,Monte Carlo SS,2006,"66,840 mi.",Gasoline,White,Gray,At least 1 accident or damage reported,Yes,"$12,000",5.3,8.0,Automatic
463,Porsche,911 Carrera C4S,2006,"65,000 mi.",Gasoline,Blue,Gray,,,"$43,000",3.8,6.0,Manual
464,BMW,M3 Base,2012,"7,982 mi.",Gasoline,Silver,Red,,,"$51,900",4.0,8.0,Automatic
465,BMW,X5 M Base,2012,"118,000 mi.",Gasoline,White,Orange,At least 1 accident or damage reported,Yes,"$17,000",4.4,8.0,Other
466,Mercedes-Benz,Metris Base,2018,"32,000 mi.",Gasoline,Black,Black,None reported,Yes,"$44,900",2.0,4.0,Other
467,Mercedes-Benz,AMG GT 63 S 4-Door,2020,"40,000 mi.",Gasoline,Black,Red,None reported,Yes,"$112,500",4.0,8.0,Automatic
468,Chevrolet,Camaro LT1,2022,"7,652 mi.",Gasoline,Blue,Jet Black,None reported,,"$39,998",6.2,,Automatic
469,Chevrolet,Trailblazer SS,2008,"29,586 mi.",Gasoline,White,Black,None reported,Yes,"$47,900",6.0,8.0,Automatic
470,Acura,RDX w/Advance Package,2021,"36,267 mi.",Gasoline,White,Parchment,None reported,,"$39,798",2.0,,Automatic
471,Porsche,Taycan Base,2022,"9,728 mi.",,White,Beige,None reported,Yes,"$89,000",,,Automatic
472,INFINITI,Q50 3.0t Red Sport 400,2018,"51,850 mi.",Gasoline,Black,Black,None reported,Yes,"$28,900",3.0,6.0,Other
473,Ford,Expedition Timberline,2022,"30,301 mi.",Gasoline,Dark Matter Metallic,Deep Cypress,None reported,Yes,"$68,420",3.5,6.0,Automatic
474,Cadillac,Escalade Luxury,2018,"53,450 mi.",Gasoline,White,Beige,None reported,Yes,"$49,999",6.2,8.0,Automatic
475,Lamborghini,Gallardo Base,2007,"38,800 mi.",Gasoline,Orange,Orange,None reported,Yes,"$100,000",5.0,10.0,Other
476,Cadillac,Escalade Premium Luxury,2017,"55,000 mi.",Gasoline,White,Beige,At least 1 accident or damage reported,Yes,"$49,900",6.2,8.0,Automatic
477,Lexus,ES 350 Base,2019,"39,000 mi.",Gasoline,Black,Red,At least 1 accident or damage reported,Yes,"$34,000",3.5,6.0,Other
478,Lotus,Elise Base,2005,"25,250 mi.",Gasoline,Red,Black,,,"$44,000",1.8,4.0,Manual
479,Tesla,Model Y Long Range,2023,"4,786 mi.",,White,White,None reported,Yes,"$48,000",,,Automatic
480,Ford,Transit-350 Base,2023,195 mi.,Gasoline,Blue,Gray,None reported,Yes,"$87,500",3.5,6.0,Automatic
481,Audi,A4 2.0T Premium,2012,"125,000 mi.",Gasoline,Black,Black,None reported,Yes,"$10,500",2.0,4.0,Automatic
482,Audi,A7 3.0T Premium Plus,2018,"29,294 mi.",Gasoline,White,Beige,None reported,Yes,"$39,999",3.0,6.0,Automatic
483,Nissan,Pathfinder S,2020,"41,250 mi.",Gasoline,White,–,None reported,Yes,"$21,865",3.5,6.0,Other
484,Audi,S7 2.9T Prestige,2021,"12,000 mi.",Hybrid,Gray,Black,None reported,Yes,"$77,500",2.9,6.0,Automatic
485,Ford,Mustang Mach-E GT,2023,"9,095 mi.",,Orange,Gray,None reported,Yes,"$59,000",,,Automatic
486,BMW,X5 xDrive35i,2016,"89,000 mi.",Gasoline,Black,Black,None reported,Yes,"$24,000",3.0,6.0,Automatic
487,Mercedes-Benz,C-Class C 300,2017,"59,400 mi.",Gasoline,Black,Black,At least 1 accident or damage reported,Yes,"$21,000",2.0,4.0,Automatic
488,Toyota,Camry XLE,2007,"59,700 mi.",Gasoline,Green,Gray,None reported,Yes,"$9,500",3.5,6.0,Automatic
489,BMW,X1 xDrive28i,2020,"18,200 mi.",Gasoline,White,Beige,At least 1 accident or damage reported,Yes,"$29,500",2.0,4.0,Automatic
490,Cadillac,SRX Luxury Collection,2016,"70,503 mi.",Gasoline,Silver,Beige,None reported,Yes,"$15,500",3.6,6.0,Automatic
491,Porsche,718 Cayman S,2019,"9,500 mi.",Gasoline,Red,Black,At least 1 accident or damage reported,Yes,"$69,000",2.5,4.0,Automatic
492,Ford,Explorer Limited,2018,"86,000 mi.",Gasoline,Black,Black,None reported,Yes,"$26,900",3.5,6.0,Other
493,Tesla,Model 3 Performance,2020,"45,468 mi.",,Silver,White,None reported,Yes,"$45,999",,,Automatic
494,Porsche,Carrera GT Base,2005,"4,400 mi.",Gasoline,Gray,Black,None reported,Yes,"$1,599,000",5.7,10.0,Manual
495,Land,Rover Range Rover Velar P250 S R-Dynamic,2020,"29,500 mi.",Gasoline,Red,White,None reported,Yes,"$45,000",2.0,4.0,Automatic
496,Dodge,Challenger SXT,2022,"29,500 mi.",Gasoline,Gray,Black,None reported,Yes,"$31,000",3.6,6.0,Automatic
497,Chevrolet,Silverado 3500 LTZ,2022,"85,200 mi.",Diesel,Silver,Gray,None reported,Yes,"$67,500",6.6,8.0,Automatic
498,Nissan,Pathfinder Silver,2012,"206,000 mi.",Gasoline,Black,Black,None reported,Yes,"$5,000",4.0,6.0,Other
499,Dodge,Ram 1500 ST,2007,"36,500 mi.",Gasoline,Blue,Gray,None reported,Yes,"$16,000",3.7,6.0,Automatic
500,Ford,F-150 XLT,2021,"51,808 mi.",Gasoline,Silver,Black,None reported,Yes,"$42,388",5.0,8.0,Automatic
501,Cadillac,Escalade EXT Base,2007,"99,000 mi.",Gasoline,Black,Black,None reported,Yes,"$22,999",6.2,8.0,Automatic
502,Chevrolet,Trax LS,2020,"20,800 mi.",Gasoline,Black,Beige,None reported,Yes,"$19,000",1.4,4.0,Automatic
503,Ford,Mustang GT,2016,"36,000 mi.",Gasoline,Orange,Black,At least 1 accident or damage reported,Yes,"$31,000",5.0,8.0,Manual
504,BMW,328 i,2014,"84,709 mi.",Gasoline,Silver,Gray,None reported,Yes,"$13,800",2.0,4.0,Automatic
505,Porsche,Cayenne S,2012,"126,000 mi.",Gasoline,Silver,Gray,None reported,Yes,"$17,999",4.8,8.0,Other
506,Volkswagen,GTI Base,2008,"95,798 mi.",Gasoline,White,Black,None reported,Yes,"$9,850",2.0,4.0,Manual
507,Tesla,Model S 85D,2015,"67,647 mi.",,Blue,Beige,None reported,Yes,"$28,000",,,Automatic
508,Mercedes-Benz,CLK-Class 500 Cabriolet,2005,"64,000 mi.",Gasoline,Silver,Black,None reported,Yes,"$12,995",5.0,8.0,Automatic
509,Chevrolet,Equinox LT,2011,"130,000 mi.",Gasoline,Brown,Black,At least 1 accident or damage reported,Yes,"$7,000",3.0,6.0,Automatic
510,Chevrolet,Camaro 2SS,2016,"49,600 mi.",Gasoline,Blue,Black,None reported,Yes,"$32,500",6.2,8.0,Automatic
511,Audi,S4 3.0T Premium Plus,2013,"139,355 mi.",Gasoline,Black,Black,None reported,Yes,"$20,900",3.0,6.0,Automatic
512,Lexus,GX 460 Base,2018,"65,900 mi.",Gasoline,Gray,Black,At least 1 accident or damage reported,Yes,"$34,700",4.6,8.0,Other
513,Volkswagen,ID.4 Pro S,2023,"16,800 mi.",,Gray,Black,None reported,Yes,"$45,000",,,Automatic
514,Toyota,Prius Two,2014,"80,354 mi.",Hybrid,Red,Gray,At least 1 accident or damage reported,Yes,"$13,310",1.8,4.0,Automatic
515,Chevrolet,Sonic LT,2013,"110,000 mi.",–,Gray,Black,None reported,Yes,"$7,500",,,Automatic
516,Chevrolet,Corvette Stingray w/3LT,2023,"9,000 mi.",Gasoline,Blue,Black,None reported,Yes,"$92,000",6.2,8.0,Automatic
517,Toyota,Sienna XSE 25th Anniversary,2023,500 mi.,Hybrid,White,Black,None reported,Yes,"$59,500",2.5,4.0,Automatic
518,Rolls-Royce,Cullinan,2022,"3,420 mi.",Gasoline,Red,Black,None reported,Yes,"$399,950",6.7,12.0,Automatic
519,Mercedes-Benz,AMG E 63 S 4MATIC,2019,"12,985 mi.",Gasoline,Gray,Black,At least 1 accident or damage reported,Yes,"$96,000",4.0,8.0,Automatic
520,Ford,Transit Connect XLT,2010,"72,000 mi.",Gasoline,White,Gray,At least 1 accident or damage reported,Yes,"$10,900",2.0,4.0,Automatic
521,Subaru,Crosstrek 2.0i Limited,2018,"74,600 mi.",Gasoline,Blue,Black,None reported,Yes,"$24,000",2.0,4.0,Other
522,Ford,Mustang GT Premium,2014,"37,060 mi.",Gasoline,Black,Black,None reported,Yes,"$28,500",5.0,8.0,Manual
523,Lamborghini,Huracan Tecnica Coupe,2023,255 mi.,Gasoline,BLU ELEOS,Nero Ade,None reported,,"$359,991",5.2,,Automatic
524,BMW,M235 i,2014,"125,450 mi.",Gasoline,Blue,Black,None reported,Yes,"$17,200",3.0,6.0,Manual
525,Dodge,Charger R/T,2006,"91,300 mi.",Gasoline,Yellow,–,None reported,Yes,"$9,200",5.7,8.0,Automatic
526,Mazda,CX-30 2.5 S Select Package,2022,"4,004 mi.",Gasoline,Black,Black,None reported,Yes,"$25,500",2.5,4.0,Automatic
527,Mercedes-Benz,SL-Class SL 550,2013,"130,000 mi.",Gasoline,Gray,Beige,At least 1 accident or damage reported,Yes,"$26,900",4.6,8.0,Automatic
528,Kia,Telluride S,2023,"6,423 mi.",Gasoline,Gray,Black,None reported,Yes,"$42,500",3.8,6.0,Automatic
529,Mercedes-Benz,S-Class S 550,2016,"78,101 mi.",Gasoline,Black,Black,None reported,Yes,"$34,500",4.7,8.0,Automatic
530,Toyota,Avalon Limited,2008,"111,300 mi.",Gasoline,Gold,Beige,None reported,Yes,"$7,900",3.5,6.0,Other
531,Nissan,Murano SL,2010,"138,700 mi.",Gasoline,Gray,Black,At least 1 accident or damage reported,Yes,"$7,000",3.5,6.0,Other
532,Porsche,Panamera 4,2018,"24,882 mi.",Gasoline,White,Black,None reported,Yes,"$59,800",3.0,6.0,Other
533,Mercedes-Benz,SL-Class SL400,2015,"36,670 mi.",Gasoline,White,Tan,None reported,,"$39,998",3.0,,Automatic
534,Porsche,Cayenne E-Hybrid S,2016,"96,000 mi.",Plug-In Hybrid,White,Red,At least 1 accident or damage reported,Yes,"$23,000",3.0,6.0,Other
535,Dodge,Challenger SRT 392,2016,"37,700 mi.",–,Black,Black,At least 1 accident or damage reported,Yes,"$38,000",,,Automatic
536,Toyota,bZ4X Limited,2023,"6,548 mi.",,Wind Chill Pearl,Black,None reported,,"$41,999",,,Automatic
537,Subaru,Legacy 2.5i Premium,2015,"68,860 mi.",Gasoline,Silver,Beige,At least 1 accident or damage reported,Yes,"$15,000",2.5,4.0,Other
538,Dodge,Durango GT,2017,"34,845 mi.",Gasoline,White,Black,At least 1 accident or damage reported,Yes,"$30,000",3.6,6.0,Automatic
539,Toyota,Yaris Base,2010,"138,071 mi.",Gasoline,Red,Gray,None reported,Yes,"$5,000",1.5,4.0,Manual
540,Hummer,H3 Base,2006,"118,000 mi.",Gasoline,Gray,Black,None reported,Yes,"$17,900",3.5,5.0,Automatic
541,Buick,Rainier CXL,2005,"147,589 mi.",Gasoline,White,Beige,At least 1 accident or damage reported,Yes,"$2,800",4.2,6.0,Automatic
542,Pontiac,Firebird Base,2001,"111,000 mi.",Gasoline,White,Gray,None reported,Yes,"$11,000",3.8,6.0,Automatic
543,Volkswagen,CC 2.0T Sport,2016,"76,495 mi.",Gasoline,White,Black,At least 1 accident or damage reported,Yes,"$13,000",2.0,4.0,Automatic
544,Jaguar,F-PACE S,2020,"28,357 mi.",Gasoline,Santorini Black Metallic,Pimento Red w/Ebony,None reported,,"$47,598",3.0,,Automatic
545,Chevrolet,Corvette Stingray w/1LT,2022,"6,200 mi.",Gasoline,Brown,Black,None reported,Yes,"$99,999",6.2,8.0,Other
546,Acura,Integra LS,1998,"120,000 mi.",Gasoline,Red,–,At least 1 accident or damage reported,Yes,"$5,500",1.8,4.0,Automatic
547,Mercedes-Benz,AMG C 43 Base 4MATIC,2018,"28,800 mi.",Gasoline,Silver,Black,None reported,Yes,"$48,000",3.0,6.0,Automatic
548,Buick,Encore Preferred,2019,"50,000 mi.",Gasoline,White,Black,None reported,Yes,"$18,795",1.4,4.0,Automatic
549,Ford,GT,2005,"1,897 mi.",Gasoline,White,–,None reported,,"$429,998",5.4,,Manual
550,Maserati,GranTurismo Sport,2015,"32,000 mi.",Gasoline,Beige,Brown,None reported,Yes,"$36,000",4.7,8.0,Automatic
551,Subaru,Impreza WRX,2008,"148,740 mi.",Gasoline,Black,Black,At least 1 accident or damage reported,Yes,"$14,500",2.5,4.0,Manual
552,Ford,Mustang Mach-E Premium,2021,"17,850 mi.",,Red,Black,None reported,Yes,"$41,999",,,Automatic
553,Nissan,Kicks S,2022,"15,577 mi.",Gasoline,Electric Blue Metallic,Charcoal,None reported,,"$19,599",1.6,4.0,Automatic
554,Mercedes-Benz,AMG GT AMG GT,2017,"19,324 mi.",Gasoline,Gray,Beige,None reported,Yes,"$75,000",4.0,8.0,Other
555,Chevrolet,Express 2500 Work Van,2012,"140,500 mi.",E85 Flex Fuel,White,Gray,None reported,Yes,"$11,800",6.0,8.0,Automatic
556,Audi,SQ5 3.0T Prestige,2019,"48,500 mi.",Gasoline,Gray,Black,At least 1 accident or damage reported,Yes,"$43,500",3.0,6.0,Other
557,Hummer,H2 Base,2003,"179,400 mi.",Gasoline,White,Brown,At least 1 accident or damage reported,Yes,"$15,000",6.0,8.0,Automatic
558,Volvo,XC90 3.2,2008,"196,000 mi.",Gasoline,Black,Beige,None reported,Yes,"$6,499",3.2,6.0,Automatic
559,BMW,M3 CS,2024,456 mi.,Gasoline,Black,Black,None reported,Yes,"$128,995",3.0,6.0,Other
560,Audi,A3 2.0T Tech Premium,2018,"49,500 mi.",Gasoline,Blue,Gray,None reported,Yes,"$25,000",2.0,4.0,Automatic
561,Audi,RS 7 4.0T Prestige,2014,"66,150 mi.",Gasoline,White,Black,At least 1 accident or damage reported,Yes,"$47,995",4.0,8.0,Automatic
562,Porsche,Panamera Base,2018,"61,000 mi.",Gasoline,Gray,Gray,None reported,Yes,"$57,500",3.0,6.0,Other
563,Mercedes-Benz,GLS 550 Base 4MATIC,2018,"74,422 mi.",Gasoline,Obsidian Black Metallic,Gray,None reported,,"$44,798",4.7,,Automatic
564,BMW,750 i,2008,"94,653 mi.",Gasoline,Green,Green,At least 1 accident or damage reported,Yes,"$7,300",4.8,8.0,Automatic
565,Hyundai,Santa Fe SE,2022,"13,610 mi.",Gasoline,Stormy Sea,Black,None reported,,"$27,450",2.5,4.0,Automatic
566,Audi,S3 2.0T Premium Plus,2017,"84,000 mi.",Gasoline,Blue,Black,None reported,Yes,"$31,000",2.0,4.0,Automatic
567,Chevrolet,Corvette Z06,2007,"11,025 mi.",Gasoline,Orange,Black,None reported,Yes,"$47,500",7.0,8.0,Manual
568,Volkswagen,Golf R 4-Door w/DCC & Navigation,2018,"36,000 mi.",Gasoline,White,Black,At least 1 accident or damage reported,Yes,"$32,000",2.0,4.0,Automatic
569,Chevrolet,Blazer 1LT,2019,"37,161 mi.",Gasoline,Nightfall Gray Metallic,Jet Black,None reported,Yes,"$26,990",2.5,4.0,Automatic
570,Lexus,ES 250 Base,2021,"17,570 mi.",Gasoline,Emin White,Black,None reported,,"$39,998",2.5,,Automatic
571,Chevrolet,Silverado 2500 LTZ,2016,"172,600 mi.",Diesel,Red,Black,At least 1 accident or damage reported,Yes,"$32,500",6.6,8.0,Automatic
572,Toyota,Avalon XLS,2004,"90,625 mi.",Gasoline,Gray,Gray,None reported,Yes,"$5,500",3.0,6.0,Automatic
573,Land,Rover LR4 HSE LUX Landmark Edition,2016,"63,300 mi.",Gasoline,White,Brown,None reported,Yes,"$31,000",3.0,6.0,Automatic
574,GMC,Yukon SLT,2015,"142,792 mi.",Gasoline,White,Brown,None reported,Yes,"$22,999",5.3,8.0,Automatic
575,Ford,F-250 XL,2014,"35,900 mi.",E85 Flex Fuel,Blue,Gray,At least 1 accident or damage reported,Yes,"$27,900",6.2,8.0,Other
576,Audi,S5 3.0T Prestige,2021,"13,566 mi.",Gasoline,Daytona Gray Pearl Effect,Magma Red,None reported,,"$57,900",3.0,,Automatic
577,Nissan,Titan SV,2021,"7,250 mi.",Gasoline,Black,Black,None reported,Yes,"$38,000",5.6,8.0,Automatic
578,Toyota,Tundra 1794,2020,"67,400 mi.",Gasoline,Black,Brown,None reported,Yes,"$47,500",5.7,8.0,Automatic
579,Mazda,CX-9 Grand Touring,2021,"46,707 mi.",Gasoline,Sonic Silver Metallic,Black,At least 1 accident or damage reported,Yes,"$32,541",2.5,4.0,Automatic
580,Rolls-Royce,Ghost Base,2021,850 mi.,Gasoline,White,White,None reported,Yes,"$314,900",6.7,12.0,Automatic
581,Hummer,H2 Base,2003,"109,000 mi.",Gasoline,Beige,Beige,None reported,Yes,"$17,500",6.0,8.0,Automatic
582,Volkswagen,Golf GTI 2.0T SE 4-Door,2019,"33,000 mi.",Gasoline,Black,Black,None reported,Yes,"$27,500",2.0,4.0,Manual
583,Audi,Q5 2.0T Premium Plus,2017,"81,880 mi.",E85 Flex Fuel,Mythos Black Metallic,Black,None reported,Yes,"$21,375",2.0,4.0,Automatic
584,GMC,Sierra 1500 SLE1 Extended Cab,2008,"187,000 mi.",–,Red,Gray,At least 1 accident or damage reported,Yes,"$6,100",,,Automatic
585,Chevrolet,Silverado 1500 Limited Custom,2022,"30,455 mi.",Gasoline,Summit White,Jet Black,None reported,,"$37,698",2.7,,Automatic
586,Dodge,Challenger SRT Hellcat,2015,"1,800 mi.",Gasoline,Green,Black,None reported,Yes,"$64,990",6.2,8.0,Automatic
587,Kia,Niro EX,2023,"7,578 mi.",Hybrid,Snow White Pearl,Charcoal,None reported,,"$31,113",1.6,4.0,Automatic
588,Ford,Bronco Outer Banks,2023,"1,800 mi.",Gasoline,Gray,Blue,,,"$54,900",2.3,4.0,Automatic
589,Toyota,4Runner Venture Special Edition,2021,"28,567 mi.",Gasoline,–,Black/Graphite,None reported,,"$44,775",4.0,,Automatic
590,Chevrolet,Camaro 2LT,2015,"56,675 mi.",Gasoline,Silver,Black,None reported,Yes,"$19,750",3.6,6.0,Other
591,Ford,F-350 Lariat,2018,"66,281 mi.",Diesel,Gray,Black,None reported,Yes,"$63,500",6.7,8.0,Other
592,BMW,750 Li,2007,"114,528 mi.",Gasoline,Black,Black,None reported,Yes,"$9,000",4.8,8.0,Automatic
593,Mercedes-Benz,G-Class G 550 4MATIC,2016,"51,354 mi.",Gasoline,Blue,Black,None reported,Yes,"$73,000",4.0,8.0,Automatic
594,Mercedes-Benz,E-Class E 350,2012,"82,046 mi.",Gasoline,Black,Beige,None reported,Yes,"$13,999",3.5,6.0,Automatic
595,Dodge,Challenger R/T Scat Pack,2022,"1,240 mi.",Gasoline,Go Mango!,Black,None reported,,"$53,900",6.4,8.0,Automatic
596,Mercedes-Benz,SLK-Class SLK 350,2015,"16,000 mi.",Gasoline,White,Red,At least 1 accident or damage reported,Yes,"$30,500",3.5,6.0,Automatic
597,BMW,X6 M Base,2023,"7,000 mi.",Gasoline,Gray,Gray,None reported,Yes,"$144,900",4.4,8.0,Other
598,Ford,Bronco Sport Big Bend,2021,"31,729 mi.",Gasoline,Maroon,Medium Dark Slate,At least 1 accident or damage reported,Yes,"$29,614",1.5,3.0,Automatic
599,Ford,F-150 XLT SuperCab,2010,"232,000 mi.",Gasoline,Blue,Gray,None reported,Yes,"$3,000",4.6,8.0,Automatic
600,Subaru,Outback Touring XT,2021,"33,500 mi.",Gasoline,Blue,Brown,None reported,Yes,"$34,000",2.4,4.0,Other
601,Ford,F-150 XLT,2012,"207,100 mi.",Gasoline,Black,Gray,At least 1 accident or damage reported,Yes,"$15,000",3.5,6.0,Automatic
602,RAM,3500 SLT,2017,"157,272 mi.",Diesel,White,Gray,At least 1 accident or damage reported,Yes,"$32,999",6.7,6.0,Automatic
603,Lexus,LS 460 Base,2008,"100,868 mi.",Gasoline,Black,Beige,None reported,Yes,"$15,397",4.6,8.0,Automatic
604,Chevrolet,SSR Base,2005,"122,961 mi.",Gasoline,Redline Red,Ebony,None reported,Yes,"$20,995",6.0,8.0,Automatic
605,Land,Rover Discovery Sport SE R-Dynamic,2020,"21,240 mi.",Gasoline,White,Black,None reported,,"$37,998",2.0,,Automatic
606,Toyota,Land Cruiser Base,1993,"231,500 mi.",–,White,Gray,None reported,Yes,"$29,500",,,Automatic
607,Mazda,CX-30 Premium Package,2023,"2,636 mi.",Gasoline,Platinum Quartz Metallic,Black,None reported,,"$28,535",2.5,4.0,Automatic
608,Lexus,GX 470 Base,2006,"152,000 mi.",Gasoline,Blue,Gray,At least 1 accident or damage reported,Yes,"$13,995",4.7,8.0,Automatic
609,Cadillac,Escalade Premium Luxury Platinum,2021,"15,350 mi.",Gasoline,Black,Black,None reported,Yes,"$93,500",6.2,8.0,Automatic
610,Ford,Mustang Mach-E California Route 1,2021,"24,000 mi.",,White,Black,None reported,Yes,"$38,000",,,Automatic
611,Porsche,Panamera S,2012,"49,000 mi.",Gasoline,White,Black,,,"$41,500",4.8,8.0,Automatic
612,Mazda,Mazda6 Touring,2020,"78,700 mi.",Gasoline,White,Black,None reported,Yes,"$18,000",2.5,4.0,Automatic
613,Chevrolet,S-10 LS Crew Cab,2001,"139,000 mi.",Gasoline,Red,Gray,None reported,Yes,"$7,000",4.3,6.0,Automatic
614,Nissan,370Z NISMO Tech,2016,"42,600 mi.",Gasoline,Red,Black,At least 1 accident or damage reported,Yes,"$31,950",3.7,6.0,Automatic
615,Chevrolet,Avalanche 1500 LS,2005,"97,146 mi.",E85 Flex Fuel,Black,Gray,At least 1 accident or damage reported,Yes,"$7,999",5.3,8.0,Other
616,Audi,A5 2.0T Premium,2018,"53,000 mi.",Gasoline,White,Brown,At least 1 accident or damage reported,Yes,"$28,000",2.0,4.0,Automatic
617,Chevrolet,Suburban Premier,2018,"84,224 mi.",Gasoline,Tungsten Metallic,Jet Black,None reported,Yes,"$43,775",5.3,8.0,Automatic
618,Mercedes-Benz,GL-Class GL 550 4MATIC,2016,"46,102 mi.",Gasoline,Black,Beige,None reported,Yes,"$35,300",4.7,8.0,Automatic
619,Honda,S2000 Base,2001,"119,900 mi.",Gasoline,Black,Red,At least 1 accident or damage reported,Yes,"$18,000",2.0,4.0,Manual
620,Jaguar,F-PACE S,2023,"4,624 mi.",Gasoline,Santorin Black,Black,None reported,,"$56,998",2.0,,Automatic
621,Audi,S3 2.0T Premium Plus,2015,"78,124 mi.",Gasoline,Blue,Black,None reported,Yes,"$21,500",2.0,4.0,Automatic
622,Tesla,Model S 100D,2017,"38,957 mi.",,Silver,Beige,None reported,Yes,"$46,750",,,Automatic
623,Subaru,Impreza 2.0i,2018,"93,000 mi.",Gasoline,Silver,Black,At least 1 accident or damage reported,Yes,"$16,000",2.0,4.0,Other
624,Ford,Ranger Sport SuperCab,2009,"166,200 mi.",Gasoline,Blue,Gray,At least 1 accident or damage reported,Yes,"$6,999",4.0,6.0,Automatic
625,Mazda,CX-50 2.5 Turbo Premium Package,2023,"16,200 mi.",Gasoline,Blue,Beige,None reported,Yes,"$36,900",2.5,4.0,Automatic
626,Jeep,Wrangler Unlimited Sahara,2020,"76,313 mi.",Gasoline,Hellayella Clearcoat,Black,None reported,Yes,"$35,234",2.0,4.0,Automatic
627,Jeep,Grand Cherokee Laredo,2011,"118,000 mi.",Gasoline,Gold,Black,At least 1 accident or damage reported,Yes,"$12,500",5.7,8.0,Automatic
628,MINI,Countryman Cooper S,2019,"18,997 mi.",Gasoline,Red,Black,None reported,Yes,"$26,750",2.0,4.0,Other
629,Toyota,RAV4 Hybrid XLE,2019,"54,000 mi.",Hybrid,Gray,Gray,None reported,Yes,"$33,000",2.5,4.0,Other
630,Audi,Q4 e-tron 50 Premium Plus,2022,250 mi.,,Gray,Black,None reported,Yes,"$52,000",,,Automatic
631,Audi,A5 2.0T Premium Plus,2012,"77,000 mi.",Gasoline,White,Black,None reported,Yes,"$13,800",2.0,4.0,Automatic
632,Ford,Escape SE,2017,"71,924 mi.",Gasoline,Beige,Beige,None reported,Yes,"$13,700",1.5,4.0,Automatic
633,Lexus,GX 470 Base,2007,"116,600 mi.",Gasoline,White,Gray,None reported,Yes,"$19,975",4.7,8.0,Automatic
634,Acura,MDX 3.5L w/Advance & Entertainment Pkgs,2017,"79,884 mi.",Gasoline,Gray,Graystone,At least 1 accident or damage reported,,"$24,840",3.5,6.0,Automatic
635,Lexus,RX 350 F Sport Performance,2020,"53,750 mi.",Gasoline,Black,Red,None reported,Yes,"$32,600",3.5,6.0,Automatic
636,Mazda,CX-30 Premium Package,2021,"45,303 mi.",Gasoline,Snowflake White Pearl,White / Brown,None reported,,"$25,382",2.5,4.0,Automatic
637,Ferrari,FF Base,2016,"19,987 mi.",Gasoline,Black,Brown,None reported,Yes,"$149,900",6.3,12.0,Automatic
638,Honda,Crosstour EX-L,2012,"90,742 mi.",Gasoline,Gray,Gray,None reported,Yes,"$12,980",2.4,4.0,Automatic
639,BMW,428 i xDrive,2015,"125,000 mi.",Gasoline,White,Black,None reported,Yes,"$15,000",2.0,4.0,Automatic
640,Mercedes-Benz,E-Class E 300 4MATIC,2018,"53,705 mi.",Gasoline,Black,Black,At least 1 accident or damage reported,Yes,"$25,900",2.0,4.0,Automatic
641,Lexus,LC 500 Base,2020,"37,869 mi.",Gasoline,Atomic Silver,Rioja Red,None reported,,"$75,950",5.0,8.0,Automatic
642,Porsche,911 Turbo S,2019,"22,000 mi.",Gasoline,White,Beige,None reported,Yes,"$174,900",3.8,6.0,Automatic
643,BMW,X6 M Base,2021,"11,102 mi.",Gasoline,Black,Black,None reported,Yes,"$101,000",4.4,8.0,Automatic
644,Lincoln,Corsair Grand Touring,2021,"1,850 mi.",Plug-In Hybrid,Silver,Beige,None reported,Yes,"$49,000",2.5,4.0,Other
645,Subaru,WRX Limited,2015,"76,000 mi.",Gasoline,Blue,Black,None reported,Yes,"$21,000",2.0,4.0,Manual
646,Ford,Explorer ST,2022,"10,500 mi.",Gasoline,Black,Black,,,"$50,000",3.0,6.0,Other
647,Toyota,Celica GT,2001,"122,000 mi.",Gasoline,Blue,Gray,None reported,Yes,"$7,800",1.8,4.0,Manual
648,BMW,X6 xDrive40i,2021,"72,903 mi.",Hybrid,Black Sapphire Metallic,Black,At least 1 accident or damage reported,,"$53,998",3.0,,Other
649,Lamborghini,Aventador LP700-4,2016,"3,254 mi.",Gasoline,Bianco Isis,Giallo Taurus / Nero Ade,None reported,,"$399,900",6.5,12.0,Automatic
650,GMC,Yukon Denali,2019,"36,526 mi.",Gasoline,Red,Black,None reported,Yes,"$57,850",6.2,8.0,Automatic
651,Mercedes-Benz,E-Class E 400,2015,"30,300 mi.",Gasoline,White,Black,At least 1 accident or damage reported,Yes,"$29,000",3.0,6.0,Automatic
652,Porsche,Boxster S,2005,"65,750 mi.",Gasoline,Blue,Gray,None reported,Yes,"$21,750",3.2,6.0,Automatic
653,BMW,M3 Base,2016,"56,235 mi.",Gasoline,Orange,Orange,None reported,Yes,"$50,500",3.0,6.0,Manual
654,Lotus,Evora 2+2,2011,"20,000 mi.",Gasoline,White,Red,None reported,Yes,"$51,000",3.5,6.0,Manual
655,Chevrolet,Tahoe RST,2023,"39,517 mi.",Gasoline,Black,Jet Black,At least 1 accident or damage reported,,"$67,190",5.3,8.0,Automatic
656,Chrysler,Pacifica Launch Edition,2020,"22,200 mi.",Gasoline,Black,Black,None reported,Yes,"$36,800",3.6,6.0,Automatic
657,Lexus,LC 500 Base,2021,"22,400 mi.",Gasoline,White,Red,None reported,Yes,"$81,900",5.0,8.0,Automatic
658,Bentley,Bentayga S,2023,"2,600 mi.",Gasoline,Beluga Black,Hotspur,None reported,Yes,"$239,995",4.0,8.0,Automatic
659,Mitsubishi,Eclipse Spyder GT,2007,"136,400 mi.",Gasoline,Red,Gray,At least 1 accident or damage reported,Yes,"$6,750",3.8,6.0,Automatic
660,Honda,Pilot Black Edition,2022,"22,564 mi.",Gasoline,Platinum White Pearl,Black,None reported,,"$44,998",3.5,,Automatic
661,Volkswagen,e-Golf SE,2016,"41,615 mi.",,Blue,Gray,None reported,Yes,"$12,000",,,Automatic
662,Ford,Bronco Outer Banks Advanced,2022,"12,000 mi.",Gasoline,Gray,Brown,At least 1 accident or damage reported,Yes,"$65,999",2.7,6.0,Automatic
663,Kia,Seltos S,2023,"5,182 mi.",Gasoline,White,Black,None reported,Yes,"$32,500",2.0,4.0,Automatic
664,Volvo,S80 T6,2009,"97,615 mi.",Gasoline,Black,Gray,None reported,Yes,"$10,500",3.0,6.0,Automatic
665,Ford,F-150 XLT,2019,"44,460 mi.",Gasoline,Red,Gray,None reported,Yes,"$34,500",2.7,6.0,Automatic
666,Chevrolet,Camaro Base,2001,"64,776 mi.",Gasoline,Black,Gray,None reported,Yes,"$7,500",3.8,6.0,Automatic
667,GMC,Acadia SLT-2,2013,"115,000 mi.",Gasoline,White,Brown,None reported,Yes,"$14,000",3.6,6.0,Automatic
668,Lincoln,Navigator Base,2013,"134,000 mi.",E85 Flex Fuel,Red,Black,None reported,Yes,"$21,500",5.4,8.0,Automatic
669,Chevrolet,Suburban High Country,2021,"23,292 mi.",Gasoline,Brown,Black,None reported,Yes,"$73,500",6.2,8.0,Automatic
670,Toyota,4Runner SR5,2018,"32,199 mi.",Gasoline,Silver,Black,None reported,Yes,"$35,500",4.0,6.0,Automatic
671,MINI,Clubman Cooper S ALL4,2017,"79,950 mi.",Gasoline,Blue,Black,None reported,Yes,"$17,390",2.0,4.0,Automatic
672,Audi,A6 3.2 quattro,2008,"202,000 mi.",Gasoline,Blue,Gray,At least 1 accident or damage reported,Yes,"$5,700",3.2,6.0,Automatic
673,Porsche,Cayenne S,2016,"76,200 mi.",Gasoline,Gray,Beige,None reported,Yes,"$42,000",3.6,6.0,Other
674,Land,Rover Range Rover Sport Supercharged HSE,2016,"99,915 mi.",Gasoline,Blue,White,At least 1 accident or damage reported,Yes,"$26,500",3.0,6.0,Automatic
675,Nissan,GT-R Premium,2021,"22,185 mi.",Gasoline,Bayside Blue,Gray,None reported,Yes,"$131,999",3.8,6.0,Automatic
676,Subaru,WRX Limited,2017,"73,120 mi.",Gasoline,White,Black,At least 1 accident or damage reported,Yes,"$19,950",2.0,4.0,Other
677,GMC,Sierra 2500 SLE,2015,"116,210 mi.",E85 Flex Fuel,Black,Beige,None reported,Yes,"$31,900",6.0,8.0,Other
678,Ford,Edge Titanium,2016,"101,387 mi.",Gasoline,Black,Beige,At least 1 accident or damage reported,Yes,"$16,000",2.0,4.0,Automatic
679,Toyota,Camry Solara SLE,2007,"37,216 mi.",Gasoline,Red,Beige,At least 1 accident or damage reported,Yes,"$14,995",3.3,6.0,Automatic
680,Chevrolet,Suburban 1500 LT,2014,"169,500 mi.",E85 Flex Fuel,Purple,Brown,None reported,Yes,"$15,000",5.3,8.0,Automatic
681,Nissan,Leaf SL,2012,"26,930 mi.",,White,Beige,None reported,Yes,"$6,700",,,Automatic
682,MINI,Countryman Cooper,2020,"74,725 mi.",Gasoline,Black,Black,None reported,Yes,"$21,612",1.5,3.0,Automatic
683,Mercedes-Benz,SL-Class SL 550,2014,"127,500 mi.",Gasoline,White,White,None reported,Yes,"$29,000",4.7,8.0,Other
684,Lincoln,Navigator Reserve,2020,"68,000 mi.",Gasoline,Black,Gray,At least 1 accident or damage reported,Yes,"$55,999",3.5,6.0,Automatic
685,Mercury,Marauder Base,2004,"56,600 mi.",Gasoline,Silver,Black,None reported,Yes,"$23,000",4.6,8.0,Other
686,BMW,M240 i,2018,"61,000 mi.",Gasoline,Blue,Black,At least 1 accident or damage reported,Yes,"$34,000",3.0,6.0,Manual
687,Porsche,911 Turbo Cabriolet,2008,"10,900 mi.",Gasoline,Black,Black,None reported,Yes,"$129,000",3.6,6.0,Manual
688,Subaru,Crosstrek 2.0i Premium,2017,"50,011 mi.",Gasoline,Red,Beige,At least 1 accident or damage reported,Yes,"$21,495",2.0,4.0,Automatic
689,Nissan,NV200 S,2019,"52,000 mi.",Gasoline,Black,Gray,At least 1 accident or damage reported,Yes,"$19,500",2.0,4.0,Other
690,Cadillac,ATS 3.6L Luxury,2013,"89,700 mi.",Gasoline,Black,Red,None reported,Yes,"$17,999",3.6,6.0,Automatic
691,Tesla,Model Y Performance,2022,"30,000 mi.",,White,White,None reported,Yes,"$51,999",,,Automatic
692,Mazda,MX-5 Miata Base,1999,"130,000 mi.",Gasoline,Green,Beige,At least 1 accident or damage reported,Yes,"$9,000",1.8,4.0,Automatic
693,Toyota,Camry Hybrid XLE,2018,"69,641 mi.",Hybrid,White,Black,At least 1 accident or damage reported,Yes,"$23,995",2.5,4.0,Other
694,Volkswagen,Atlas 3.6L SEL Premium,2021,"36,311 mi.",Gasoline,Deep Black Pearl Effect,Titan Black / Quarzit,None reported,Yes,"$39,127",3.6,6.0,Automatic
695,Ford,F-250 XLT,2019,"32,268 mi.",E85 Flex Fuel,White,Gray,None reported,Yes,"$46,500",6.2,8.0,Automatic
696,Volvo,XC60 3.2,2012,"102,000 mi.",Gasoline,Blue,Beige,None reported,Yes,"$10,800",3.2,6.0,Automatic
697,Kia,Optima LX,2019,"62,660 mi.",Gasoline,White,Black,None reported,Yes,"$16,500",2.4,4.0,Automatic
698,Mercury,Capri XR2,1993,"120,644 mi.",–,Green,Gray,None reported,Yes,"$4,200",,,Manual
699,Ford,Fusion Hybrid SE,2013,"161,933 mi.",Hybrid,Blue,Charcoal Black,None reported,Yes,"$7,945",2.0,4.0,Automatic
700,Audi,A5 2.0T Premium,2012,"137,273 mi.",Gasoline,White,Beige,None reported,Yes,"$11,000",2.0,4.0,Automatic
701,Audi,S5 3.0T Premium,2021,"18,100 mi.",Gasoline,Gray,Gray,None reported,Yes,"$51,800",3.0,6.0,Automatic
702,BMW,M8 Gran Coupe Competition,2022,"21,057 mi.",Gasoline,Gray,Black,None reported,Yes,"$99,800",4.4,8.0,Other
703,Porsche,Cayman Base,2011,"67,998 mi.",Gasoline,White,Beige,None reported,Yes,"$30,000",2.9,6.0,Manual
704,Tesla,Model X Long Range,2022,"15,443 mi.",,Red,Black,None reported,Yes,"$84,500",,,Automatic
705,Ford,Explorer XLT,2020,"45,000 mi.",Gasoline,Silver,Black,None reported,Yes,"$33,500",2.3,4.0,Automatic
706,Chevrolet,Suburban 1500 LT,2015,"167,500 mi.",Gasoline,Silver,Black,None reported,Yes,"$18,000",5.3,8.0,Automatic
707,Ford,F-350 Lariat,2021,"28,220 mi.",Diesel,Silver,Black,None reported,Yes,"$73,600",6.7,8.0,Automatic
708,Ford,Expedition EL XLT,2017,"182,000 mi.",Gasoline,Black,Black,At least 1 accident or damage reported,Yes,"$16,500",3.5,6.0,Automatic
709,Ford,F-350 Platinum,2022,"23,850 mi.",Diesel,Silver,Black,None reported,Yes,"$99,750",6.7,8.0,Automatic
710,BMW,X7 xDrive40i,2021,"30,309 mi.",Hybrid,Blue,Tan,None reported,,"$63,598",3.0,,Automatic
711,Chevrolet,Suburban Premier,2021,"73,846 mi.",Gasoline,Midnight Blue Metallic,Jet Black,None reported,Yes,"$60,995",5.3,8.0,Automatic
712,Toyota,Prius Touring,2009,"142,500 mi.",Hybrid,Blue,Beige,None reported,Yes,"$6,999",1.5,4.0,Automatic
713,Land,Rover Range Rover Sport 5.0L Supercharged Dynamic,2017,"53,000 mi.",Gasoline,Black,Beige,None reported,Yes,"$47,500",5.0,8.0,Other
714,Toyota,Sequoia Limited,2005,"86,000 mi.",Gasoline,Silver,–,None reported,Yes,"$22,500",4.7,8.0,Automatic
715,Lincoln,MKZ Hybrid Base,2014,"78,568 mi.",Hybrid,Blue,Beige,None reported,Yes,"$15,500",2.0,4.0,Automatic
716,Toyota,Sequoia Limited,2017,"67,000 mi.",E85 Flex Fuel,Silver,Gray,None reported,Yes,"$37,999",5.7,8.0,Automatic
717,Jeep,Grand Cherokee Limited,2017,"80,150 mi.",Gasoline,Blue,Black,At least 1 accident or damage reported,Yes,"$22,500",3.6,6.0,Automatic
718,BMW,X6 xDrive40i,2021,"27,654 mi.",Hybrid,Mineral White,Black,None reported,,"$61,998",3.0,,Automatic
719,Toyota,Tundra SR5 Access Cab,2004,"229,450 mi.",Gasoline,Gray,Gray,None reported,Yes,"$8,250",4.7,8.0,Automatic
720,Hyundai,Palisade SEL,2021,"68,050 mi.",Gasoline,Black,Black,None reported,Yes,"$29,600",3.8,6.0,Automatic
721,Jaguar,XJ8 Base,2004,"134,000 mi.",Gasoline,Black,Beige,At least 1 accident or damage reported,Yes,"$9,500",4.2,8.0,Automatic
722,BMW,X5 xDrive40i,2019,"60,000 mi.",Gasoline,White,Beige,None reported,Yes,"$36,500",3.0,6.0,Automatic
723,Ford,Transit-350 XLT,2019,"115,000 mi.",Gasoline,White,Gray,None reported,Yes,"$39,000",3.5,6.0,Automatic
724,Porsche,911 Carrera Cabriolet,2001,"47,885 mi.",Gasoline,Gray,Black,,,"$31,995",3.4,6.0,Manual
725,Scion,tC Anniversary Edition,2014,"99,999 mi.",Gasoline,White,Black,None reported,Yes,"$10,998",2.5,4.0,Manual
726,Kia,EV6 GT-Line,2022,"22,000 mi.",,Gray,Black,None reported,Yes,"$45,000",,,Automatic
727,Audi,RS 7 4.0T quattro,2023,"3,158 mi.",Gasoline,Daytona Gray Pearl Effect,Black / Express Red,None reported,,"$128,900",4.0,8.0,Automatic
728,Buick,LaCrosse Leather,2014,"125,559 mi.",Gasoline,White,Beige,At least 1 accident or damage reported,Yes,"$11,200",3.6,6.0,Automatic
729,Mercedes-Benz,E-Class E 350,2012,"95,816 mi.",Gasoline,White,Beige,None reported,Yes,"$12,000",3.5,6.0,Automatic
730,Hyundai,Veloster Base,2013,800 mi.,Gasoline,Black,Gray,None reported,Yes,"$9,800",1.6,4.0,Other
731,Ford,Escape SE,2015,"54,357 mi.",Gasoline,White,Gray,None reported,Yes,"$16,250",1.6,4.0,Automatic
732,Mercedes-Benz,AMG E 63 S 4MATIC,2019,"40,000 mi.",Gasoline,Black,Black,At least 1 accident or damage reported,Yes,"$72,000",4.0,8.0,Other
733,Ford,Ranger Lariat,2019,"45,163 mi.",Gasoline,Red,–,None reported,Yes,"$35,690",2.3,4.0,Automatic
734,Chevrolet,Suburban 1500 LT,2015,"153,800 mi.",E85 Flex Fuel,Silver,Black,At least 1 accident or damage reported,Yes,"$23,000",5.3,8.0,Automatic
735,Toyota,Land Cruiser Base,1998,"160,000 mi.",Gasoline,White,Beige,At least 1 accident or damage reported,Yes,"$12,490",4.7,8.0,Automatic
736,Toyota,4Runner Limited,2014,"65,000 mi.",Gasoline,Gray,Red,None reported,Yes,"$27,999",4.0,6.0,Automatic
737,Land,Rover Range Rover Velar P250 SE R-Dynamic,2018,"65,680 mi.",Gasoline,Silver,Black,At least 1 accident or damage reported,Yes,"$34,900",2.0,4.0,Automatic
738,BMW,328 i xDrive,2013,"52,000 mi.",Gasoline,White,Beige,None reported,Yes,"$17,500",2.0,4.0,Other
739,Pontiac,Solstice GXP,2007,"7,800 mi.",Gasoline,Silver,Black,None reported,Yes,"$19,000",2.0,4.0,Automatic
740,Ford,Mustang Mach-E Premium,2022,"5,800 mi.",,White,White,None reported,Yes,"$42,500",,,Automatic
741,Chevrolet,Silverado 1500 LTZ,2021,"62,257 mi.",Gasoline,Satin Steel Metallic,Gideon,None reported,,"$42,590",5.3,8.0,Automatic
742,RAM,ProMaster 2500 High Roof,2019,"88,000 mi.",Gasoline,White,Black,At least 1 accident or damage reported,Yes,"$39,900",3.6,6.0,Automatic
743,Porsche,911 GT3,2023,265 mi.,Gasoline,Black,Gray,None reported,Yes,"$279,950",4.0,,Manual
744,Ford,F-250 XL Crew Cab Super Duty,2004,"315,000 mi.",Diesel,White,Gray,None reported,Yes,"$9,200",6.0,8.0,Automatic
745,Mercedes-Benz,Sprinter 2500,2016,"143,290 mi.",Diesel,White,Black,None reported,Yes,"$33,490",2.1,4.0,Automatic
746,Subaru,BRZ Limited,2013,"129,858 mi.",Gasoline,Silver,Black,At least 1 accident or damage reported,Yes,"$13,490",2.0,4.0,Automatic
747,BMW,M4 Base,2016,"62,500 mi.",Gasoline,Black,Orange,At least 1 accident or damage reported,Yes,"$40,500",3.0,6.0,Automatic
748,Tesla,Model Y Performance,2020,"27,500 mi.",,Gray,White,None reported,Yes,"$44,000",,,Automatic
749,Volkswagen,Eurovan MV,2001,"220,000 mi.",Gasoline,Silver,–,None reported,Yes,"$5,500",2.8,6.0,Automatic
750,Mercedes-Benz,AMG GLE AMG GLE 63 S-Model 4MATIC,2016,"44,000 mi.",Gasoline,Black,Black,None reported,Yes,"$46,599",5.5,8.0,Automatic
751,Mazda,CX-7 Sport,2009,"113,000 mi.",Gasoline,Gray,Black,None reported,Yes,"$5,499",2.3,4.0,Automatic
752,Jaguar,F-TYPE S,2015,"25,786 mi.",Gasoline,Blue,Gray,None reported,Yes,"$38,500",3.0,6.0,Automatic
753,Audi,Q5 3.0T Premium Plus,2015,"60,251 mi.",Gasoline,Black,Black,At least 1 accident or damage reported,Yes,"$19,000",3.0,6.0,Automatic
754,Toyota,Tundra SR5,2015,"108,044 mi.",Gasoline,Black,–,None reported,Yes,"$31,380",5.7,8.0,Automatic
755,Acura,TL Technology,2013,"89,190 mi.",Gasoline,Gray,White,At least 1 accident or damage reported,Yes,"$15,499",3.7,6.0,Automatic
756,BMW,M760 M760i xDrive,2020,"23,430 mi.",Gasoline,White,Black,None reported,,"$80,998",6.6,,Automatic
757,Audi,R8 5.2 V10,2018,"8,940 mi.",Gasoline,Tango Red Metallic,Black,None reported,,"$144,900",5.2,10.0,Automatic
758,Mazda,MX-5 Miata Base,2003,"9,260 mi.",Gasoline,White,Beige,None reported,Yes,"$22,000",1.8,4.0,Manual
759,Dodge,Charger Scat Pack,2019,"42,626 mi.",Gasoline,Silver,Red,None reported,Yes,"$42,000",6.4,8.0,Automatic
760,Toyota,Avalon Limited,2022,"16,156 mi.",Gasoline,Blueprint,Graphite,None reported,,"$39,390",3.5,6.0,Automatic
761,Lamborghini,Huracan Tecnica Coupe,2023,278 mi.,Gasoline,Bianco Monocerus,Nero Ade,None reported,,"$359,991",5.2,,Automatic
762,Mercedes-Benz,CLS 450 Base,2019,"67,000 mi.",Hybrid,Yellow,Black,None reported,Yes,"$44,500",3.0,6.0,Other
763,Ford,F-250 XLT,2016,"94,300 mi.",E85 Flex Fuel,Silver,Gray,At least 1 accident or damage reported,Yes,"$28,999",6.2,8.0,Automatic
764,Honda,Civic Si,2012,"47,245 mi.",Gasoline,White,Black,None reported,Yes,"$19,600",2.4,4.0,Manual
765,Chevrolet,Camaro ZL1,2018,"13,500 mi.",Gasoline,Black,Black,At least 1 accident or damage reported,Yes,"$54,000",6.2,8.0,Manual
766,Honda,Pilot EX-L,2011,"175,000 mi.",Gasoline,Black,Gray,None reported,Yes,"$9,000",3.5,6.0,Automatic
767,Cadillac,DeVille Base,1994,"90,000 mi.",–,Green,Beige,At least 1 accident or damage reported,Yes,"$2,990",,,Automatic
768,Cadillac,CT5 Premium Luxury,2023,"6,090 mi.",Gasoline,White,Beige,None reported,Yes,"$46,900",2.0,4.0,Automatic
769,BMW,340 i,2016,"28,000 mi.",Gasoline,Black,Red,None reported,Yes,"$36,995",3.0,6.0,Manual
770,Jeep,Wrangler Unlimited 4xe Sahara,2022,"10,500 mi.",Plug-In Hybrid,Green,Beige,None reported,Yes,"$49,999",2.0,4.0,Automatic
771,Volkswagen,Golf GTI 2.0T S 4-Door,2016,"89,000 mi.",Gasoline,Silver,Black,None reported,Yes,"$14,500",2.0,4.0,Manual
772,Dodge,Challenger SRT Hellcat,2018,"29,475 mi.",Gasoline,Orange,Black,None reported,Yes,"$62,999",6.2,8.0,Automatic
773,Maserati,Ghibli S Q4 GranSport,2018,"80,500 mi.",Gasoline,Black,Black,None reported,Yes,"$34,900",3.0,6.0,Automatic
774,Dodge,Dart SE,2013,"153,250 mi.",Gasoline,Silver,Black,None reported,Yes,"$4,399",1.4,4.0,Automatic
775,Hummer,H3 Base,2007,"137,333 mi.",Gasoline,Blue,Black,At least 1 accident or damage reported,Yes,"$10,000",3.7,5.0,Automatic
776,BMW,M6 Base,2016,"25,500 mi.",Gasoline,White,Black,None reported,Yes,"$55,000",4.4,8.0,Automatic
777,Toyota,FJ Cruiser Base,2014,"86,000 mi.",Gasoline,Blue,Black,None reported,Yes,"$41,500",4.0,6.0,Automatic
778,Chevrolet,Camaro 1LT,2019,"9,111 mi.",Gasoline,Summit White,Jet Black,None reported,,"$27,599",3.6,6.0,Automatic
779,Audi,A5 Sportback S line Premium Plus,2021,"35,000 mi.",Hybrid,Black,Black,None reported,Yes,"$37,499",2.0,4.0,Automatic
780,Jeep,Wrangler Unlimited Sahara,2009,"180,036 mi.",Gasoline,Black,Black,At least 1 accident or damage reported,Yes,"$9,100",3.8,6.0,Automatic
781,BMW,X7 xDrive40i,2022,"8,000 mi.",Hybrid,Blue,Brown,None reported,Yes,"$85,000",3.0,6.0,Automatic
782,Toyota,Tacoma PreRunner,2013,"65,000 mi.",Gasoline,Silver,Gray,None reported,Yes,"$20,500",2.7,4.0,Automatic
783,Chevrolet,Tahoe Premier,2019,"48,879 mi.",Gasoline,Silver Ice Metallic,Jet Black,None reported,,"$49,573",5.3,8.0,Automatic
784,Audi,RS 7 4.0T Performance Prestige,2017,"39,071 mi.",Gasoline,White,Black,None reported,,"$67,900",4.0,8.0,Automatic
785,Mercedes-Benz,C-Class C 250 Luxury,2012,"122,000 mi.",Gasoline,White,White,None reported,Yes,"$15,000",1.8,4.0,Automatic
786,Lexus,LS 460 L,2008,"100,000 mi.",Gasoline,Black,Black,At least 1 accident or damage reported,Yes,"$11,500",4.6,8.0,Automatic
787,Chevrolet,Suburban LT,2017,"117,000 mi.",Gasoline,Blue,Beige,None reported,Yes,"$27,000",6.0,8.0,Automatic
788,BMW,M3 CS,2024,124 mi.,Gasoline,Green,Black,None reported,Yes,"$145,000",3.0,6.0,Other
789,Subaru,Impreza 2.0i,2019,"30,000 mi.",Gasoline,Gray,Black,At least 1 accident or damage reported,Yes,"$21,250",2.0,4.0,Other
790,Audi,A7 3.0T Prestige,2013,"87,066 mi.",Gasoline,Silver,Black,None reported,Yes,"$20,999",3.0,6.0,Automatic
791,Toyota,C-HR LE,2020,"14,065 mi.",Gasoline,Gray,Black,At least 1 accident or damage reported,Yes,"$27,671",2.0,4.0,Automatic
792,Nissan,Maxima GLE,2000,"194,277 mi.",Gasoline,Blue,Beige,At least 1 accident or damage reported,Yes,"$2,300",3.0,6.0,Automatic
793,BMW,X5 xDrive35i,2017,"72,700 mi.",Gasoline,Gray,Black,None reported,Yes,"$27,499",3.0,6.0,Automatic
794,Mazda,RX-8 R3,2009,"57,000 mi.",Gasoline,Red,Black,None reported,Yes,"$14,000",1.3,,Manual
795,Lincoln,MKX Black Label,2017,"69,431 mi.",Gasoline,Silver,Black,None reported,Yes,"$26,500",2.7,6.0,Automatic
796,Subaru,WRX Premium,2022,"7,738 mi.",Gasoline,Orange,Black,At least 1 accident or damage reported,Yes,"$33,000",2.4,4.0,Other
797,Porsche,718 Boxster S,2018,"50,000 mi.",Gasoline,Blue,Black,At least 1 accident or damage reported,Yes,"$55,000",2.5,4.0,Automatic
798,Jeep,Gladiator Rubicon,2022,"8,794 mi.",Gasoline,White,Black,None reported,Yes,"$54,000",3.6,6.0,Automatic
799,Maserati,Grecale Modena,2023,"2,200 mi.",Hybrid,Black,Red,None reported,Yes,"$75,000",2.0,4.0,Other
800,Porsche,718 Boxster Base,2019,"6,700 mi.",Gasoline,Gray,Black,None reported,Yes,"$63,000",2.0,4.0,Automatic
801,Land,Rover Range Rover Sport HSE,2019,"52,300 mi.",Gasoline,Black,Black,None reported,Yes,"$49,900",3.0,6.0,Other
802,Chevrolet,Tahoe LTZ,2015,"134,500 mi.",Gasoline,Black,Black,None reported,Yes,"$28,000",5.3,8.0,Automatic
803,Ford,Explorer Platinum,2018,"73,049 mi.",Gasoline,Gray,Ebony Black,At least 1 accident or damage reported,Yes,"$30,510",3.5,6.0,Automatic
804,GMC,Yukon XL AT4,2023,"9,980 mi.",Gasoline,Black,Black,None reported,Yes,"$82,000",5.3,8.0,Automatic
805,BMW,M3 Base,2016,"55,250 mi.",Gasoline,Blue,White,None reported,Yes,"$49,999",3.0,6.0,Manual
806,Lexus,IS 350 Base,2017,"77,300 mi.",Gasoline,White,Black,None reported,Yes,"$30,000",3.5,6.0,Automatic
807,Ford,Focus SE,2018,"33,700 mi.",E85 Flex Fuel,Gray,Black,At least 1 accident or damage reported,Yes,"$12,000",2.0,4.0,Automatic
808,MINI,Countryman Cooper S ALL4,2016,"95,070 mi.",Gasoline,Blue,Black,None reported,Yes,"$12,750",1.6,4.0,Automatic
809,Maserati,Ghibli S Q4,2017,"49,750 mi.",Gasoline,White,Red,None reported,Yes,"$27,995",3.0,6.0,Other
810,Ford,F-150 Tremor,2023,"5,500 mi.",Gasoline,Gray,Black,None reported,Yes,"$70,000",3.5,6.0,Automatic
811,Acura,TLX V6 Advance,2019,"25,779 mi.",Gasoline,Platinum White Pearl,Ebony,At least 1 accident or damage reported,,"$30,999",3.5,6.0,Automatic
812,Mercedes-Benz,AMG GT 53 Base,2021,"17,994 mi.",Gasoline,–,–,None reported,Yes,"$87,500",3.0,6.0,Automatic
813,Jaguar,XJ8 L,2006,"78,049 mi.",Gasoline,White,Beige,None reported,Yes,"$13,980",4.2,8.0,Automatic
814,Dodge,Challenger SRT8 392,2012,"33,700 mi.",–,Black,Black,None reported,Yes,"$33,500",,,Manual
815,Chevrolet,Camaro 1LT,2017,"74,000 mi.",Gasoline,Yellow,Black,None reported,Yes,"$19,800",2.0,4.0,Automatic
816,Porsche,Panamera 4,2011,"85,000 mi.",Gasoline,Gray,Beige,,,"$21,500",3.6,6.0,Automatic
817,Toyota,Tundra SR5 Access Cab,2005,"209,500 mi.",Gasoline,Blue,Gray,None reported,Yes,"$8,500",4.7,8.0,Automatic
818,Honda,Accord Crosstour EX-L,2010,"145,000 mi.",Gasoline,Green,Black,None reported,Yes,"$9,000",3.5,6.0,Automatic
819,Hyundai,Genesis Coupe 3.8 Track,2010,"127,500 mi.",Gasoline,Blue,Black,At least 1 accident or damage reported,Yes,"$6,000",3.8,6.0,Manual
820,Jaguar,F-TYPE R,2018,"39,900 mi.",Gasoline,White,Black,None reported,Yes,"$53,600",5.0,8.0,Automatic
821,Ford,C-Max Energi SE,2017,"67,482 mi.",Plug-In Hybrid,Gray,Black,At least 1 accident or damage reported,Yes,"$11,499",2.0,4.0,Other
822,Land,Rover Range Rover Sport HST MHEV,2020,"52,000 mi.",Hybrid,Gray,Black,None reported,Yes,"$55,000",3.0,6.0,Automatic
823,Mercedes-Benz,AMG GT 63 S 4-Door,2019,"9,500 mi.",Gasoline,Gray,Gray,None reported,Yes,"$135,000",4.0,8.0,Other
824,BMW,750 Li xDrive,2012,"103,000 mi.",Gasoline,Black,Black,None reported,Yes,"$16,000",4.4,8.0,Automatic
825,Mitsubishi,Montero Limited,2004,"145,000 mi.",Gasoline,Silver,Black,None reported,Yes,"$8,950",3.8,6.0,Automatic
826,Mercedes-Benz,SL-Class SL500 Roadster,2004,"46,000 mi.",Gasoline,White,Gray,None reported,Yes,"$18,853",5.0,8.0,Automatic
827,GMC,Yukon XL Denali,2022,"48,306 mi.",Gasoline,Summit White,Jet Black,At least 1 accident or damage reported,Yes,"$71,999",6.2,8.0,Automatic
828,Ford,Explorer Limited,2022,"17,500 mi.",Hybrid,White,Black,None reported,Yes,"$46,000",3.3,6.0,Automatic
829,Kia,Sorento LX V6,2019,"86,204 mi.",Gasoline,Sparkling Silver,Satin Black,At least 1 accident or damage reported,,"$20,708",3.3,6.0,Automatic
830,RAM,1500 Rebel,2020,"63,875 mi.",Hybrid,Gray,Black,At least 1 accident or damage reported,Yes,"$41,900",5.7,8.0,Automatic
831,Hyundai,Equus Signature,2016,"72,000 mi.",Gasoline,White,Beige,None reported,Yes,"$21,400",5.0,8.0,Automatic
832,Toyota,Prius Plug-in Base,2014,"106,000 mi.",Plug-In Hybrid,Green,Beige,At least 1 accident or damage reported,Yes,"$11,800",1.8,4.0,Automatic
833,Hyundai,Genesis 3.8,2010,"98,700 mi.",Gasoline,Beige,Beige,None reported,Yes,"$10,340",3.8,6.0,Other
834,Jaguar,F-TYPE R,2015,"26,000 mi.",Gasoline,Blue,Red,None reported,Yes,"$52,500",5.0,8.0,Automatic
835,Audi,SQ8 4.0T Premium Plus,2021,"43,238 mi.",Gasoline,Black,Red,None reported,Yes,"$76,400",4.0,8.0,Other
836,Land,Rover Defender X-Dynamic SE,2023,"3,678 mi.",Hybrid,Fuji White,Black,None reported,,"$81,998",3.0,,Automatic
837,Mitsubishi,Lancer Evolution GSR,2013,"76,500 mi.",Gasoline,Black,Black,None reported,Yes,"$28,000",2.0,4.0,Manual
838,Chevrolet,Silverado 1500 Z71 Extended Cab,2004,"185,000 mi.",Gasoline,Red,Gray,At least 1 accident or damage reported,Yes,"$10,500",5.3,8.0,Automatic
839,Subaru,Outback 2.5i Limited,2015,"162,000 mi.",Gasoline,Gray,Black,None reported,Yes,"$13,999",2.5,4.0,Other
840,Hyundai,Genesis Coupe 3.8 R-Spec,2014,"52,060 mi.",Gasoline,Black,Black,At least 1 accident or damage reported,Yes,"$15,000",3.8,6.0,Manual
841,Pontiac,GTO Base,2005,"142,314 mi.",Gasoline,Red,Red,At least 1 accident or damage reported,Yes,"$21,999",6.0,8.0,Manual
842,Ford,Focus SEL,2017,"80,134 mi.",E85 Flex Fuel,White,Charcoal Black,None reported,Yes,"$13,895",2.0,4.0,Automatic
843,Mercedes-Benz,A-Class A 220 4MATIC,2019,"30,300 mi.",Gasoline,Silver,Black,None reported,Yes,"$30,500",2.0,4.0,Automatic
844,Mercedes-Benz,C-Class C 63 AMG,2012,"103,000 mi.",Gasoline,Silver,Black,At least 1 accident or damage reported,Yes,"$40,000",6.3,8.0,Automatic
845,BMW,330 i xDrive,2018,"117,000 mi.",Gasoline,Black,Beige,None reported,Yes,"$17,000",2.0,4.0,Automatic
846,BMW,M3 Base,2011,"114,890 mi.",Gasoline,White,Beige,None reported,Yes,"$20,990",4.0,8.0,Other
847,Honda,Civic EX,2013,"107,000 mi.",Gasoline,Silver,Black,None reported,Yes,"$14,000",1.8,4.0,Automatic
848,Chevrolet,Trailblazer RS,2023,"10,000 mi.",Gasoline,Blue,Black,None reported,Yes,"$32,000",1.3,3.0,Automatic
849,Jeep,Grand Cherokee L Laredo,2022,"22,109 mi.",Gasoline,Bright White Clearcoat,Global Black,,,"$43,389",3.6,6.0,Automatic
850,Genesis,G70 3.3T,2022,"12,000 mi.",Gasoline,Green,Beige,None reported,Yes,"$41,000",3.3,6.0,Automatic
851,Dodge,Durango R/T,2020,"78,000 mi.",Gasoline,Black,Red,At least 1 accident or damage reported,Yes,"$29,500",5.7,8.0,Automatic
852,Mercedes-Benz,S-Class S 560,2019,"77,138 mi.",Gasoline,designo Diamond White,Black,None reported,,"$49,998",4.0,,Automatic
853,Dodge,Dakota Big Horn/Lone Star,2010,"172,024 mi.",Gasoline,Red,Brown,At least 1 accident or damage reported,Yes,"$7,500",3.7,6.0,Automatic
854,Ford,Utility Police Interceptor Base,2013,"51,000 mi.",E85 Flex Fuel,Black,Black,At least 1 accident or damage reported,Yes,"$10,300",3.7,6.0,Automatic
855,Jeep,Wrangler Sport,2014,"71,000 mi.",Gasoline,Gray,Black,None reported,Yes,"$22,000",3.6,6.0,Automatic
856,Mercedes-Benz,E-Class E 550,2014,"43,690 mi.",Gasoline,Black,Black,None reported,Yes,"$23,500",4.7,8.0,Automatic
857,Chevrolet,Corvette Stingray w/2LT,2020,"8,974 mi.",Gasoline,Orange,Black,At least 1 accident or damage reported,Yes,"$79,900",6.2,8.0,Automatic
858,Acura,TLX A-Spec,2020,"32,500 mi.",Gasoline,White,Red,None reported,Yes,"$32,000",2.4,4.0,Automatic
859,Volkswagen,Jetta 1.4T SE,2017,"61,000 mi.",Gasoline,White,Black,None reported,Yes,"$15,995",1.4,4.0,Automatic
860,Cadillac,XTS Luxury,2014,"62,950 mi.",Gasoline,Silver,Gray,At least 1 accident or damage reported,Yes,"$17,498",3.6,6.0,Automatic
861,Mercedes-Benz,GLS 450 Base 4MATIC,2019,"19,800 mi.",Gasoline,Silver,Black,None reported,Yes,"$53,800",3.0,6.0,Automatic
862,Hyundai,Genesis Coupe 3.8 Track,2013,"89,000 mi.",Gasoline,White,Black,At least 1 accident or damage reported,Yes,"$12,500",3.8,6.0,Manual
863,Cadillac,XT5 Base,2019,"74,414 mi.",Gasoline,Black,Beige,None reported,Yes,"$26,000",3.6,6.0,Automatic
864,Lexus,NX 300h Base,2020,"16,425 mi.",Hybrid,Gray,Black,At least 1 accident or damage reported,,"$33,200",2.5,4.0,Automatic
865,Porsche,Taycan Turbo,2020,"2,076 mi.",,Gray,Red,None reported,,"$115,998",,,Automatic
866,Chevrolet,Corvette Stingray w/2LT,2022,"3,158 mi.",Gasoline,Red,Red,None reported,Yes,"$85,989",6.2,8.0,Automatic
867,Mercedes-Benz,E-Class E 350,2016,"58,375 mi.",Gasoline,White,Beige,None reported,Yes,"$24,999",3.5,6.0,Automatic
868,Audi,Q5 2.0T Premium,2012,"119,000 mi.",Gasoline,Gray,–,None reported,Yes,"$12,000",2.0,4.0,Automatic
869,BMW,650 i xDrive,2015,"76,474 mi.",Gasoline,White,Black,None reported,Yes,"$32,000",4.4,8.0,Other
870,Lexus,CT 200h Premium,2015,"101,000 mi.",Hybrid,Black,Black,At least 1 accident or damage reported,Yes,"$16,500",1.8,4.0,Automatic
871,Jeep,Wrangler Sport,2012,"57,237 mi.",Gasoline,Black,Black,None reported,Yes,"$22,500",3.6,6.0,Automatic
872,Land,Rover Range Rover Sport Supercharged,2011,"40,000 mi.",Gasoline,Blue,Brown,At least 1 accident or damage reported,Yes,"$20,000",5.0,8.0,Other
873,RAM,1500 Laramie,2022,"16,184 mi.",Gasoline,Granite Crystal Clearcoat Metallic,Black,None reported,,"$46,999",5.7,8.0,Automatic
874,Ford,Explorer XLT,2021,"33,705 mi.",Gasoline,White,Light Slate,At least 1 accident or damage reported,Yes,"$36,995",2.3,4.0,Automatic
875,Genesis,G70 2.0T,2023,"4,785 mi.",Gasoline,Vik Black,Obsidian Black,None reported,Yes,"$42,850",2.0,4.0,Automatic
876,Nissan,Titan XD S,2019,"53,677 mi.",Gasoline,Red,Gray,None reported,Yes,"$27,900",5.6,8.0,Automatic
877,Chevrolet,Avalanche 1500 LS,2012,"56,000 mi.",E85 Flex Fuel,Red,Black,At least 1 accident or damage reported,Yes,"$18,000",5.3,8.0,Automatic
878,BMW,M3 Base,2002,"60,255 mi.",Gasoline,Yellow,Black,None reported,Yes,"$28,750",3.2,6.0,Manual
879,Ford,F-150 Platinum,2018,"37,100 mi.",E85 Flex Fuel,Black,Black,None reported,Yes,"$46,000",5.0,8.0,Automatic
880,Chevrolet,Suburban LT,2017,"207,571 mi.",Gasoline,Black,Black,At least 1 accident or damage reported,Yes,"$21,000",5.3,8.0,Automatic
881,Acura,TL 3.7,2012,"70,000 mi.",Gasoline,Black,Black,At least 1 accident or damage reported,Yes,"$15,051",3.7,6.0,Automatic
882,Lamborghini,Gallardo LP550-2,2013,"22,000 mi.",Gasoline,Black,Black,None reported,Yes,"$150,000",5.2,10.0,Automatic
883,Kia,Optima EX,2012,"152,520 mi.",Gasoline,White,Beige,None reported,Yes,"$10,900",2.4,4.0,Automatic
884,Lexus,LX 570 Three-Row,2020,"59,419 mi.",Gasoline,Silver,Beige,None reported,Yes,"$73,000",5.7,8.0,Automatic
885,Ford,F-250 Lariat,2019,"35,597 mi.",E85 Flex Fuel,Black,Black,None reported,,"$47,756",6.2,8.0,Automatic
886,BMW,135 i,2011,"132,000 mi.",Gasoline,Black,Beige,None reported,Yes,"$11,000",3.0,6.0,Automatic
887,Ford,Excursion Limited,2001,"109,357 mi.",Gasoline,Green,Beige,None reported,Yes,"$12,749",6.8,10.0,Automatic
888,Mitsubishi,Lancer Evolution IX,2006,"77,000 mi.",Gasoline,Silver,Black,None reported,Yes,"$57,000",2.0,4.0,Manual
889,Chevrolet,Silverado 1500 LT,2019,"53,433 mi.",Gasoline,Blue,Gray,None reported,Yes,"$36,950",5.3,8.0,Automatic
890,Porsche,911 Carrera S,2013,"56,985 mi.",Gasoline,Blue,Gray,None reported,Yes,"$65,900",3.8,6.0,Automatic
891,Lexus,RX 350 Base,2017,"103,866 mi.",Gasoline,Beige,Beige,At least 1 accident or damage reported,Yes,"$24,700",3.5,6.0,Automatic
892,Pontiac,Solstice Base,2007,"62,310 mi.",Gasoline,Gray,Black,None reported,Yes,"$12,900",2.4,4.0,Automatic
893,Tesla,Model X Long Range Plus,2020,"43,534 mi.",,Black,Black,None reported,Yes,"$65,990",,,Automatic
894,GMC,Yukon Denali,2019,"88,450 mi.",Gasoline,Black,Beige,At least 1 accident or damage reported,Yes,"$42,900",6.2,8.0,Automatic
895,Ford,Taurus SHO,2014,"138,415 mi.",Gasoline,Silver,Black,At least 1 accident or damage reported,Yes,"$15,500",3.5,6.0,Automatic
896,RAM,2500 Tradesman,2022,"1,300 mi.",Gasoline,Red,Black,None reported,Yes,"$48,000",6.4,8.0,Automatic
897,RAM,2500 Laramie,2017,"117,878 mi.",Diesel,Red,Black,None reported,Yes,"$42,000",6.7,6.0,Other
898,McLaren,720S Performance,2020,"9,989 mi.",Gasoline,Black,Black,None reported,Yes,"$324,995",4.0,8.0,Automatic
899,Land,Rover Range Rover Velar R-Dynamic S,2023,"12,425 mi.",Gasoline,Firenze Red,Ebony,None reported,,"$57,619",,4.0,Automatic
900,Toyota,4Runner Limited Nightshade,2019,"48,842 mi.",Gasoline,White,–,At least 1 accident or damage reported,Yes,"$39,857",4.0,6.0,Automatic
901,BMW,M3 Base,2015,"65,800 mi.",Gasoline,White,Red,None reported,Yes,"$44,950",3.0,6.0,Other
902,Lincoln,Nautilus Reserve,2021,"18,160 mi.",Gasoline,Silver Radiance,Slate,None reported,,"$46,850",2.7,6.0,Automatic
903,Hyundai,Santa Fe SEL,2022,"26,895 mi.",Gasoline,Quartz White,Black,,,"$29,800",2.5,4.0,Automatic
904,Lincoln,Navigator Premiere,2018,"23,500 mi.",Gasoline,Black,Black,At least 1 accident or damage reported,Yes,"$50,000",3.5,6.0,Automatic
905,Chevrolet,Camaro ZL1,2020,"3,715 mi.",Gasoline,Black,Black,None reported,Yes,"$150,000",6.2,8.0,Automatic
906,Lincoln,MKS Base,2015,"124,400 mi.",Gasoline,White,Black,At least 1 accident or damage reported,Yes,"$9,500",3.7,6.0,Automatic
907,Hyundai,Veloster Turbo R-Spec,2014,"128,000 mi.",Gasoline,Blue,Red,None reported,Yes,"$11,000",1.6,4.0,Manual
908,RAM,1500 Rebel,2020,"57,300 mi.",Gasoline,Black,Black,None reported,Yes,"$43,500",5.7,8.0,Automatic
909,GMC,Acadia SLE,2020,"30,900 mi.",Gasoline,Summit White,Jet Black,None reported,Yes,"$27,654",2.5,4.0,Automatic
910,BMW,X1 xDrive28i,2019,"52,253 mi.",Gasoline,White,Black,None reported,Yes,"$34,500",2.0,4.0,Other
911,Ford,Transit-350 Base,2015,"150,000 mi.",Gasoline,Black,Gray,At least 1 accident or damage reported,Yes,"$17,100",3.5,6.0,Automatic
912,BMW,335 i,2009,"123,000 mi.",Gasoline,Purple,Black,None reported,Yes,"$15,000",3.0,6.0,Automatic
913,Volvo,V60 T6 R-Design Platinum,2015,"59,271 mi.",Gasoline,Blue,Black,None reported,Yes,"$29,900",3.0,6.0,Automatic
914,Lexus,LX 570 Base,2016,"33,655 mi.",Gasoline,White,Brown,None reported,Yes,"$62,900",5.7,8.0,Automatic
915,Audi,A3 2.0 TDI Premium Plus,2015,"83,000 mi.",Diesel,Black,Black,At least 1 accident or damage reported,Yes,"$18,999",2.0,4.0,Automatic
916,Toyota,Camry Solara SE,2008,"57,852 mi.",Gasoline,Silver,Gray,,,"$13,900",3.3,6.0,Automatic
917,Chevrolet,Suburban LT,2017,"195,361 mi.",Gasoline,Black,Black,At least 1 accident or damage reported,Yes,"$26,000",5.3,8.0,Other
918,Bentley,Flying Spur V8,2022,"27,858 mi.",Gasoline,–,–,None reported,Yes,"$197,750",4.0,8.0,Automatic
919,Lexus,LS 430 Base,2002,"42,000 mi.",Gasoline,Silver,Gray,At least 1 accident or damage reported,Yes,"$15,999",4.3,8.0,Automatic
920,Chevrolet,Camaro 2SS,2017,"13,465 mi.",Gasoline,White,Black,None reported,Yes,"$44,900",6.2,8.0,Automatic
921,Chevrolet,Malibu Premier,2021,"33,400 mi.",Gasoline,White,Black,None reported,Yes,"$28,000",2.0,4.0,Automatic
922,Toyota,Corolla LE,2016,"17,500 mi.",Gasoline,Red,Gray,None reported,Yes,"$15,100",1.8,4.0,Automatic
923,Ford,Bronco,2021,"3,596 mi.",Gasoline,Blue,Black Onyx,None reported,,"$56,900",2.7,6.0,Automatic
924,BMW,650 Gran Coupe i xDrive,2014,"82,978 mi.",Gasoline,Black,White,None reported,Yes,"$18,700",4.4,8.0,Automatic
925,Mazda,CX-7 Grand Touring,2007,"83,150 mi.",Gasoline,White,Beige,None reported,Yes,"$6,950",2.3,4.0,Automatic
926,Porsche,911 Turbo S,2023,154 mi.,Gasoline,Python Green,Black,None reported,,"$274,900",3.8,,Automatic
927,Nissan,NV Passenger NV3500 HD SL V8,2017,"46,496 mi.",Gasoline,Black,Gray,None reported,Yes,"$41,000",5.6,8.0,Automatic
928,Chevrolet,Impala 1LT,2017,"70,000 mi.",Gasoline,White,Gray,At least 1 accident or damage reported,Yes,"$17,900",3.6,6.0,Automatic
929,Ford,Mustang GT Premium,2012,"105,500 mi.",Gasoline,Silver,Black,None reported,Yes,"$19,000",5.0,8.0,Manual
930,BMW,X7 xDrive40i,2023,"2,950 mi.",Hybrid,Black,Brown,None reported,Yes,"$87,000",3.0,6.0,Automatic
931,Mercedes-Benz,Sprinter 2500,2016,"139,200 mi.",Diesel,White,Black,At least 1 accident or damage reported,Yes,"$22,000",2.1,4.0,Automatic
932,Dodge,Challenger R/T,2010,"100,100 mi.",–,Purple,Black,None reported,Yes,"$17,000",,,Other
933,Land,Rover Range Rover Sport Supercharged HSE,2016,"49,799 mi.",Gasoline,Brown,Brown,None reported,Yes,"$37,500",3.0,6.0,Automatic
934,Chrysler,Crossfire Limited,2005,"24,847 mi.",Gasoline,White,Dark Gray,None reported,Yes,"$13,046",3.2,6.0,Automatic
935,Chevrolet,Silverado 1500 LT Trail Boss,2020,"49,000 mi.",Gasoline,White,Black,None reported,Yes,"$44,900",5.3,8.0,Automatic
936,BMW,M4 Base,2015,"23,700 mi.",Gasoline,Black,Black,None reported,Yes,"$42,800",3.0,6.0,Other
937,Nissan,NV Passenger NV3500 HD SL V8,2020,"14,353 mi.",Gasoline,Black,Gray,None reported,Yes,"$63,900",5.6,8.0,Automatic
938,Cadillac,Escalade ESV Luxury,2020,"120,000 mi.",Gasoline,Black,Black,None reported,Yes,"$55,000",6.2,8.0,Automatic
939,Jeep,Gladiator Rubicon,2022,"27,300 mi.",Gasoline,Green,Black,None reported,Yes,"$47,500",3.6,6.0,Automatic
940,Mercedes-Benz,E-Class AMG E 53,2020,"23,044 mi.",Hybrid,Emerald Green Metallic,Black/Saddle Brown,None reported,,"$72,598",3.0,,Automatic
941,Jeep,Gladiator Freedom,2021,"30,630 mi.",Gasoline,Hydro Blue Pearlcoat,Black,None reported,,"$39,998",3.6,,Automatic
942,Ford,Flex Limited,2009,"162,000 mi.",Gasoline,Gray,Black,At least 1 accident or damage reported,Yes,"$7,500",3.5,6.0,Automatic
943,RAM,1500 Big Horn,2014,"124,000 mi.",Gasoline,Black,Black,None reported,Yes,"$24,850",5.7,8.0,Automatic
944,Ford,F-150 XLT,2020,"57,000 mi.",Gasoline,Gray,Gray,At least 1 accident or damage reported,Yes,"$37,500",3.5,6.0,Automatic
945,Porsche,Macan S,2015,"72,329 mi.",Gasoline,Silver,Black,None reported,Yes,"$29,500",3.0,6.0,Automatic
946,RAM,1500 SLT,2017,"73,690 mi.",Gasoline,Blue,Gray,At least 1 accident or damage reported,Yes,"$27,000",5.7,8.0,Automatic
947,Porsche,911 Carrera,2016,"22,500 mi.",Gasoline,Gray,Beige,None reported,Yes,"$78,000",3.4,6.0,Automatic
948,Nissan,Leaf SL,2012,"102,000 mi.",,Silver,Gray,None reported,Yes,"$4,200",,,Automatic
949,Ford,Shelby GT350 Base,2018,"8,237 mi.",Gasoline,Gray,Black,None reported,Yes,"$62,900",5.2,8.0,Manual
950,Jeep,Wrangler Unlimited Sport,2019,"52,775 mi.",Gasoline,Gray,Black,None reported,Yes,"$39,799",3.6,6.0,Automatic
951,Nissan,Maxima SV,2022,"36,466 mi.",Gasoline,Brilliant Silver Metallic,Charcoal,None reported,,"$24,980",3.5,6.0,Automatic
952,INFINITI,G37 x,2013,"60,058 mi.",Gasoline,White,Beige,At least 1 accident or damage reported,Yes,"$15,000",3.7,6.0,Automatic
953,Bentley,Continental GTC Base,2008,"7,960 mi.",Gasoline,White,White,None reported,Yes,"$81,500",6.0,12.0,Automatic
954,Jeep,Grand Cherokee Limited,2015,"93,400 mi.",E85 Flex Fuel,White,Black,None reported,Yes,"$18,900",3.6,6.0,Automatic
955,Toyota,Highlander LE Plus,2015,"198,000 mi.",Gasoline,White,Gray,None reported,Yes,"$14,000",3.5,6.0,Automatic
956,Kia,Sorento SXL,2017,"108,559 mi.",Gasoline,Titanium Silver,Satin Black,None reported,,"$15,998",3.3,6.0,Automatic
957,Porsche,Macan Base,2018,"36,798 mi.",Gasoline,Volcano Grey Metallic,Black,At least 1 accident or damage reported,Yes,"$49,500",2.0,4.0,Automatic
958,Toyota,Sequoia SR5,2013,"138,700 mi.",E85 Flex Fuel,White,Gray,At least 1 accident or damage reported,Yes,"$18,800",5.7,8.0,Automatic
959,Rivian,R1S Adventure Package,2023,"1,150 mi.",,Green,Black,None reported,Yes,"$96,850",,,Automatic
960,BMW,X5 M50i,2023,"13,735 mi.",Gasoline,Black Sapphire Metallic,Black,None reported,,"$77,897",4.4,8.0,Automatic
961,Mercedes-Benz,CLS-Class CLS 550,2007,"123,112 mi.",Gasoline,Silver,Black,At least 1 accident or damage reported,Yes,"$104,999",5.5,8.0,Automatic
962,Ford,Mustang GT Premium,2013,"18,000 mi.",Gasoline,Silver,Black,None reported,Yes,"$29,000",5.0,8.0,Automatic
963,BMW,M3 Base,2009,"112,000 mi.",Gasoline,Gray,Black,At least 1 accident or damage reported,Yes,"$28,000",4.0,8.0,Other
964,Lexus,ES 350 Base,2011,"132,000 mi.",Gasoline,Black,Beige,None reported,Yes,"$9,999",3.5,6.0,Automatic
965,Jaguar,F-PACE 25t Premium,2019,"29,000 mi.",Gasoline,White,Black,None reported,Yes,"$34,500",2.0,4.0,Automatic
966,Mercedes-Benz,SLK-Class SLK 350,2008,"120,800 mi.",Gasoline,Red,Beige,None reported,Yes,"$13,900",3.5,6.0,Automatic
967,Ford,E350 Super Duty Base,2006,"158,000 mi.",Gasoline,White,Gray,At least 1 accident or damage reported,Yes,"$8,500",6.8,10.0,Automatic
968,Lamborghini,Urus Base,2021,"13,692 mi.",Gasoline,Black,Red,None reported,Yes,"$257,000",4.0,8.0,Automatic
969,Mercedes-Benz,S-Class S 63 AMG,2015,"79,876 mi.",Gasoline,Black,White,None reported,Yes,"$45,750",5.5,8.0,Automatic
970,BMW,440 i xDrive,2018,"73,500 mi.",Gasoline,Black,Blue,None reported,Yes,"$32,000",3.0,6.0,Automatic
971,BMW,M440 i xDrive,2021,"24,300 mi.",Hybrid,Gray,Beige,None reported,Yes,"$49,999",3.0,6.0,Automatic
972,Mazda,MX-5 Miata RF Club,2022,"7,250 mi.",Gasoline,Gray,Black,None reported,Yes,"$35,619",2.0,4.0,Manual
973,Ford,F-250 XLT,2022,"36,294 mi.",Diesel,Oxford White,Medium Earth Gray,,,"$77,535",6.7,8.0,Automatic
974,Lexus,RX 350 Base,2021,"30,761 mi.",Gasoline,Eminent White Pearl,Black,None reported,,"$44,950",3.5,6.0,Automatic
975,Mercedes-Benz,S-Class S 550 4MATIC,2016,"72,784 mi.",Gasoline,Blue,White,None reported,Yes,"$34,900",4.7,8.0,Automatic
976,Jaguar,XJ8 L,2000,"45,000 mi.",Gasoline,Silver,Beige,None reported,Yes,"$12,500",4.0,8.0,Automatic
977,Mitsubishi,Outlander Sport ES,2015,"98,385 mi.",Gasoline,Silver,Black,At least 1 accident or damage reported,Yes,"$10,500",2.4,4.0,Other
978,Ford,Escape XLT,2012,"186,268 mi.",E85 Flex Fuel,Blue,Black,None reported,Yes,"$4,500",3.0,6.0,Automatic
979,Toyota,Land Cruiser,2016,"50,361 mi.",Gasoline,Silver,Black,None reported,,"$65,998",5.7,,Automatic
980,Dodge,Challenger R/T,2021,"39,960 mi.",Gasoline,White,Gray,At least 1 accident or damage reported,Yes,"$28,500",5.7,8.0,Automatic
981,Chevrolet,Bolt EV LT,2020,"49,688 mi.",,Blue,Gray,None reported,Yes,"$24,900",,,Automatic
982,Tesla,Model X Performance,2020,"27,224 mi.",,Black,Black,None reported,,"$65,999",,,Automatic
983,Mercedes-Benz,S-Class S 63 AMG,2011,"60,000 mi.",Gasoline,White,Black,At least 1 accident or damage reported,Yes,"$37,000",5.5,8.0,Other
984,Chevrolet,Tahoe LTZ,2014,"196,300 mi.",E85 Flex Fuel,Black,Black,None reported,Yes,"$10,995",5.3,8.0,Automatic
985,MINI,Hardtop Cooper S,2016,"43,073 mi.",Gasoline,Volcanic Orange,Carbon Black,None reported,,"$17,999",2.0,4.0,Automatic
986,Porsche,Macan Base,2018,"87,500 mi.",Gasoline,Blue,Beige,None reported,Yes,"$28,000",2.0,4.0,Other
987,BMW,X6 xDrive40i,2020,"34,000 mi.",Gasoline,White,Brown,None reported,Yes,"$59,335",3.0,6.0,Automatic
988,Audi,RS 7 4.0T,2021,"14,724 mi.",Hybrid,Glacier White,Black/Red,None reported,,"$101,998",4.0,,Automatic
989,Dodge,Dart SE,2016,"76,857 mi.",Gasoline,Black,Black,At least 1 accident or damage reported,Yes,"$8,100",2.0,4.0,Manual
990,BMW,Z4 sDrive28i,2016,"59,000 mi.",Gasoline,Black,Beige,None reported,Yes,"$25,000",2.0,4.0,Automatic
991,Porsche,Cayenne Platinum Edition,2018,"50,166 mi.",Gasoline,White,Black,At least 1 accident or damage reported,Yes,"$43,550",3.6,6.0,Automatic
992,Porsche,911 Carrera 4 GTS,2023,"1,518 mi.",Gasoline,Beige,Brown,None reported,Yes,"$194,965",3.0,6.0,Automatic
993,Toyota,Tundra Limited,2020,"44,101 mi.",Gasoline,Gray,Black,None reported,Yes,"$45,423",5.7,8.0,Automatic
994,Jeep,Compass Latitude,2014,"105,000 mi.",Gasoline,Black,Black,None reported,Yes,"$10,950",2.0,4.0,Automatic
995,BMW,740 iL,2001,"242,000 mi.",Gasoline,Green,Green,None reported,Yes,"$7,300",4.4,8.0,Automatic
996,Toyota,Tundra Limited,2010,"89,400 mi.",Gasoline,White,Gray,None reported,Yes,"$26,900",5.7,8.0,Automatic
997,Lincoln,MKZ Reserve,2017,"71,964 mi.",Gasoline,Blue,Black,None reported,Yes,"$18,750",2.0,4.0,Automatic
998,Jeep,Cherokee Sport,1996,"170,552 mi.",Gasoline,Black,Gray,At least 1 accident or damage reported,Yes,"$6,500",4.0,6.0,Automatic
999,BMW,M3 Base,2015,"59,000 mi.",Gasoline,Gray,Black,None reported,Yes,"$53,500",3.0,6.0,Manual
1000,Audi,RS 4 Base,2007,"99,769 mi.",Gasoline,Gray,White,None reported,Yes,"$29,995",4.2,8.0,Manual
1001,Bentley,Continental GT W12,2016,"61,160 mi.",Gasoline,Black,Black,At least 1 accident or damage reported,Yes,"$98,000",6.0,12.0,Automatic
1002,Mercedes-Benz,Sprinter 2500,2012,"100,245 mi.",Diesel,White,–,At least 1 accident or damage reported,Yes,"$24,000",3.0,6.0,Automatic
1003,Lexus,LC 500 Base,2021,915 mi.,Gasoline,Blue,White,None reported,Yes,"$159,000",5.0,8.0,Automatic
1004,Scion,tC Base,2013,"177,600 mi.",Gasoline,Silver,Black,At least 1 accident or damage reported,Yes,"$7,100",2.5,4.0,Automatic
1005,Dodge,Grand Caravan SE,2018,"64,000 mi.",E85 Flex Fuel,White,Gray,None reported,Yes,"$35,000",3.6,6.0,Automatic
1006,Audi,Q5 40 Premium,2022,"14,550 mi.",Hybrid,Silver,Brown,None reported,Yes,"$41,500",2.0,4.0,Automatic
1007,Chevrolet,Tahoe LT,2018,"75,000 mi.",Gasoline,Silver,Black,None reported,Yes,"$36,000",5.3,8.0,Automatic
1008,Bentley,Continental GTC Base,2013,"79,422 mi.",Gasoline,Black,Black,None reported,Yes,"$64,000",6.0,12.0,Automatic
1009,Lexus,GX 470 Base,2005,"114,000 mi.",Gasoline,Silver,Gray,At least 1 accident or damage reported,Yes,"$13,450",4.7,8.0,Automatic
1010,Mercedes-Benz,A-Class A 220 4MATIC,2019,"28,663 mi.",Gasoline,Jupiter Red,Black,None reported,,"$29,500",2.0,4.0,Automatic
1011,Mercedes-Benz,M-Class ML 350 4MATIC,2014,"75,073 mi.",E85 Flex Fuel,Gray,Black,None reported,Yes,"$21,500",3.5,6.0,Automatic
1012,Chevrolet,Suburban LT,2022,"37,806 mi.",Gasoline,Black,Black,None reported,Yes,"$60,894",5.3,8.0,Automatic
1013,Jeep,Grand Cherokee Summit,2020,"31,349 mi.",Gasoline,Granite Crystal Clearcoat Metallic,Black,None reported,,"$39,366",5.7,8.0,Automatic
1014,BMW,M850 i xDrive,2019,"9,949 mi.",Gasoline,Blue,Black,None reported,,"$75,798",4.4,,Automatic
1015,Porsche,911 Carrera S,2020,"28,000 mi.",Gasoline,Gray,Black,None reported,Yes,"$134,999",3.0,6.0,Automatic
1016,Acura,RSX Type S,2006,"71,400 mi.",Gasoline,Black,Gray,,,"$14,990",2.0,4.0,Manual
1017,Maserati,Levante Modena,2023,"5,409 mi.",Gasoline,Blu,Black,None reported,Yes,"$88,950",3.0,6.0,Automatic
1018,Lamborghini,Huracan LP580-2,2017,"22,000 mi.",Gasoline,White,Black,None reported,Yes,"$210,000",5.2,10.0,Other
1019,BMW,X5 xDrive40e,2016,"91,798 mi.",Hybrid,Alpine White,Black,None reported,,"$22,998",,,Automatic
1020,Chevrolet,Traverse Premier,2023,"11,806 mi.",Gasoline,White,Black,None reported,Yes,"$47,000",3.6,6.0,Automatic
1021,Lexus,RC 350 Base,2015,"124,000 mi.",Gasoline,Blue,Blue,None reported,Yes,"$24,000",3.5,6.0,Other
1022,Porsche,Cayman R,2012,"54,000 mi.",Gasoline,Black,Gray,None reported,Yes,"$75,000",3.4,6.0,Automatic
1023,Hyundai,Elantra N Base,2022,"11,650 mi.",Gasoline,Black,Black,None reported,Yes,"$32,300",2.0,4.0,Other
1024,Ford,Expedition Limited,2023,"9,500 mi.",Gasoline,Black,Red,At least 1 accident or damage reported,Yes,"$63,500",3.5,6.0,Automatic
1025,Audi,Q5 2.0T Premium Plus,2018,"50,400 mi.",Gasoline,White,Beige,None reported,Yes,"$28,500",2.0,4.0,Other
1026,Mercedes-Benz,GL-Class GL 550,2011,"80,124 mi.",Gasoline,Black,Black,None reported,Yes,"$17,500",5.5,8.0,Automatic
1027,Toyota,4Runner Limited,2004,"186,117 mi.",Gasoline,Black,Beige,None reported,Yes,"$13,000",4.0,6.0,Automatic
1028,Audi,A8 L 55,2019,"93,400 mi.",Hybrid,Silver,Brown,None reported,Yes,"$42,500",3.0,6.0,Automatic
1029,Ford,Mustang GT Premium,2010,"58,500 mi.",Gasoline,White,Red,At least 1 accident or damage reported,Yes,"$20,000",4.6,8.0,Manual
1030,Land,Rover Range Rover 3.0L Supercharged,2014,"59,500 mi.",E85 Flex Fuel,Red,Black,None reported,Yes,"$33,800",3.0,6.0,Automatic
1031,Lexus,IS-F Base,2008,"113,000 mi.",Gasoline,Black,Black,At least 1 accident or damage reported,Yes,"$34,000",5.0,8.0,Automatic
1032,Audi,SQ5 3.0T Premium,2020,"21,832 mi.",Gasoline,Blue,Black,None reported,Yes,"$42,000",3.0,6.0,Automatic
1033,Lexus,LS 460 L,2007,"127,980 mi.",Gasoline,Blue,Beige,None reported,Yes,"$9,999",4.6,8.0,Automatic
1034,Land,Rover Range Rover Evoque HSE Dynamic,2016,"79,000 mi.",Gasoline,Red,Red,None reported,Yes,"$24,000",2.0,4.0,Automatic
1035,Buick,Enclave Leather,2017,"83,280 mi.",Gasoline,Quicksilver Metallic,Ebony,None reported,,"$20,599",3.6,6.0,Automatic
1036,BMW,M3 Base,1999,"184,700 mi.",Gasoline,Blue,Gray,None reported,Yes,"$36,950",3.2,6.0,Manual
1037,Lincoln,Navigator Base,2009,"191,775 mi.",E85 Flex Fuel,White,Beige,At least 1 accident or damage reported,Yes,"$9,750",5.4,8.0,Automatic
1038,Lincoln,Corsair Standard,2022,"4,520 mi.",Gasoline,Beige,Beige,None reported,Yes,"$38,500",2.0,4.0,Automatic
1039,Mercedes-Benz,CLK-Class CLK 350,2008,"93,000 mi.",Gasoline,White,Beige,At least 1 accident or damage reported,Yes,"$12,000",3.5,6.0,Automatic
1040,BMW,X3 xDrive30i,2019,"92,040 mi.",Gasoline,Alpine White,Black,None reported,Yes,"$24,999",2.0,4.0,Automatic
1041,Dodge,Ram 1500 Laramie Mega Cab,2006,"300,183 mi.",Gasoline,Silver,Gray,At least 1 accident or damage reported,Yes,"$10,900",5.7,8.0,Automatic
1042,Jaguar,XK Base,2007,"56,000 mi.",Gasoline,White,Beige,None reported,Yes,"$18,000",4.2,8.0,Automatic
1043,Mercedes-Benz,E-Class E 350,2014,"55,000 mi.",Gasoline,Black,Black,None reported,Yes,"$19,250",3.5,6.0,Automatic
1044,Tesla,Model X P100D,2017,"100,346 mi.",,Silver,White,None reported,Yes,"$45,999",,,Automatic
1045,Aston,Martin V8 Vantage Base,2008,"62,378 mi.",Gasoline,Red,Beige,At least 1 accident or damage reported,Yes,"$33,995",4.3,8.0,Manual
1046,Volkswagen,Jetta 1.4T SE,2016,"87,000 mi.",Gasoline,Gray,Gray,At least 1 accident or damage reported,Yes,"$13,000",1.4,4.0,Other
1047,Alfa,Romeo Stelvio Ti,2020,"41,000 mi.",Gasoline,White,Black,None reported,Yes,"$32,400",2.0,4.0,Automatic
1048,Mercedes-Benz,C-Class C 300 4MATIC,2020,"14,220 mi.",Gasoline,Blue,Beige,None reported,Yes,"$35,500",2.0,4.0,Automatic
1049,Nissan,Frontier SV,2013,"67,000 mi.",Gasoline,Blue,Gray,None reported,Yes,"$15,500",4.0,6.0,Automatic
1050,Cadillac,Escalade ESV Luxury,2016,"146,200 mi.",Gasoline,White,Beige,None reported,Yes,"$24,500",6.2,8.0,Automatic
1051,Porsche,Macan Base,2022,"13,000 mi.",Gasoline,Black,Beige,None reported,Yes,"$60,000",2.0,4.0,Automatic
1052,Audi,A6 55 Prestige,2021,"22,800 mi.",Hybrid,Blue,Brown,None reported,Yes,"$52,000",3.0,6.0,Automatic
1053,Audi,TT RS Base,2012,"54,900 mi.",Gasoline,White,Brown,,,"$28,900",2.5,5.0,Manual
1054,Chevrolet,Suburban 1500 LT,2008,"162,750 mi.",Gasoline,White,Black,At least 1 accident or damage reported,Yes,"$7,200",5.3,8.0,Other
1055,Saturn,Sky Red Line,2008,"94,291 mi.",Gasoline,White,–,None reported,Yes,"$14,500",2.0,4.0,Automatic
1056,Dodge,Durango SRT 392,2022,"31,917 mi.",Gasoline,Gray,Black,None reported,Yes,"$64,683",6.4,8.0,Automatic
1057,BMW,540 i,2017,"98,500 mi.",Gasoline,Black,Black,None reported,Yes,"$24,500",3.0,6.0,Automatic
1058,Chevrolet,Corvette Base,2005,"36,700 mi.",Gasoline,Blue,Black,None reported,Yes,"$26,000",6.0,8.0,Manual
1059,Ford,Mustang Shelby GT500,2012,"6,400 mi.",Gasoline,Silver,Black,None reported,Yes,"$48,000",5.4,8.0,Manual
1060,Chevrolet,Trailblazer LS,2021,"20,497 mi.",Gasoline,Pacific Blue Metallic,Black,None reported,,"$22,999",1.3,3.0,Automatic
1061,Jeep,Wagoneer Series II 4x4,2022,"29,800 mi.",Gasoline,–,–,None reported,,"$58,900",5.7,,Automatic
1062,Nissan,Pathfinder Platinum,2014,"112,600 mi.",Gasoline,Black,Black,At least 1 accident or damage reported,Yes,"$13,000",3.5,6.0,Other
1063,Acura,ILX 2.0L w/Premium Package,2013,"198,000 mi.",Gasoline,White,Black,At least 1 accident or damage reported,Yes,"$11,000",2.0,4.0,Other
1064,Volvo,XC40 T5 Momentum,2020,"56,536 mi.",Gasoline,White,Charcoal,None reported,,"$26,599",2.0,4.0,Automatic
1065,Mercedes-Benz,AMG C 63 S,2017,"34,500 mi.",Gasoline,Gray,Black,None reported,Yes,"$64,600",4.0,8.0,Automatic
1066,Maserati,Ghibli S Q4,2018,"20,000 mi.",Gasoline,White,Brown,None reported,Yes,"$43,000",3.0,6.0,Automatic
1067,Acura,MDX 3.7L Advance,2011,"137,200 mi.",Gasoline,White,Gray,None reported,Yes,"$12,000",3.7,6.0,Other
1068,Audi,A6 2.0T Sport,2018,"49,650 mi.",Gasoline,Black,Black,At least 1 accident or damage reported,Yes,"$23,750",2.0,4.0,Automatic
1069,RAM,ProMaster 2500 High Roof,2018,"10,339 mi.",Gasoline,White,Gray,None reported,Yes,"$36,990",3.6,6.0,Automatic
1070,GMC,Sierra 2500 Denali,2021,"16,919 mi.",Diesel,Black,Black,At least 1 accident or damage reported,Yes,"$73,000",6.6,8.0,Automatic
1071,Ford,Ranger Edge SuperCab,2004,"110,000 mi.",Gasoline,White,Gray,At least 1 accident or damage reported,Yes,"$8,500",3.0,6.0,Automatic
1072,Chevrolet,Suburban Premier,2017,"92,728 mi.",Gasoline,White,Black,None reported,Yes,"$34,900",5.3,8.0,Automatic
1073,BMW,X3 xDrive30i,2021,"15,000 mi.",Gasoline,White,Brown,None reported,Yes,"$39,995",2.0,4.0,Other
1074,Genesis,G80 3.3T Sport,2019,"57,500 mi.",Gasoline,Red,Black,None reported,Yes,"$32,990",3.3,6.0,Automatic
1075,Ford,Mustang Shelby GT500,2013,"16,478 mi.",Gasoline,White,Black,None reported,Yes,"$66,400",5.8,8.0,Manual
1076,Lexus,LX 600 F SPORT,2023,490 mi.,Gasoline,Black,Black,None reported,Yes,"$124,999",3.4,6.0,Automatic
1077,BMW,740 i,2012,"126,000 mi.",Gasoline,Black,Black,At least 1 accident or damage reported,Yes,"$12,700",3.0,6.0,Automatic
1078,Dodge,Viper SRT-10,2003,"10,800 mi.",Gasoline,Silver,Black,None reported,Yes,"$65,499",8.3,10.0,Manual
1079,Tesla,Model Y Long Range,2022,500 mi.,,White,Black,None reported,Yes,"$45,900",,,Automatic
1080,Chevrolet,Express 3500 Base,2008,"144,000 mi.",Gasoline,White,Gray,None reported,Yes,"$22,000",6.0,8.0,Automatic
1081,Lexus,RX 350 Base,2013,"164,500 mi.",Gasoline,White,Black,At least 1 accident or damage reported,Yes,"$16,500",3.5,6.0,Automatic
1082,Lexus,ES 350 Base,2020,"15,324 mi.",Gasoline,Black,Black,At least 1 accident or damage reported,,"$33,364",3.5,6.0,Automatic
1083,Porsche,911 Carrera GTS,2015,"23,600 mi.",Gasoline,Red,Black,None reported,Yes,"$132,900",3.8,6.0,Manual
1084,GMC,Terrain SLE,2020,"26,470 mi.",Gasoline,Summit White,Jet Black,None reported,Yes,"$29,900",1.5,4.0,Automatic
1085,Tesla,Model Y Long Range,2022,"20,500 mi.",,Gray,Black,None reported,Yes,"$46,500",,,Automatic
1086,Nissan,Armada SL,2021,"67,800 mi.",Gasoline,Silver,Black,At least 1 accident or damage reported,Yes,"$36,500",5.6,8.0,Automatic
1087,Land,Rover Range Rover Velar P380 SE R-Dynamic,2019,"19,813 mi.",Gasoline,Silver,Beige,None reported,Yes,"$51,900",3.0,6.0,Automatic
1088,Chrysler,Pacifica Touring,2017,"63,000 mi.",–,White,Beige,None reported,Yes,"$20,000",,,Automatic
1089,Chevrolet,Traverse Premier,2020,"52,000 mi.",Gasoline,White,Black,None reported,Yes,"$35,800",3.6,6.0,Automatic
1090,BMW,M3 Base,2003,"127,273 mi.",Gasoline,Silver,Black,None reported,Yes,"$15,000",3.2,6.0,Manual
1091,Porsche,911 Turbo,2018,"28,470 mi.",Gasoline,White,Black,At least 1 accident or damage reported,Yes,"$147,500",3.8,6.0,Other
1092,Chevrolet,Camaro 1SS,2017,"39,000 mi.",Gasoline,Yellow,Black,None reported,Yes,"$31,500",6.2,8.0,Automatic
1093,BMW,M3 Competition,2021,"33,500 mi.",Gasoline,Gray,Black,None reported,Yes,"$71,000",3.0,6.0,Automatic
1094,Ford,Expedition Max Limited,2022,"26,500 mi.",Gasoline,White,Beige,None reported,Yes,"$65,900",3.5,6.0,Automatic
1095,BMW,M340 i xDrive,2022,"9,000 mi.",Hybrid,White,Red,None reported,Yes,"$56,900",3.0,6.0,Automatic
1096,Jeep,Wrangler Sport,2016,"74,139 mi.",Gasoline,Red,Black,None reported,Yes,"$23,000",3.6,6.0,Manual
1097,Ford,Explorer XLT,2022,"20,678 mi.",Gasoline,Red,Black,None reported,Yes,"$46,000",2.3,4.0,Automatic
1098,Toyota,Land Cruiser Base,2016,"91,000 mi.",Gasoline,Black,Brown,None reported,Yes,"$68,500",5.7,8.0,Automatic
1099,Hyundai,IONIQ Plug-In Hybrid SEL,2022,"13,044 mi.",Plug-In Hybrid,Blue,Gray,At least 1 accident or damage reported,Yes,"$24,999",1.6,4.0,Automatic
1100,Jaguar,XF 35t Prestige,2017,"101,453 mi.",Gasoline,White,Beige,At least 1 accident or damage reported,Yes,"$18,500",3.0,6.0,Automatic
1101,Mercedes-Benz,S-Class S 560,2018,"45,791 mi.",Gasoline,Gray,Gray,None reported,Yes,"$52,000",4.0,8.0,Automatic
1102,Kia,Forte GT-Line,2022,"14,950 mi.",Gasoline,Silver,Gray,At least 1 accident or damage reported,Yes,"$24,000",2.0,4.0,Automatic
1103,Jeep,Compass Limited,2022,"20,472 mi.",Gasoline,Red,Black,None reported,,"$28,298",2.4,4.0,Automatic
1104,Cadillac,DTS Base,2010,"49,620 mi.",Gasoline,White,Gray,None reported,Yes,"$10,499",4.6,8.0,Automatic
1105,Audi,Q5 S line Premium Plus,2023,"6,682 mi.",Hybrid,Mythos Black Metallic,Rock Gray,None reported,,"$47,798",2.0,,Automatic
1106,Porsche,911 Carrera Turbo,2003,"155,000 mi.",Gasoline,Black,Black,None reported,Yes,"$55,000",3.6,6.0,Manual
1107,Porsche,911 Carrera 4S,2003,"90,000 mi.",Gasoline,Silver,Black,,,"$24,000",3.6,6.0,Manual
1108,Mercedes-Benz,SLK-Class SLK230 Kompressor,2001,"58,800 mi.",Gasoline,Silver,Black,None reported,Yes,"$9,000",2.3,4.0,Automatic
1109,Dodge,Challenger SRT Hellcat,2020,"2,750 mi.",Gasoline,Orange,Black,None reported,Yes,"$104,500",6.2,8.0,Automatic
1110,BMW,X3 xDrive35i,2011,"75,500 mi.",Gasoline,White,Black,None reported,Yes,"$12,975",3.0,6.0,Automatic
1111,Porsche,Boxster S,2003,"138,202 mi.",Gasoline,Silver,Black,At least 1 accident or damage reported,Yes,"$22,550",3.2,,Manual
1112,Nissan,Pathfinder SL,2018,"167,000 mi.",Gasoline,Black,Beige,,,"$14,500",3.5,6.0,Automatic
1113,Maserati,GranTurismo Base,2015,"28,000 mi.",Gasoline,White,Red,None reported,Yes,"$44,999",4.7,8.0,Automatic
1114,Honda,Odyssey EX-L,2007,"170,000 mi.",Gasoline,Black,Beige,None reported,Yes,"$7,700",3.5,6.0,Automatic
1115,Volvo,850 Turbo,1995,"94,000 mi.",–,White,Black,None reported,Yes,"$4,500",,,Automatic
1116,Nissan,350Z Touring,2006,"84,200 mi.",Gasoline,Silver,Gray,None reported,Yes,"$10,200",3.5,6.0,Manual
1117,Ford,Mustang Boss 302,2012,"1,295 mi.",Gasoline,Silver,Black,None reported,Yes,"$49,990",5.0,8.0,Manual
1118,Cadillac,XLR V,2008,"64,800 mi.",Gasoline,Black,Black,,,"$24,700",4.4,8.0,Automatic
1119,Lamborghini,Urus Base,2019,"16,876 mi.",Gasoline,Gray,Brown,None reported,,"$209,900",4.0,8.0,Automatic
1120,Dodge,Dakota SLT Quad Cab,2006,"256,000 mi.",Gasoline,Black,Gray,None reported,Yes,"$4,000",4.7,8.0,Automatic
1121,Acura,ZDX Base,2010,"123,000 mi.",Gasoline,Black,Black,At least 1 accident or damage reported,Yes,"$13,888",3.7,6.0,Other
1122,Jaguar,XF 3.0 Portfolio,2015,"71,290 mi.",Gasoline,Brown,Black,At least 1 accident or damage reported,Yes,"$21,000",3.0,6.0,Automatic
1123,INFINITI,QX56 Base,2011,"130,921 mi.",Gasoline,White,Beige,None reported,Yes,"$12,000",5.6,8.0,Other
1124,BMW,M4 Base,2015,"98,000 mi.",Gasoline,Black,Orange,None reported,Yes,"$32,999",3.0,6.0,Other
1125,Ford,Thunderbird Deluxe,2004,"39,000 mi.",Gasoline,Black,Beige,,,"$22,000",3.9,8.0,Automatic
1126,GMC,Terrain SLT-1,2015,"76,296 mi.",Gasoline,Gray,Black,At least 1 accident or damage reported,Yes,"$9,500",2.4,4.0,Automatic
1127,GMC,Yukon XL SLT,2016,"183,544 mi.",Gasoline,Black,Black,At least 1 accident or damage reported,Yes,"$22,000",5.3,8.0,Automatic
1128,Toyota,Avalon Touring,2016,"89,148 mi.",Gasoline,Black,Black,None reported,Yes,"$17,500",3.5,6.0,Automatic
1129,Subaru,Outback 2.5 i Special Edition,2009,"181,870 mi.",Gasoline,Black,Black,None reported,Yes,"$6,500",2.5,4.0,Automatic
1130,Ford,Mustang V6,2013,"147,191 mi.",Gasoline,Blue,Black,At least 1 accident or damage reported,Yes,"$12,990",3.7,6.0,Automatic
1131,Ford,Explorer Platinum,2021,"64,957 mi.",Gasoline,Black,Light Slate,None reported,Yes,"$39,979",3.0,6.0,Automatic
1132,Ford,Expedition Limited,2021,"23,842 mi.",Gasoline,Gray,Medium Stone,None reported,Yes,"$59,203",3.5,6.0,Automatic
1133,Nissan,350Z Touring,2007,"90,000 mi.",Gasoline,White,Green,At least 1 accident or damage reported,Yes,"$12,000",3.5,6.0,Manual
1134,BMW,X3 xDrive28i,2015,"92,984 mi.",Gasoline,White,Beige,At least 1 accident or damage reported,Yes,"$17,000",2.0,4.0,Other
1135,Acura,MDX Technology,2008,"184,421 mi.",Gasoline,Gray,Black,None reported,Yes,"$5,000",3.7,6.0,Automatic
1136,Chevrolet,Tahoe LTZ,2015,500 mi.,Gasoline,White,Black,At least 1 accident or damage reported,Yes,"$37,000",5.3,8.0,Automatic
1137,Land,Rover Defender V8,2022,"3,000 mi.",Gasoline,Black,Black,None reported,Yes,"$96,500",5.0,8.0,Automatic
1138,Jeep,Grand Cherokee Laredo,2011,"98,658 mi.",Gasoline,White,Gray,None reported,Yes,"$14,995",5.7,8.0,Automatic
1139,Ford,F-150 Lariat,2013,"102,000 mi.",Gasoline,White,Black,None reported,Yes,"$23,000",3.5,6.0,Automatic
1140,Tesla,Model 3,2018,"26,609 mi.",,Gray,–,None reported,,"$36,998",,,Automatic
1141,GMC,Yukon XL SLT,2017,"47,589 mi.",Gasoline,Black,Black,None reported,Yes,"$45,500",5.3,8.0,Automatic
1142,Hyundai,Palisade Limited,2020,"45,815 mi.",Gasoline,Silver,Black,None reported,Yes,"$37,700",3.8,6.0,Other
1143,RAM,2500 Big Horn,2018,"27,839 mi.",Gasoline,Granite Crystal Clearcoat Metallic,Diesel Gray / Black,None reported,Yes,"$41,688",6.4,8.0,Automatic
1144,BMW,323 Ci,2000,"177,700 mi.",Gasoline,Silver,Black,None reported,Yes,"$2,500",2.5,6.0,Automatic
1145,RAM,1500 Limited,2019,"87,768 mi.",Hybrid,Silver,Black,None reported,Yes,"$44,000",5.7,8.0,Automatic
1146,Lexus,IS 350 Base,2014,"123,000 mi.",Gasoline,Red,Black,At least 1 accident or damage reported,Yes,"$18,000",3.5,6.0,Automatic
1147,RAM,1500 Classic Warlock,2019,"36,757 mi.",E85 Flex Fuel,Diamond Black,Diesel Gray / Black,None reported,Yes,"$31,953",3.6,6.0,Automatic
1148,GMC,Yukon XL Denali,2017,"124,000 mi.",Gasoline,Gray,Beige,At least 1 accident or damage reported,Yes,"$32,000",6.2,8.0,Automatic
1149,Mercedes-Benz,M-Class ML 350,2011,"99,200 mi.",Gasoline,Black,Black,None reported,Yes,"$11,900",3.5,6.0,Automatic
1150,Pontiac,Solstice GXP,2007,"47,000 mi.",Gasoline,Black,Black,None reported,Yes,"$13,300",2.0,4.0,Manual
1151,Audi,A4 2.0T Premium quattro,2011,"181,000 mi.",Gasoline,White,Black,None reported,Yes,"$5,500",2.0,4.0,Automatic
1152,Ford,F-150 Limited,2019,"42,728 mi.",Gasoline,Black,Brown,None reported,Yes,"$45,950",3.5,6.0,Other
1153,Mercedes-Benz,C-Class C 300 Luxury,2015,"102,000 mi.",Gasoline,Black,Black,None reported,Yes,"$17,000",2.0,4.0,Automatic
1154,Nissan,GT-R Premium,2017,"31,150 mi.",Gasoline,Orange,Black,None reported,Yes,"$113,000",3.8,6.0,Other
1155,Lexus,ES 350 Base,2016,"119,850 mi.",Gasoline,White,Beige,None reported,Yes,"$19,000",3.5,6.0,Automatic
1156,Ford,E250 Cargo,2013,"87,501 mi.",E85 Flex Fuel,White,Gray,At least 1 accident or damage reported,Yes,"$17,777",4.6,8.0,Automatic
1157,Audi,A6 45 Premium Plus,2021,"33,000 mi.",Hybrid,Black,Black,None reported,Yes,"$40,000",2.0,4.0,Automatic
1158,Mercedes-Benz,E-Class E 550 4MATIC,2014,"63,000 mi.",Gasoline,Silver,Black,None reported,Yes,"$28,500",4.7,8.0,Automatic
1159,Lexus,GX 460 Base,2018,"75,000 mi.",Gasoline,White,Beige,At least 1 accident or damage reported,Yes,"$38,095",4.6,8.0,Automatic
1160,Lexus,IS 250 Base,2013,"148,000 mi.",Gasoline,Gray,Black,At least 1 accident or damage reported,Yes,"$10,000",2.5,6.0,Automatic
1161,RAM,1500 Sport,2017,"41,789 mi.",Gasoline,Green,Black,At least 1 accident or damage reported,Yes,"$42,500",5.7,8.0,Automatic
1162,Nissan,370Z Touring,2012,"65,000 mi.",Gasoline,Gray,Black,None reported,Yes,"$21,500",3.7,6.0,Manual
1163,Jeep,Grand Cherokee Laredo,2012,"166,000 mi.",E85 Flex Fuel,White,Gray,At least 1 accident or damage reported,Yes,"$13,000",3.6,6.0,Automatic
1164,Lotus,Evora Base,2010,"9,100 mi.",Gasoline,Black,White,None reported,Yes,"$55,000",3.5,6.0,Manual
1165,Cadillac,CTS-V Base,2006,"123,000 mi.",Gasoline,Black,Black,None reported,Yes,"$15,000",6.0,8.0,Manual
1166,BMW,X5 eDrive xDrive40e,2018,"45,090 mi.",Plug-In Hybrid,Gray,Black,At least 1 accident or damage reported,Yes,"$30,750",2.0,4.0,Automatic
1167,Porsche,Boxster Base,2013,"40,800 mi.",Gasoline,Brown,Beige,None reported,Yes,"$35,500",2.7,6.0,Automatic
1168,Mercedes-Benz,Metris Base,2016,"17,340 mi.",Gasoline,White,Black,None reported,Yes,"$29,000",2.0,4.0,Automatic
1169,Audi,Q8 55 Premium Plus,2021,"14,750 mi.",Hybrid,Silver,Black,None reported,Yes,"$61,059",3.0,6.0,Other
1170,Porsche,Macan S,2015,"80,300 mi.",Gasoline,Gray,Beige,None reported,Yes,"$23,999",3.0,6.0,Automatic
1171,Jeep,Wrangler Sport,2023,"7,102 mi.",Gasoline,Bright White Clearcoat,Black,None reported,Yes,"$40,995",2.0,4.0,Automatic
1172,Nissan,Armada Platinum,2018,"42,833 mi.",Gasoline,Blue,Gray,None reported,Yes,"$37,000",5.6,8.0,Other
1173,Mercedes-Benz,AMG GLC 43 AMG GLC 43,2021,"10,483 mi.",Gasoline,Graphite Grey Metallic,Black w/Red Stitching,None reported,,"$60,998",3.0,,Automatic
1174,Porsche,Macan,2023,"2,925 mi.",Gasoline,Carrara White Metallic,Black,None reported,Yes,"$73,300",2.0,4.0,Automatic
1175,Mercedes-Benz,SL-Class SL 550,2013,"115,000 mi.",Gasoline,Black,Black,At least 1 accident or damage reported,Yes,"$36,000",4.6,8.0,Other
1176,Buick,Enclave Premium,2020,"87,555 mi.",Gasoline,Dark Moon Blue Metallic,Dark Galvanized,At least 1 accident or damage reported,Yes,"$31,650",3.6,6.0,Automatic
1177,Acura,RL Technology,2010,"97,700 mi.",Gasoline,Blue,Beige,None reported,Yes,"$10,995",3.7,6.0,Other
1178,Hyundai,Santa Fe Sport 2.0L Turbo Ultimate,2018,"71,669 mi.",Gasoline,Blue,Black,None reported,Yes,"$20,000",2.0,4.0,Automatic
1179,Porsche,Boxster Base,1997,"132,800 mi.",Gasoline,Red,Beige,,,"$8,500",2.5,6.0,Manual
1180,Tesla,Model 3 Long Range,2020,"25,000 mi.",,Blue,Black,None reported,Yes,"$49,995",,,Automatic
1181,Toyota,Highlander XLE,2015,"68,575 mi.",Gasoline,Silver,Gray,At least 1 accident or damage reported,Yes,"$26,000",3.5,6.0,Automatic
1182,Audi,S8 4.2 quattro,2003,"126,000 mi.",Gasoline,Gray,Black,,,"$13,850",4.2,8.0,Other
1183,Ford,Excursion Limited 4WD,2003,"245,000 mi.",Diesel,Black,Beige,At least 1 accident or damage reported,Yes,"$17,999",6.0,8.0,Automatic
1184,Lincoln,Navigator Reserve,2019,"39,000 mi.",Gasoline,Black,Black,None reported,Yes,"$51,999",3.5,6.0,Automatic
1185,Genesis,G70 2.0T,2023,"2,121 mi.",Gasoline,White,Red,None reported,Yes,"$40,750",2.0,4.0,Automatic
1186,Ferrari,GTC4Lusso T,2018,"31,000 mi.",Gasoline,White,Red,None reported,Yes,"$197,499",3.9,8.0,Automatic
1187,Cadillac,XTS Premium,2013,"56,860 mi.",Gasoline,White Diamond Tri-Coat,Shale,At least 1 accident or damage reported,Yes,"$21,995",3.6,6.0,Automatic
1188,Honda,Civic EX,2014,"82,500 mi.",Gasoline,Silver,Gray,None reported,Yes,"$15,000",1.8,4.0,Other
1189,Lamborghini,Urus Base,2021,"20,069 mi.",Gasoline,Rosso Mars Metallic,Nero Ade,None reported,,"$229,900",4.0,8.0,Automatic
1190,Kia,Sportage LX,2009,"100,730 mi.",Gasoline,Gold,Gold,None reported,Yes,"$6,975",2.7,6.0,Automatic
1191,Mercedes-Benz,E-Class E 350 4MATIC,2022,"9,006 mi.",Gasoline,Black,Black,None reported,Yes,"$56,999",2.0,4.0,Automatic
1192,MINI,Cooper S Base,2007,"45,000 mi.",Gasoline,Yellow,Black,None reported,Yes,"$7,900",1.6,4.0,Manual
1193,Audi,A4 3.2 Premium Plus quattro,2009,"153,000 mi.",Gasoline,Gray,Beige,None reported,Yes,"$8,700",3.2,6.0,Automatic
1194,BMW,M6 Gran Coupe Base,2019,"20,500 mi.",Gasoline,Blue,Black,None reported,Yes,"$67,900",4.4,8.0,Other
1195,Mercedes-Benz,S-Class S 560 4MATIC,2020,"22,000 mi.",Gasoline,White,Beige,None reported,Yes,"$69,500",4.0,8.0,Automatic
1196,Audi,SQ5 3.0T Premium Plus,2016,"60,000 mi.",Gasoline,Black,Black,At least 1 accident or damage reported,Yes,"$24,700",3.0,6.0,Other
1197,Mercedes-Benz,G 550 4x4 Squared Base,2017,"23,567 mi.",Gasoline,White,Black,At least 1 accident or damage reported,Yes,"$215,000",4.0,8.0,Other
1198,FIAT,500 Lounge,2013,"85,458 mi.",Gasoline,White,Beige,None reported,Yes,"$9,000",1.4,4.0,Automatic
1199,Jeep,Grand Cherokee Limited,2018,"91,677 mi.",Gasoline,Granite Crystal Clearcoat Metallic,Black,None reported,,"$26,816",3.6,6.0,Automatic
1200,Porsche,911 Carrera,2007,"26,021 mi.",Gasoline,Silver,Gray,None reported,Yes,"$53,999",3.6,6.0,Manual
1201,Porsche,911 Carrera,2020,"16,741 mi.",Gasoline,Green,Black,None reported,Yes,"$112,500",3.0,6.0,Automatic
1202,INFINITI,G35 Base,2004,"130,000 mi.",Gasoline,Beige,Beige,None reported,Yes,"$7,500",3.5,6.0,Automatic
1203,Toyota,Sequoia Limited,2018,"63,990 mi.",Gasoline,White,Gray,At least 1 accident or damage reported,Yes,"$48,000",5.7,8.0,Automatic
1204,Mercedes-Benz,AMG G 63 Base,2018,"41,000 mi.",Gasoline,Gray,Black,None reported,Yes,"$108,900",5.5,8.0,Other
1205,Subaru,Outback 2.5i Premium,2013,"116,000 mi.",Gasoline,Blue,Beige,At least 1 accident or damage reported,Yes,"$12,500",2.5,4.0,Automatic
1206,Aston,Martin V8 Vantage Base,2008,"25,025 mi.",Gasoline,White,Black,At least 1 accident or damage reported,Yes,"$39,000",4.3,8.0,Automatic
1207,Tesla,Model X 75D,2017,"94,100 mi.",,Black,Orange,At least 1 accident or damage reported,Yes,"$49,900",,,Automatic
1208,Ford,Mustang Mach-E GT,2022,"13,856 mi.",,White,Black,None reported,Yes,"$54,000",,,Automatic
1209,Saturn,Vue Hybrid Base,2009,"115,000 mi.",Hybrid,Blue,Beige,None reported,Yes,"$4,400",2.4,4.0,Automatic
1210,Toyota,Camry LE,2005,"108,000 mi.",Gasoline,Beige,Gray,None reported,Yes,"$7,850",2.4,4.0,Automatic
1211,Acura,TL 3.2,2008,"193,783 mi.",Gasoline,Black,Black,At least 1 accident or damage reported,Yes,"$10,000",3.2,6.0,Automatic
1212,Alfa,Romeo Giulia Quadrifoglio,2018,"28,644 mi.",Gasoline,Black,Black,,,"$41,500",2.9,6.0,Automatic
1213,Ford,F-150 XLT,2021,"77,107 mi.",Gasoline,Agate Black Metallic,Black,,,"$39,995",3.5,6.0,Automatic
1214,INFINITI,QX80 SENSORY,2022,"26,520 mi.",Gasoline,Blue,Brown,At least 1 accident or damage reported,Yes,"$64,000",5.6,8.0,Automatic
1215,Nissan,Cube 1.8 S,2010,"72,500 mi.",Gasoline,Brown,Black,None reported,Yes,"$6,750",1.8,4.0,Manual
1216,Land,Rover Range Rover Evoque S,2020,"46,891 mi.",Gasoline,Gray,Black,At least 1 accident or damage reported,Yes,"$31,000",2.0,4.0,Automatic
1217,Audi,RS Q8 4.0T quattro,2022,"11,322 mi.",Gasoline,Daytona Gray Pearl Effect,Black / Express Red,None reported,,"$119,900",4.0,8.0,Automatic
1218,Jeep,Grand Cherokee L Laredo,2021,"23,588 mi.",Gasoline,Metallic,Global Black,,,"$38,633",3.6,6.0,Automatic
1219,Audi,A7 Premium,2012,"103,272 mi.",Gasoline,Black,Brown,None reported,Yes,"$15,500",3.0,6.0,Automatic
1220,Land,Rover Discovery Sport SE R-Dynamic,2020,"20,927 mi.",Gasoline,Fuji White,–,None reported,,"$35,998",2.0,,Automatic
1221,BMW,M4 Base,2020,"22,655 mi.",Gasoline,Silver,Black,None reported,Yes,"$63,999",3.0,6.0,Automatic
1222,Land,Rover Range Rover Supercharged,2008,"114,287 mi.",Gasoline,Black,Black,None reported,Yes,"$9,900",4.2,8.0,Automatic
1223,Ford,Transit Connect XLT,2016,"111,700 mi.",E85 Flex Fuel,White,Beige,None reported,Yes,"$15,500",2.5,4.0,Automatic
1224,Mercedes-Benz,C-Class C 300 4MATIC,2018,"41,515 mi.",Gasoline,Black,Black,None reported,Yes,"$28,251",2.0,4.0,Automatic
1225,Hyundai,Veloster Base,2013,"56,837 mi.",Gasoline,Silver,Black,At least 1 accident or damage reported,Yes,"$10,500",1.6,4.0,Other
1226,Ford,Focus RS Base,2016,"14,900 mi.",Gasoline,Blue,Black,None reported,Yes,"$39,000",2.3,4.0,Manual
1227,Cadillac,XT4 Sport,2019,"44,500 mi.",Gasoline,Blue,White,None reported,Yes,"$28,900",2.0,4.0,Automatic
1228,Ford,F-150 XLT,2017,"94,000 mi.",Gasoline,White,Black,None reported,Yes,"$26,000",2.7,6.0,Automatic
1229,Chrysler,Crossfire Limited,2005,"116,320 mi.",Gasoline,Gray,Red,At least 1 accident or damage reported,Yes,"$6,000",3.2,6.0,Automatic
1230,BMW,328 i,2011,"67,500 mi.",Gasoline,White,Beige,None reported,Yes,"$18,000",3.0,6.0,Automatic
1231,Jeep,Grand Cherokee Limited,2020,"47,500 mi.",Gasoline,Purple,Black,None reported,Yes,"$31,000",3.6,6.0,Automatic
1232,Porsche,Macan Turbo,2016,"46,000 mi.",Gasoline,Gray,–,None reported,Yes,"$38,000",3.6,6.0,Other
1233,BMW,M240 i,2017,"37,100 mi.",Gasoline,White,Black,At least 1 accident or damage reported,Yes,"$26,125",3.0,6.0,Automatic
1234,Rivian,R1S Adventure Package,2023,"2,500 mi.",,Gray,Gray,None reported,Yes,"$91,000",,,Automatic
1235,Tesla,Model 3 Long Range,2018,"61,700 mi.",,White,Black,None reported,Yes,"$25,900",,,Automatic
1236,Ford,Shelby GT350 Base,2019,"2,800 mi.",Gasoline,Black,Black,None reported,Yes,"$91,000",5.2,8.0,Manual
1237,Lamborghini,Aventador SVJ Base,2021,"6,987 mi.",Gasoline,–,Nero Ade,None reported,Yes,"$749,950",6.5,12.0,Other
1238,Mercedes-Benz,E-Class E 350 4MATIC,2011,"199,000 mi.",Gasoline,Silver,Black,None reported,Yes,"$9,250",3.5,6.0,Automatic
1239,Mercedes-Benz,Maybach S S 600,2016,"18,069 mi.",Gasoline,Black,Black,None reported,Yes,"$79,999",6.0,12.0,Automatic
1240,Toyota,Tacoma Base,2009,"48,750 mi.",Gasoline,Brown,Silver,None reported,Yes,"$17,900",2.7,4.0,Manual
1241,Toyota,Tundra Hybrid TRD Pro,2022,"7,000 mi.",Hybrid,Orange,–,None reported,Yes,"$75,500",3.4,6.0,Automatic
1242,Land,Rover LR3 HSE,2006,"153,843 mi.",Gasoline,Red,Beige,At least 1 accident or damage reported,Yes,"$9,950",4.4,8.0,Automatic
1243,Mercedes-Benz,E-Class 400E,1993,"106,983 mi.",–,White,Gray,None reported,Yes,"$15,300",,,Automatic
1244,BMW,M8 Competition,2022,"5,018 mi.",Gasoline,–,Sakhir Orange/Black,None reported,,"$114,998",4.4,,Automatic
1245,Jaguar,E-PACE S,2019,"44,000 mi.",Gasoline,Black,Black,None reported,Yes,"$29,000",2.0,4.0,Automatic
1246,Nissan,Armada Platinum,2018,"108,206 mi.",Gasoline,White,Charcoal,At least 1 accident or damage reported,,"$26,498",5.6,,Automatic
1247,Ford,Mustang GT,2001,"52,675 mi.",Gasoline,Black,Black,None reported,Yes,"$16,995",4.6,8.0,Manual
1248,BMW,440 Gran Coupe 440i xDrive,2020,"25,990 mi.",Gasoline,White,Beige,None reported,,"$38,598",3.0,,Automatic
1249,Ford,F-150 Lightning LARIAT,2022,470 mi.,,White,Gray,None reported,Yes,"$71,900",,,Automatic
1250,Porsche,Macan,2021,"16,554 mi.",Gasoline,White,Beige,None reported,,"$51,698",2.0,,Automatic
1251,Acura,TLX V6 Tech,2015,"38,000 mi.",Gasoline,White,Black,None reported,Yes,"$21,900",3.5,6.0,Automatic
1252,Genesis,G70 2.0T,2023,"2,046 mi.",Gasoline,Green,Gray,None reported,Yes,"$43,499",2.0,4.0,Automatic
1253,McLaren,570S Spider,2020,"8,700 mi.",Gasoline,Black,Black,None reported,Yes,"$185,000",3.8,8.0,Other
1254,Tesla,Model 3 Long Range,2019,"27,123 mi.",,Red,Black,None reported,Yes,"$38,200",,,Automatic
1255,Dodge,Ram 1500 Laramie,2004,"141,209 mi.",Gasoline,Black,Black,None reported,Yes,"$5,700",5.7,8.0,Automatic
1256,Lincoln,Town Car Base,2004,"27,600 mi.",Gasoline,Black,White,None reported,Yes,"$14,900",4.6,8.0,Automatic
1257,Mercedes-Benz,GLS 450 Base 4MATIC,2020,"17,900 mi.",Hybrid,Black,Black,At least 1 accident or damage reported,Yes,"$80,000",3.0,6.0,Automatic
1258,INFINITI,Q70 3.7,2014,"70,312 mi.",Gasoline,Black,Black,None reported,Yes,"$19,995",3.7,6.0,Automatic
1259,Alfa,Romeo Giulia Ti,2021,"2,000 mi.",Gasoline,Blue,Brown,None reported,Yes,"$39,000",2.0,4.0,Automatic
1260,Audi,A6 3.0T Prestige,2015,"108,000 mi.",Gasoline,Black,Brown,None reported,Yes,"$19,998",3.0,6.0,Other
1261,Mercedes-Benz,Sprinter High Roof,2015,"110,000 mi.",Diesel,White,Gray,None reported,Yes,"$29,000",3.0,6.0,Automatic
1262,Mercedes-Benz,GLE 350 GLE 350,2022,"18,815 mi.",Gasoline,Black,Black,None reported,,"$61,998",2.0,,Automatic
1263,Tesla,Model S Long Range Plus,2021,"10,550 mi.",,Gray,Black,None reported,Yes,"$67,800",,,Automatic
1264,Lexus,RX 350 Base,2009,"178,000 mi.",Gasoline,Gray,Gray,At least 1 accident or damage reported,Yes,"$4,500",3.5,6.0,Automatic
1265,Ford,Transit Connect XL w/Rear Symmetrical Doors,2022,"22,985 mi.",Gasoline,White,Gray,None reported,Yes,"$33,500",2.5,4.0,Automatic
1266,Mazda,CX-5 Touring,2018,"61,000 mi.",Gasoline,Gray,Black,None reported,Yes,"$21,800",2.5,4.0,Other
1267,Jaguar,XF Premium,2011,"106,000 mi.",Gasoline,Brown,Beige,At least 1 accident or damage reported,Yes,"$9,400",5.0,8.0,Automatic
1268,Ford,Excursion Limited,2004,"170,000 mi.",Gasoline,Gold,Gold,None reported,Yes,"$8,500",6.8,10.0,Automatic
1269,Jeep,Wrangler Unlimited,2005,"146,000 mi.",Gasoline,Red,Black,At least 1 accident or damage reported,Yes,"$15,900",4.0,6.0,Automatic
1270,Mazda,CX-9 Signature,2018,"19,500 mi.",Gasoline,White,Brown,None reported,Yes,"$32,250",2.5,4.0,Other
1271,BMW,M3 Base,2002,"117,200 mi.",Gasoline,Black,Black,None reported,Yes,"$15,000",3.2,6.0,Automatic
1272,Porsche,Macan S,2018,"40,950 mi.",Gasoline,Black,Black,None reported,Yes,"$39,750",3.0,6.0,Automatic
1273,Lexus,CT 200h Premium,2014,"125,519 mi.",Hybrid,Black,Black,At least 1 accident or damage reported,Yes,"$16,000",1.8,4.0,Other
1274,BMW,535 i xDrive,2011,"135,000 mi.",Gasoline,Blue,Beige,None reported,Yes,"$9,999",3.0,6.0,Automatic
1275,Ford,Mustang Mach-E GT,2022,"7,661 mi.",,Star White,Black Onyx,None reported,,"$49,599",,,Automatic
1276,Dodge,Ram 2500 SLT Quad Cab,2003,"114,000 mi.",Gasoline,White,Beige,At least 1 accident or damage reported,Yes,"$10,700",5.7,8.0,Automatic
1277,Volkswagen,Passat 2.5 SE,2012,"159,870 mi.",Gasoline,White,Beige,At least 1 accident or damage reported,Yes,"$9,750",2.5,5.0,Automatic
1278,Mazda,MX-5 Miata Grand Touring,2012,"33,576 mi.",Gasoline,Red,Beige,None reported,Yes,"$18,900",2.0,4.0,Manual
1279,BMW,650 i,2009,"35,000 mi.",Gasoline,Black,Black,None reported,Yes,"$18,500",4.8,8.0,Automatic
1280,BMW,750 iL,2001,"53,814 mi.",Gasoline,Gray,Gray,,,"$11,800",5.4,12.0,Automatic
1281,Ford,F-150 Lariat,2022,"28,000 mi.",Gasoline,Black,Black,None reported,Yes,"$53,500",3.5,6.0,Automatic
1282,BMW,M4 Competition xDrive,2022,"15,882 mi.",Gasoline,Red,Silver,None reported,Yes,"$84,995",3.0,6.0,Automatic
1283,Chrysler,300C Base,2013,"87,500 mi.",Gasoline,White,Beige,None reported,Yes,"$13,750",3.6,6.0,Automatic
1284,Mercedes-Benz,SL-Class SL550 Roadster,2008,"33,300 mi.",Gasoline,White,Beige,None reported,Yes,"$34,500",5.5,8.0,Automatic
1285,Toyota,Corolla LE,2010,"72,348 mi.",Gasoline,Red,Gray,At least 1 accident or damage reported,Yes,"$9,995",1.8,4.0,Automatic
1286,Mercedes-Benz,Sprinter 3500XD High Roof,2021,"33,300 mi.",Diesel,White,Black,None reported,Yes,"$45,000",3.0,6.0,Automatic
1287,Jaguar,XF Luxury,2009,"91,491 mi.",Gasoline,Blue,Beige,None reported,Yes,"$7,000",4.2,8.0,Automatic
1288,GMC,Suburban 2500,1996,"95,000 mi.",Gasoline,White,Gray,None reported,Yes,"$25,000",7.4,8.0,Automatic
1289,Subaru,Impreza 2.0i Premium,2013,"112,000 mi.",Gasoline,Black,Beige,None reported,Yes,"$9,999",2.0,4.0,Other
1290,Land,Rover Range Rover Evoque SE,2020,"38,356 mi.",Gasoline,Firenze Red Metallic,Ebony,None reported,,"$36,598",2.0,,Automatic
1291,BMW,X6 xDrive50i,2017,"78,500 mi.",Gasoline,Red,Brown,At least 1 accident or damage reported,Yes,"$42,000",4.4,8.0,Automatic
1292,Hyundai,Genesis 3.8,2015,"92,225 mi.",Gasoline,Black,Black,At least 1 accident or damage reported,Yes,"$17,000",3.8,6.0,Automatic
1293,Cadillac,Escalade Base,2007,"150,000 mi.",Gasoline,White,Beige,None reported,Yes,"$9,999",6.2,8.0,Automatic
1294,Land,Rover Range Rover Evoque Base,2012,"92,080 mi.",Gasoline,Gray,Black,None reported,Yes,"$14,500",2.0,4.0,Automatic
1295,Chevrolet,Corvette Z06,2016,"41,500 mi.",Gasoline,White,Black,None reported,Yes,"$66,000",6.2,8.0,Manual
1296,Land,Rover Range Rover Sport Supercharged HSE,2015,"175,000 mi.",Gasoline,Black,Black,None reported,Yes,"$19,500",3.0,6.0,Automatic
1297,Nissan,Titan SV,2021,"27,598 mi.",Gasoline,Black,Black,None reported,,"$39,884",5.6,8.0,Automatic
1298,Mercedes-Benz,E-Class E 550,2014,"80,581 mi.",Gasoline,Gray,Beige,None reported,Yes,"$26,000",4.7,8.0,Other
1299,Rolls-Royce,Ghost Base,2011,"79,000 mi.",Gasoline,Black,White,At least 1 accident or damage reported,Yes,"$80,300",6.6,12.0,Automatic
1300,BMW,550 Gran Turismo i,2013,"79,341 mi.",Gasoline,Gold,Brown,None reported,Yes,"$16,800",4.4,8.0,Automatic
1301,Land,Rover Range Rover Sport HSE,2007,"220,000 mi.",Gasoline,White,Beige,None reported,Yes,"$5,750",4.4,8.0,Automatic
1302,BMW,328 i xDrive,2011,"110,000 mi.",Gasoline,Black,Beige,At least 1 accident or damage reported,Yes,"$6,000",3.0,6.0,Automatic
1303,BMW,M4 Competition,2023,"3,950 mi.",Gasoline,White,Blue,None reported,Yes,"$83,500",3.0,6.0,Automatic
1304,Cadillac,CTS 2.0L Turbo Luxury,2014,"110,000 mi.",Gasoline,Gold,Beige,None reported,Yes,"$11,000",2.0,4.0,Automatic
1305,Chrysler,Sebring LX,2008,"67,303 mi.",Gasoline,Blue,Blue,None reported,Yes,"$4,900",2.4,4.0,Automatic
1306,Audi,S4 3.0T Premium Plus,2018,"26,500 mi.",Gasoline,Gray,Black,At least 1 accident or damage reported,Yes,"$38,000",3.0,6.0,Automatic
1307,Lexus,ES 250 Base,2021,"24,364 mi.",Gasoline,Eminent White Pearl,Chateau,None reported,,"$37,998",2.5,,Automatic
1308,BMW,330 i,2021,"26,000 mi.",Gasoline,Black,Black,None reported,Yes,"$37,000",2.0,4.0,Other
1309,Toyota,Tundra SR5,2022,"29,322 mi.",Gasoline,Gray,Black,None reported,,"$44,999",3.4,6.0,Automatic
1310,Audi,A6 55 Premium Plus,2023,"6,581 mi.",Gasoline,Chronos Gray Metallic,Black,None reported,,"$59,900",3.0,,Automatic
1311,Subaru,Outback Limited XT,2020,"36,844 mi.",Gasoline,Magnetite Gray Metallic,Black,At least 1 accident or damage reported,,"$30,427",2.4,,Automatic
1312,Ford,Mustang Mach-E Select,2021,"18,000 mi.",,Blue,Black,None reported,Yes,"$39,499",,,Automatic
1313,BMW,M4 Competition xDrive,2022,"3,213 mi.",Gasoline,Black,Red,None reported,Yes,"$89,995",3.0,6.0,Automatic
1314,Mercedes-Benz,G-Class G 550 4MATIC,2020,"45,000 mi.",Gasoline,Black,Black,None reported,Yes,"$133,000",4.0,8.0,Automatic
1315,Lexus,ES 350 Base,2016,"53,900 mi.",Gasoline,Red,Beige,None reported,Yes,"$27,500",3.5,6.0,Automatic
1316,Ford,F-250 Lariat,2019,"85,000 mi.",Diesel,Black,Black,At least 1 accident or damage reported,Yes,"$52,500",6.7,8.0,Automatic
1317,GMC,Terrain SLE,2022,"27,352 mi.",Gasoline,Summit White,Jet Black,None reported,,"$27,785",1.5,4.0,Automatic
1318,Jeep,Wrangler Sport,2020,"26,315 mi.",Gasoline,Black Clearcoat,Black,None reported,Yes,"$31,871",2.0,4.0,Automatic
1319,Audi,e-tron Prestige,2019,"7,874 mi.",,Typhoon Gray Metallic,Pearl Beige,None reported,,"$38,999",,,Automatic
1320,Kia,Telluride EX,2022,"14,676 mi.",Gasoline,Dark Moss,Gray,None reported,,"$46,787",3.8,6.0,Automatic
1321,INFINITI,QX70 Base,2015,"87,009 mi.",Gasoline,Gray,Black,None reported,Yes,"$17,800",3.7,6.0,Automatic
1322,Chevrolet,1500 Cheyenne,1994,"170,443 mi.",–,Red,–,At least 1 accident or damage reported,Yes,"$6,000",,,Automatic
1323,Subaru,Impreza WRX STI,2014,"77,000 mi.",Gasoline,Gray,Black,At least 1 accident or damage reported,Yes,"$30,000",2.5,4.0,Manual
1324,Jaguar,XK8 Base,1999,"15,000 mi.",Gasoline,Green,Beige,None reported,Yes,"$16,370",4.0,8.0,Automatic
1325,Land,Rover Discovery S,2003,"121,886 mi.",Gasoline,White,Beige,At least 1 accident or damage reported,Yes,"$6,000",4.6,8.0,Automatic
1326,Kia,Telluride EX X-Line,2023,"10,400 mi.",Gasoline,Green,Green,None reported,Yes,"$48,000",3.8,6.0,Automatic
1327,Pontiac,Solstice GXP,2007,"25,718 mi.",Gasoline,Yellow,Black,None reported,Yes,"$17,900",2.0,4.0,Manual
1328,Cadillac,Escalade Sport Platinum,2021,"15,689 mi.",Diesel,Infrared Tintcoat,Jet Black,None reported,,"$97,952",3.0,6.0,Automatic
1329,Subaru,Forester 2.5i Limited,2015,"90,000 mi.",Gasoline,Silver,Gray,None reported,Yes,"$16,000",2.5,4.0,Other
1330,Toyota,Venza XLE,2013,"103,466 mi.",Gasoline,White,Gray,At least 1 accident or damage reported,Yes,"$14,200",3.5,6.0,Automatic
1331,Maybach,Type 57 Base,2004,"34,254 mi.",Gasoline,Brown,–,None reported,Yes,"$64,250",5.5,12.0,Automatic
1332,Mercedes-Benz,GLE 350 Base 4MATIC,2020,"48,000 mi.",Gasoline,Black,Black,None reported,Yes,"$49,995",2.0,4.0,Automatic
1333,Nissan,Armada Platinum,2017,"92,000 mi.",Gasoline,Black,Black,None reported,Yes,"$20,900",5.6,8.0,Automatic
1334,Scion,tC Anniversary Edition,2014,"115,000 mi.",Gasoline,Silver,Silver,None reported,Yes,"$11,495",2.5,4.0,Manual
1335,Jeep,Grand Cherokee L Limited,2022,"18,333 mi.",Gasoline,Velvet Red Pearlcoat,Global Black,None reported,,"$41,599",3.6,6.0,Automatic
1336,GMC,Savana 2500 Work Van,2018,"63,460 mi.",E85 Flex Fuel,White,Beige,None reported,Yes,"$33,000",6.0,8.0,Automatic
1337,Audi,A3 2.0T Premium,2012,"111,564 mi.",Gasoline,White,Black,None reported,Yes,"$11,200",2.0,4.0,Automatic
1338,Ford,Expedition King Ranch,2020,"58,700 mi.",Gasoline,Black,Brown,At least 1 accident or damage reported,Yes,"$48,999",3.5,6.0,Automatic
1339,Ford,Expedition Max XLT,2021,"84,351 mi.",Gasoline,Blue,Ebony,None reported,Yes,"$42,691",3.5,6.0,Automatic
1340,Volvo,S60 R,2004,"167,000 mi.",Gasoline,Black,Beige,None reported,Yes,"$8,000",2.5,5.0,Manual
1341,Mercedes-Benz,S-Class S 580 4MATIC,2021,"4,700 mi.",Hybrid,Black,Black,None reported,Yes,"$99,900",4.0,8.0,Automatic
1342,BMW,740 i,2016,"57,939 mi.",Gasoline,Gray,Black,None reported,Yes,"$27,500",3.0,6.0,Automatic
1343,BMW,328 xi,2007,"83,000 mi.",Gasoline,Black,Brown,None reported,Yes,"$8,995",3.0,6.0,Automatic
1344,Toyota,Corolla Hybrid LE,2022,"44,459 mi.",Hybrid,Silver,Gray,None reported,Yes,"$22,945",1.8,4.0,Automatic
1345,Kia,Sportage SX Turbo,2017,"87,842 mi.",Gasoline,Black Cherry,Black,None reported,Yes,"$18,688",2.0,4.0,Automatic
1346,Honda,Odyssey LX,2011,"185,000 mi.",Gasoline,Purple,–,None reported,Yes,"$8,900",3.5,6.0,Automatic
1347,Ford,Ranger XLT SuperCab,2002,"192,100 mi.",Gasoline,Gold,Beige,At least 1 accident or damage reported,Yes,"$6,450",4.0,6.0,Automatic
1348,BMW,X5 PHEV xDrive45e,2023,"15,736 mi.",Plug-In Hybrid,Blue,Brown,None reported,Yes,"$67,900",3.0,6.0,Automatic
1349,Mercedes-Benz,AMG C 43 Base 4MATIC,2017,"39,000 mi.",Gasoline,White,Black,At least 1 accident or damage reported,Yes,"$39,000",3.0,6.0,Automatic
1350,Chevrolet,Silverado 1500 Hybrid 1HY,2011,"82,963 mi.",Hybrid,White,Black,None reported,Yes,"$20,995",6.0,8.0,Automatic
1351,Toyota,4Runner TRD Off Road,2019,"79,500 mi.",Gasoline,White,Black,None reported,Yes,"$33,333",4.0,6.0,Automatic
1352,Mercedes-Benz,GL-Class GL 450 4MATIC,2015,"47,000 mi.",Gasoline,Silver,Black,None reported,Yes,"$30,089",3.0,6.0,Automatic
1353,Audi,RS 5 4.2,2014,"49,098 mi.",Gasoline,White,Black,At least 1 accident or damage reported,Yes,"$44,900",4.2,8.0,Other
1354,BMW,435 i xDrive,2014,"90,347 mi.",Gasoline,Silver,Black,None reported,Yes,"$21,800",3.0,6.0,Automatic
1355,Mercedes-Benz,CLA-Class CLA 250,2014,"76,170 mi.",Gasoline,Gray,Black,At least 1 accident or damage reported,Yes,"$16,500",2.0,4.0,Other
1356,BMW,740 Li,2012,"85,252 mi.",Gasoline,Black,Black,None reported,Yes,"$18,500",3.0,6.0,Automatic
1357,Subaru,Outback 3.6R Limited,2016,"87,092 mi.",Gasoline,Blue,Black,At least 1 accident or damage reported,Yes,"$19,500",3.6,6.0,Automatic
1358,Hyundai,Veloster Value Edition,2017,"55,359 mi.",Gasoline,Ironman Silver,Black,None reported,,"$15,599",1.6,4.0,Automatic
1359,Mercedes-Benz,E-Class E 350 4MATIC,2013,"81,000 mi.",Gasoline,Gray,Beige,At least 1 accident or damage reported,Yes,"$13,000",3.5,6.0,Automatic
1360,Honda,Accord Hybrid Touring,2017,"96,400 mi.",Hybrid,White,Beige,At least 1 accident or damage reported,Yes,"$18,500",2.0,4.0,Other
1361,Subaru,WRX STI Base,2016,"84,100 mi.",Gasoline,Gray,Black,None reported,Yes,"$34,000",2.5,4.0,Manual
1362,Ford,Bronco,1974,"6,217 mi.",–,Dark Gray Metallic,–,None reported,Yes,"$115,000",,,Other
1363,Chevrolet,Corvette ZR-1,2009,"18,000 mi.",Gasoline,Gray,Black,None reported,Yes,"$78,000",6.2,8.0,Manual
1364,Jaguar,XF 35t R-Sport,2017,"48,000 mi.",Gasoline,Red,Black,At least 1 accident or damage reported,Yes,"$30,000",3.0,6.0,Automatic
1365,Lincoln,MKC Reserve,2019,"35,469 mi.",Gasoline,Black,–,,,"$30,890",2.3,4.0,Automatic
1366,Mercedes-Benz,Sprinter High Roof,2014,"65,000 mi.",Diesel,Black,Black,At least 1 accident or damage reported,Yes,"$54,999",3.0,6.0,Automatic
1367,Jeep,Wagoneer Series III,2022,"9,099 mi.",Gasoline,Velvet Red Pearlcoat,Global Black,None reported,Yes,"$68,362",5.7,8.0,Automatic
1368,Plymouth,Prowler Base,2001,"22,300 mi.",Gasoline,Blue,Gray,None reported,Yes,"$28,500",3.5,6.0,Automatic
1369,Hyundai,Sonata Hybrid Limited,2022,"30,565 mi.",Hybrid,Gray,Black,None reported,Yes,"$29,000",2.0,4.0,Automatic
1370,INFINITI,QX56 Base,2012,"110,000 mi.",Gasoline,White,Beige,None reported,Yes,"$15,600",5.6,8.0,Other
1371,Ford,Bronco Outer Banks,2021,"19,590 mi.",Gasoline,Blue,Gray,None reported,Yes,"$54,999",2.7,6.0,Automatic
1372,Chevrolet,Camaro Z28,1999,"58,800 mi.",Gasoline,White,White,None reported,Yes,"$15,000",5.7,8.0,Automatic
1373,GMC,Sierra 1500 SL Crew Cab,2009,"137,000 mi.",Gasoline,Red,–,None reported,Yes,"$20,000",4.8,8.0,Automatic
1374,Honda,Civic LX,2016,"96,473 mi.",Gasoline,Black,Black,None reported,,"$15,599",2.0,4.0,Automatic
1375,GMC,Sierra 1500 SLT,2021,"23,400 mi.",Gasoline,Black,Black,None reported,Yes,"$52,000",6.2,8.0,Automatic
1376,Ford,Mustang V6,2016,"54,000 mi.",Gasoline,White,Black,None reported,Yes,"$23,999",3.7,6.0,Automatic
1377,Ford,Transit Connect XLT,2015,"112,000 mi.",Gasoline,White,Black,At least 1 accident or damage reported,Yes,"$14,500",2.5,4.0,Automatic
1378,Hummer,H3 Base,2007,"153,692 mi.",Gasoline,Beige,Black,None reported,Yes,"$9,995",3.7,5.0,Automatic
1379,Bentley,Bentayga W12 Signature,2018,"31,875 mi.",Gasoline,White,Black,None reported,Yes,"$115,785",6.0,12.0,Automatic
1380,GMC,Yukon SLT,2015,"94,500 mi.",Gasoline,White,Beige,At least 1 accident or damage reported,Yes,"$30,000",5.3,8.0,Automatic
1381,Chevrolet,Corvette Base,2008,"80,000 mi.",Gasoline,Red,Beige,None reported,Yes,"$31,000",6.2,8.0,Automatic
1382,Pontiac,Firebird Trans Am,1997,"134,033 mi.",Gasoline,Red,Beige,At least 1 accident or damage reported,Yes,"$7,200",5.7,8.0,Automatic
1383,Ford,F-250 XLT,2019,"92,671 mi.",Diesel,Black,Black,At least 1 accident or damage reported,Yes,"$50,000",6.7,8.0,Automatic
1384,Maserati,Quattroporte Base,2006,"61,840 mi.",Gasoline,Gray,Beige,None reported,Yes,"$16,500",4.2,8.0,Other
1385,Ford,Explorer Platinum,2020,"64,552 mi.",Gasoline,Iconic Silver Metallic,Ebony,At least 1 accident or damage reported,Yes,"$36,750",3.0,6.0,Automatic
1386,Nissan,GT-R Premium,2017,"37,800 mi.",Gasoline,Orange,Orange,None reported,Yes,"$149,500",3.8,6.0,Other
1387,Lexus,ES 300h Base,2013,"87,001 mi.",Hybrid,Gold,Beige,None reported,Yes,"$17,995",2.5,4.0,Other
1388,Volkswagen,Touareg TDI Lux,2015,"15,167 mi.",Diesel,Gold,Black,None reported,Yes,"$35,000",3.0,6.0,Automatic
1389,Jeep,Wrangler Sport,2002,"103,500 mi.",Gasoline,Yellow,Gray,None reported,Yes,"$12,500",4.0,6.0,Manual
1390,Mercedes-Benz,Metris Base,2019,"10,500 mi.",Gasoline,Black,Brown,None reported,Yes,"$79,500",2.0,4.0,Automatic
1391,Toyota,Tacoma PreRunner,2011,"149,000 mi.",Gasoline,Black,Beige,None reported,Yes,"$18,995",4.0,6.0,Automatic
1392,Volkswagen,Golf GTI 2.0T SE 4-Door,2016,"90,000 mi.",Gasoline,Gray,Black,None reported,Yes,"$16,750",2.0,4.0,Automatic
1393,Rivian,R1T Launch Edition,2022,"8,681 mi.",,Gray,Black,None reported,Yes,"$82,000",,,Automatic
1394,Toyota,Tacoma TRD Sport,2019,"36,283 mi.",Gasoline,Barcelona Red,Black,None reported,,"$39,598",3.5,,Automatic
1395,Toyota,RAV4 Base,2009,"78,500 mi.",Gasoline,Silver,–,None reported,Yes,"$12,000",2.5,4.0,Automatic
1396,Chevrolet,Corvette Z06,2016,"49,000 mi.",Gasoline,Orange,–,None reported,Yes,"$75,000",6.2,8.0,Manual
1397,Lexus,RX 450h Base,2010,"168,422 mi.",Hybrid,Black,Beige,At least 1 accident or damage reported,Yes,"$10,900",3.5,6.0,Automatic
1398,Ford,Excursion Limited,2003,"67,550 mi.",Diesel,Gold,Beige,None reported,Yes,"$30,000",6.0,8.0,Automatic
1399,Jeep,Gladiator Willys,2022,"8,400 mi.",Gasoline,Black,Black,At least 1 accident or damage reported,Yes,"$47,000",3.6,6.0,Automatic
1400,Chevrolet,Camaro 2SS,2022,"22,000 mi.",Gasoline,Blue,Black,None reported,Yes,"$50,000",6.2,8.0,Manual
1401,Toyota,GR86 Premium,2022,"1,275 mi.",Gasoline,Blue,Black,None reported,Yes,"$47,999",2.4,4.0,Automatic
1402,Toyota,4Runner Venture,2021,"27,000 mi.",Gasoline,White,Black,None reported,Yes,"$48,500",4.0,6.0,Automatic
1403,Ford,F-250 King Ranch,2015,"97,700 mi.",Diesel,Black,–,None reported,Yes,"$39,950",6.7,8.0,Automatic
1404,Chevrolet,Tahoe LTZ,2007,"177,000 mi.",E85 Flex Fuel,Gold,Beige,At least 1 accident or damage reported,Yes,"$10,750",5.3,8.0,Automatic
1405,Kia,Sportage LX,2010,"208,321 mi.",Gasoline,White,Beige,None reported,Yes,"$3,500",2.7,6.0,Automatic
1406,Toyota,Sequoia Limited,2012,"150,900 mi.",Gasoline,Black,Gray,None reported,Yes,"$17,500",5.7,8.0,Automatic
1407,Lincoln,Navigator Select,2016,"158,000 mi.",Gasoline,Red,Beige,None reported,Yes,"$19,780",3.5,6.0,Other
1408,RAM,1500 Tradesman/Express,2017,"72,000 mi.",Gasoline,Blue,Beige,At least 1 accident or damage reported,Yes,"$24,200",5.7,8.0,Automatic
1409,Kia,Sportage Nightfall,2022,"26,468 mi.",Gasoline,Pacific Blue,Black,At least 1 accident or damage reported,Yes,"$27,875",2.4,4.0,Automatic
1410,Mazda,CX-5 Grand Touring,2021,"61,117 mi.",Gasoline,Sonic Silver Metallic,Black,None reported,Yes,"$26,485",2.5,4.0,Automatic
1411,Ford,Mustang GT,2018,"53,782 mi.",Gasoline,Black,Black,At least 1 accident or damage reported,Yes,"$29,950",5.0,8.0,Manual
1412,Toyota,Tacoma TRD Pro,2019,"40,698 mi.",Gasoline,Super White,Black,None reported,,"$42,886",3.5,6.0,Other
1413,Chevrolet,Suburban LT,2018,"75,466 mi.",Gasoline,Gray,Black,None reported,Yes,"$34,500",5.3,8.0,Automatic
1414,Ford,F-150 Raptor,2022,"17,451 mi.",Gasoline,Oxford White,Rhapsody Blue,None reported,,"$77,900",3.5,6.0,Automatic
1415,Mercedes-Benz,AMG GLA 45 Base 4MATIC,2018,"51,700 mi.",Gasoline,White,Black,None reported,Yes,"$32,000",2.0,4.0,Other
1416,Lexus,RX 350 F Sport,2023,"5,483 mi.",Gasoline,Ultra White,Black,None reported,,"$59,950",2.4,4.0,Automatic
1417,BMW,325 i,2005,"190,395 mi.",Gasoline,Black,Brown,None reported,Yes,"$5,000",2.5,6.0,Automatic
1418,BMW,M5 Base,2018,"47,700 mi.",Gasoline,Red,White,At least 1 accident or damage reported,Yes,"$54,999",4.4,8.0,Automatic
1419,Honda,Ridgeline RTL-E,2022,"9,642 mi.",Gasoline,Radiant Red Metallic II,Black,None reported,,"$38,999",3.5,6.0,Automatic
1420,Kia,Sorento Hybrid EX,2022,"36,100 mi.",Hybrid,Black,White,None reported,Yes,"$37,500",1.6,4.0,Automatic
1421,Dodge,Caliber Express,2010,"102,681 mi.",Gasoline,Red,Black,None reported,Yes,"$6,000",2.0,4.0,Manual
1422,Subaru,Impreza WRX Sti Special Edition,2010,"8,700 mi.",Gasoline,Gray,Black,None reported,Yes,"$39,900",2.5,4.0,Manual
1423,Volvo,C70 T5,2011,"199,000 mi.",Gasoline,Red,Beige,At least 1 accident or damage reported,Yes,"$5,500",2.5,5.0,Other
1424,Acura,TLX V6 Advance,2016,"128,000 mi.",Gasoline,Gray,Black,None reported,Yes,"$19,500",3.5,6.0,Automatic
1425,Cadillac,Escalade ESV Platinum,2016,"168,600 mi.",Gasoline,White,Beige,None reported,Yes,"$29,500",6.2,8.0,Automatic
1426,BMW,135 i,2008,"87,000 mi.",Gasoline,White,Beige,None reported,Yes,"$15,300",3.0,6.0,Automatic
1427,Ford,Edge Sport,2011,"132,000 mi.",Gasoline,Black,Black,At least 1 accident or damage reported,Yes,"$10,999",3.7,6.0,Other
1428,Toyota,Tacoma SR5,2018,"25,083 mi.",Gasoline,Red,Gray,At least 1 accident or damage reported,Yes,"$34,955",3.5,6.0,Automatic
1429,Audi,e-tron Premium,2021,"18,031 mi.",,Navarra Blue Metallic,Black,None reported,,"$39,599",,,Automatic
1430,Mazda,MX-5 Miata Sport,2008,"39,800 mi.",Gasoline,Blue,Black,None reported,Yes,"$13,250",2.0,4.0,Other
1431,Mercedes-Benz,AMG C 63 S,2017,"46,000 mi.",Gasoline,Gray,Black,None reported,Yes,"$56,000",4.0,8.0,Automatic
1432,Tesla,Model Y Long Range,2021,"61,308 mi.",,White,White,None reported,Yes,"$42,000",,,Automatic
1433,BMW,428 i,2014,"71,000 mi.",Gasoline,White,Black,At least 1 accident or damage reported,Yes,"$16,700",2.0,4.0,Other
1434,Cadillac,Escalade Sport,2023,"3,000 mi.",Diesel,White,Brown,None reported,Yes,"$123,999",3.0,6.0,Automatic
1435,Bentley,Continental GT V8,2022,"1,795 mi.",Gasoline,Onyx Black,Beluga,None reported,,"$269,991",4.0,,Automatic
1436,Toyota,4Runner Limited,2021,"25,882 mi.",Gasoline,Midnight Black Metallic,–,None reported,,"$43,837",4.0,,Automatic
1437,Maserati,Ghibli S Q4,2016,"1,000 mi.",Gasoline,Gray,Red,None reported,Yes,"$36,000",3.0,6.0,Other
1438,Mercedes-Benz,C-Class C300 4MATIC,2022,"13,177 mi.",Gasoline,White,Silk Beige/Black,None reported,,"$44,798",2.0,,Automatic
1439,Ford,Bronco Badlands,2021,"32,437 mi.",Gasoline,Gray,Black,None reported,Yes,"$51,000",2.7,6.0,Automatic
1440,Audi,A4 2.0T Tech Premium,2018,"27,532 mi.",Gasoline,Gray,Black,None reported,Yes,"$27,900",2.0,4.0,Automatic
1441,BMW,X3 M40i,2021,"36,905 mi.",Gasoline,Blue,Beige,None reported,Yes,"$50,000",3.0,6.0,Other
1442,Hyundai,Genesis 3.8,2015,"116,612 mi.",Gasoline,White,White,At least 1 accident or damage reported,Yes,"$12,700",3.8,6.0,Automatic
1443,Jaguar,XF XFR-S,2013,"4,279 mi.",Gasoline,White,Black,,,"$70,000",5.0,8.0,Automatic
1444,Land,Rover Range Rover P530 SE LWB 7 Seat,2023,350 mi.,Gasoline,Black,Beige,None reported,Yes,"$195,000",4.4,8.0,Other
1445,Cadillac,CT5-V Blackwing,2023,"2,415 mi.",Gasoline,Rift Metallic,Gray,None reported,,"$104,900",6.2,8.0,Automatic
1446,Cadillac,Escalade Platinum Edition,2012,"160,249 mi.",E85 Flex Fuel,Black,Black,None reported,Yes,"$12,900",6.2,8.0,Automatic
1447,Dodge,Ram 1500 SRT-10,2004,"73,000 mi.",Gasoline,Black,Gray,None reported,Yes,"$22,500",8.3,10.0,Manual
1448,Ford,Expedition Platinum,2020,"69,849 mi.",Gasoline,Red,Ebony,None reported,Yes,"$48,149",3.5,6.0,Automatic
1449,Ford,Utility Police Interceptor Base,2017,"118,000 mi.",Gasoline,Black,Black,None reported,Yes,"$15,000",3.5,6.0,Automatic
1450,Ford,Transit-350 XL,2017,"134,000 mi.",Gasoline,Silver,Gray,None reported,Yes,"$26,500",3.5,6.0,Automatic
1451,Mercedes-Benz,AMG E 53 Base 4MATIC,2022,"13,000 mi.",Hybrid,Silver,Black,None reported,Yes,"$81,500",3.0,6.0,Automatic
1452,Jeep,Wrangler Rubicon,2014,"99,450 mi.",Gasoline,Gray,Black,None reported,Yes,"$21,000",3.6,6.0,Manual
1453,BMW,535 i xDrive,2014,"119,750 mi.",Gasoline,White,Beige,None reported,Yes,"$15,499",3.0,6.0,Automatic
1454,GMC,Terrain SLT-1,2013,"11,563 mi.",Gasoline,Blue,Black,At least 1 accident or damage reported,Yes,"$12,300",2.4,4.0,Automatic
1455,Acura,TLX Type S PMC Edition,2023,"13,600 mi.",Gasoline,Blue,White,None reported,Yes,"$65,000",3.0,6.0,Automatic
1456,Mercedes-Benz,Sprinter 2500,2011,"120,000 mi.",Diesel,Black,Gray,None reported,Yes,"$31,999",3.0,6.0,Automatic
1457,Cadillac,Escalade ESV Platinum,2017,"134,000 mi.",Gasoline,Gold,Brown,None reported,Yes,"$32,999",6.2,8.0,Automatic
1458,Chevrolet,Corvette Stingray w/2LT,2022,"11,089 mi.",Gasoline,Silver Flare Metallic,Adrenaline Red,None reported,,"$80,900",6.2,8.0,Manual
1459,Land,Rover Discovery HSE LUXURY,2017,"47,200 mi.",Gasoline,Black,Beige,At least 1 accident or damage reported,Yes,"$29,000",3.0,6.0,Automatic
1460,Toyota,Sequoia Limited,2023,"8,200 mi.",Hybrid,Brown,Black,None reported,Yes,"$78,900",3.4,6.0,Automatic
1461,Kia,EV6 Wind,2022,"11,945 mi.",,Glacier,Black,None reported,,"$38,998",,,Automatic
1462,BMW,X5 PHEV xDrive45e,2023,"3,099 mi.",Plug-In Hybrid,Black,Black,None reported,Yes,"$74,995",3.0,6.0,Automatic
1463,Lamborghini,Huracan LP580-2,2017,"14,586 mi.",Gasoline,Blue Caelum,Nero Ade,None reported,,"$209,991",5.2,,Automatic
1464,GMC,Sierra 1500 SLT,2016,"85,000 mi.",Gasoline,White,Black,None reported,Yes,"$32,750",5.3,8.0,Automatic
1465,Land,Rover Range Rover Evoque Pure,2015,"115,550 mi.",Gasoline,White,Black,None reported,Yes,"$17,500",2.0,4.0,Automatic
1466,Ford,Transit-350 Base,2015,"112,000 mi.",Gasoline,White,Gray,At least 1 accident or damage reported,Yes,"$29,500",3.5,6.0,Automatic
1467,Ford,Focus SE,2014,"79,615 mi.",Gasoline,Black,Charcoal Black,None reported,Yes,"$10,995",2.0,4.0,Automatic
1468,Tesla,Model S Long Range,2021,"35,315 mi.",,White,Black,None reported,Yes,"$66,900",,,Automatic
1469,Land,Rover Range Rover P525 HSE SWB,2020,"49,899 mi.",Gasoline,White,Black,At least 1 accident or damage reported,Yes,"$64,500",5.0,8.0,Other
1470,RAM,1500 TRX,2021,"15,183 mi.",Gasoline,Black,Black,None reported,Yes,"$90,000",6.2,8.0,Automatic
1471,Porsche,911 Carrera,2015,"43,500 mi.",Gasoline,Black,Black,None reported,Yes,"$66,500",3.4,6.0,Automatic
1472,Ford,Expedition Max Limited,2019,"67,500 mi.",Gasoline,Gray,Black,None reported,Yes,"$40,500",3.5,6.0,Automatic
1473,Cadillac,LYRIQ Luxury,2023,"1,090 mi.",,Gray,Silver,None reported,Yes,"$68,750",,,Automatic
1474,INFINITI,QX80 Luxe,2020,"69,000 mi.",Gasoline,Gray,Black,None reported,Yes,"$31,450",5.6,8.0,Automatic
1475,Jaguar,XE 20d Prestige,2018,"34,322 mi.",Diesel,Blue,Beige,None reported,,"$29,998",2.0,,Automatic
1476,Kia,Sorento Plug-In Hybrid SX,2022,"15,583 mi.",Hybrid,Aurora Black,Gray,None reported,,"$40,599",1.6,4.0,Automatic
1477,RAM,1500 Rebel,2018,"54,800 mi.",Gasoline,White,Black,At least 1 accident or damage reported,Yes,"$37,050",5.7,8.0,Automatic
1478,Jeep,Wrangler Unlimited Sahara,2020,"61,830 mi.",Gasoline,Granite Crystal Clearcoat Metallic,Black,At least 1 accident or damage reported,,"$39,860",2.0,4.0,Automatic
1479,Mazda,MazdaSpeed Miata MX-5 Base,2004,"33,362 mi.",Gasoline,Silver,Black,At least 1 accident or damage reported,Yes,"$17,599",1.8,4.0,Manual
1480,Bentley,Continental GT GT Speed,2022,"1,919 mi.",Gasoline,Granite,Porpoise,None reported,,"$289,991",,12.0,Automatic
1481,Nissan,Rogue S,2022,"21,212 mi.",Gasoline,Gun Metallic,Charcoal,None reported,,"$28,906",1.5,3.0,Automatic
1482,Nissan,Leaf S,2018,"56,450 mi.",,Black,Black,At least 1 accident or damage reported,Yes,"$13,999",,,Automatic
1483,Kia,Niro Plug-In Hybrid EX Premium,2022,"36,602 mi.",Hybrid,Horizon Blue,Charcoal,None reported,Yes,"$31,995",1.6,4.0,Automatic
1484,Mercedes-Benz,AMG GT 53 Base,2022,"2,235 mi.",Hybrid,Gray,Red,None reported,Yes,"$110,000",3.0,6.0,Other
1485,Cadillac,ATS 2.0L Turbo,2018,"32,000 mi.",Gasoline,Gray,Black,None reported,Yes,"$22,999",2.0,4.0,Automatic
1486,INFINITI,QX80 Luxe,2022,"49,860 mi.",Gasoline,Black Obsidian,Graphite,At least 1 accident or damage reported,Yes,"$47,645",5.6,8.0,Automatic
1487,RAM,1500 Limited,2021,"22,000 mi.",Gasoline,Black,Black,None reported,Yes,"$54,800",5.7,8.0,Automatic
1488,Toyota,Highlander Platinum,2020,"41,000 mi.",Gasoline,Blue,Black,None reported,Yes,"$38,700",3.5,6.0,Automatic
1489,MINI,Cooper S Base,2007,"110,022 mi.",Gasoline,Silver,Black,None reported,Yes,"$6,250",1.6,4.0,Manual
1490,BMW,M6 Base,2015,"17,900 mi.",Gasoline,Black,Black,None reported,Yes,"$59,900",4.4,8.0,Other
1491,Alfa,Romeo Giulia Base,2017,"36,000 mi.",Gasoline,White,Red,None reported,Yes,"$21,000",2.0,4.0,Automatic
1492,Volkswagen,Arteon 2.0T SEL R-Line,2020,"15,500 mi.",Gasoline,Silver,Black,None reported,Yes,"$30,000",2.0,4.0,Automatic
1493,BMW,430 i,2017,"58,880 mi.",Gasoline,White,Brown,None reported,Yes,"$21,000",2.0,4.0,Automatic
1494,MINI,Cooper S Base,2012,"66,000 mi.",Gasoline,White,Black,None reported,Yes,"$10,999",1.6,4.0,Automatic
1495,Mercedes-Benz,E-Class E 300 4MATIC,2017,"36,900 mi.",Gasoline,Gray,Beige,None reported,Yes,"$28,500",2.0,4.0,Automatic
1496,Mercedes-Benz,Sprinter 2500 Standard Roof,2022,"16,113 mi.",Diesel,Gray,Black,None reported,Yes,"$111,000",3.0,6.0,Automatic
1497,Nissan,Murano SL,2007,"120,000 mi.",Gasoline,Silver,Black,None reported,Yes,"$6,750",3.5,6.0,Automatic
1498,RAM,3500 Laramie,2014,"177,000 mi.",Diesel,Black,–,At least 1 accident or damage reported,Yes,"$40,500",6.7,6.0,Automatic
1499,Land,Rover Range Rover P530 SE SWB,2023,"2,800 mi.",Gasoline,White,Red,None reported,Yes,"$175,000",4.4,8.0,Automatic
1500,Honda,S2000 Base,2000,"26,900 mi.",Gasoline,Silver,Red,None reported,Yes,"$35,000",2.0,4.0,Manual
1501,BMW,X6 sDrive35i,2016,"70,582 mi.",Gasoline,Black,White,At least 1 accident or damage reported,Yes,"$35,000",3.0,6.0,Automatic
1502,Dodge,Dakota Sport,2002,"150,000 mi.",Gasoline,Black,Gray,At least 1 accident or damage reported,Yes,"$5,500",3.9,6.0,Manual
1503,BMW,750 i,2018,"81,500 mi.",Gasoline,White,White,None reported,Yes,"$41,250",4.4,8.0,Automatic
1504,Porsche,911 Carrera,2020,"23,278 mi.",Gasoline,Blue,–,None reported,,"$114,998",3.0,,Automatic
1505,McLaren,570S Spider,2018,"8,984 mi.",Gasoline,Vega Blue,Black,None reported,,"$171,900",3.8,8.0,Automatic
1506,Ford,Explorer Eddie Bauer,2010,"144,200 mi.",Gasoline,Black,Beige,None reported,Yes,"$9,999",4.0,6.0,Automatic
1507,Toyota,Land Cruiser Base,1997,"213,000 mi.",Gasoline,White,Beige,None reported,Yes,"$26,500",4.5,6.0,Automatic
1508,Bentley,Continental GT Base,2009,"43,000 mi.",Gasoline,Black,Black,None reported,Yes,"$48,500",6.0,12.0,Automatic
1509,Porsche,Cayenne GTS,2013,"98,413 mi.",Gasoline,Green,Black,At least 1 accident or damage reported,Yes,"$34,900",4.8,8.0,Other
1510,Lincoln,MKZ Base,2011,"83,765 mi.",Gasoline,Black,Black,None reported,Yes,"$8,995",3.5,6.0,Automatic
1511,Nissan,GT-R Black Edition,2015,"16,850 mi.",Gasoline,White,Black,None reported,Yes,"$95,000",3.8,6.0,Other
1512,Tesla,Model X Long Range,2022,"7,500 mi.",,Silver,Black,None reported,Yes,"$84,000",,,Automatic
1513,Audi,Q7 3.0T Prestige,2018,"70,773 mi.",Gasoline,White,Black,None reported,Yes,"$30,950",3.0,6.0,Automatic
1514,Lexus,RX 450h Base,2018,"70,780 mi.",Hybrid,Silver,Gray,None reported,Yes,"$35,700",3.5,6.0,Other
1515,Chevrolet,Suburban LT,2020,"93,000 mi.",Gasoline,Black,Black,None reported,Yes,"$38,500",5.3,8.0,Automatic
1516,INFINITI,QX60 Luxe,2020,"38,400 mi.",Gasoline,Blue,Beige,None reported,Yes,"$32,100",3.5,6.0,Automatic
1517,Ford,Expedition Max Limited,2018,"45,578 mi.",Gasoline,White,–,None reported,Yes,"$45,023",3.5,6.0,Automatic
1518,Chevrolet,Avalanche 1500 LS,2005,"130,000 mi.",E85 Flex Fuel,Red,Gray,None reported,Yes,"$7,200",5.3,8.0,Automatic
1519,BMW,X5 M50i,2021,"28,898 mi.",Gasoline,Black,Orange,None reported,Yes,"$71,000",4.4,8.0,Automatic
1520,Audi,Q8 55 Premium Plus,2021,"30,000 mi.",Hybrid,Black,Black,None reported,Yes,"$62,000",3.0,6.0,Automatic
1521,Subaru,Ascent Touring 7-Passenger,2021,"32,250 mi.",Gasoline,Black,Black,At least 1 accident or damage reported,Yes,"$36,000",2.4,4.0,Automatic
1522,Ford,Transit-350 Base,2018,"235,000 mi.",Gasoline,White,Gray,,,"$18,000",3.7,6.0,Automatic
1523,MINI,Cooper S Base,2006,"95,000 mi.",Gasoline,Gray,–,None reported,Yes,"$12,500",1.6,4.0,Manual
1524,Audi,S5 4.2 Premium Plus,2011,"156,875 mi.",Gasoline,Black,Red,At least 1 accident or damage reported,Yes,"$9,900",4.2,8.0,Manual
1525,Toyota,Tundra SR5,2016,"119,000 mi.",Gasoline,Red,Black,None reported,Yes,"$29,950",5.7,8.0,Automatic
1526,Mercedes-Benz,C-Class C55 AMG Sport,2006,"98,300 mi.",Gasoline,Black,Black,At least 1 accident or damage reported,Yes,"$15,900",5.4,8.0,Other
1527,BMW,i3 94 Ah,2017,"43,000 mi.",,Black,–,None reported,Yes,"$16,500",65.0,,Automatic
1528,Porsche,Panamera GTS,2015,"39,500 mi.",Gasoline,Black,Black,None reported,Yes,"$52,590",4.8,8.0,Other
1529,Jeep,Grand Cherokee Altitude,2020,"35,289 mi.",Gasoline,Granite Crystal Clearcoat Metallic,Black,,,"$35,470",3.6,6.0,Automatic
1530,Subaru,BRZ Premium,2014,"45,000 mi.",Gasoline,Blue,Black,At least 1 accident or damage reported,Yes,"$25,000",2.0,4.0,Manual
1531,Jaguar,XF S,2017,"55,000 mi.",Gasoline,Gray,Red,None reported,Yes,"$34,000",3.0,6.0,Other
1532,Honda,Passport Elite,2023,"2,978 mi.",Gasoline,Lunar Silver Metallic,Gray,None reported,,"$45,498",3.5,,Automatic
1533,Nissan,Altima 2.5 SL,2012,"91,545 mi.",Gasoline,Silver,Black,None reported,Yes,"$8,999",2.5,4.0,Other
1534,Chevrolet,Silverado 1500 Base,2000,"97,000 mi.",Gasoline,White,Gray,None reported,Yes,"$27,500",4.3,6.0,Automatic
1535,BMW,X5 xDrive35i,2017,"105,100 mi.",Gasoline,Gray,Black,At least 1 accident or damage reported,Yes,"$23,300",3.0,6.0,Automatic
1536,Ford,F-350 Platinum,2019,"69,205 mi.",Diesel,White,Black,None reported,Yes,"$73,500",6.7,8.0,Other
1537,INFINITI,G37 x,2009,"158,564 mi.",Gasoline,Blue,Beige,None reported,Yes,"$8,750",3.7,6.0,Automatic
1538,Mercedes-Benz,S-Class S 560 4MATIC,2018,"103,069 mi.",Gasoline,Anthracite Blue Metallic,Silk Beige/Espresso Brown,None reported,,"$40,998",4.0,,Automatic
1539,Mazda,Mazda6 Grand Touring Reserve,2019,"41,997 mi.",Gasoline,Black,Black,None reported,Yes,"$24,995",2.5,4.0,Automatic
1540,Rolls-Royce,Phantom,2023,"1,560 mi.",–,Tempest,Cobalt Blue,None reported,Yes,"$599,995",,,Other
1541,Jaguar,XK8 Base,2000,"40,000 mi.",Gasoline,Blue,Beige,None reported,Yes,"$15,400",4.0,8.0,Automatic
1542,Mercedes-Benz,Metris Base,2020,"1,025 mi.",Gasoline,Black,Beige,None reported,Yes,"$299,000",2.0,4.0,Automatic
1543,BMW,435 i,2015,"34,455 mi.",Gasoline,Gray,Beige,None reported,Yes,"$28,000",3.0,6.0,Automatic
1544,Toyota,Highlander Limited,2022,"24,001 mi.",Gasoline,Wind Chill Pearl,Graphite,None reported,,"$47,498",3.5,6.0,Automatic
1545,Ford,Expedition EL Limited,2017,"81,000 mi.",Gasoline,Black,Black,None reported,Yes,"$27,000",3.5,6.0,Other
1546,RAM,1500 Laramie,2021,"24,213 mi.",Gasoline,White,Black,None reported,Yes,"$46,500",5.7,8.0,Automatic
1547,Bentley,Continental GT Base,2009,"18,000 mi.",Gasoline,Blue,Beige,None reported,Yes,"$63,000",6.0,12.0,Automatic
1548,Toyota,Highlander SE,2019,"92,000 mi.",Gasoline,Red,Beige,At least 1 accident or damage reported,Yes,"$30,000",3.5,6.0,Automatic
1549,Chevrolet,Equinox Premier w/2LZ,2020,"51,133 mi.",Gasoline,Iridescent Pearl Tricoat,Jet Black,At least 1 accident or damage reported,,"$25,800",2.0,4.0,Automatic
1550,Ford,Transit-350 XLT,2021,"48,000 mi.",E85 Flex Fuel,White,Gray,None reported,Yes,"$57,000",3.5,6.0,Automatic
1551,Porsche,Cayenne Base,2018,"70,455 mi.",Gasoline,White,Black,None reported,Yes,"$45,855",3.6,6.0,Automatic
1552,Ford,F-250 Lariat,2017,"72,128 mi.",E85 Flex Fuel,White,Camel,,,"$45,985",6.2,8.0,Automatic
1553,BMW,320 i xDrive,2016,"185,000 mi.",Gasoline,Black,Beige,At least 1 accident or damage reported,Yes,"$7,500",2.0,4.0,Automatic
1554,Nissan,NV200 SV,2017,"16,700 mi.",Gasoline,White,Black,None reported,Yes,"$26,500",2.0,4.0,Automatic
1555,Audi,Q5 S line Premium Plus,2023,"4,648 mi.",Hybrid,Mythos Black,Black,None reported,,"$47,598",2.0,,Automatic
1556,Toyota,Highlander XLE,2022,"31,000 mi.",Gasoline,Gray,Gray,None reported,Yes,"$43,000",3.5,6.0,Other
1557,Jeep,Wrangler Rubicon,2023,"7,000 mi.",Hybrid,Gray,Black,None reported,Yes,"$46,000",3.6,6.0,Automatic
1558,Audi,RS 7 4.0T Performance Prestige,2017,"66,250 mi.",Gasoline,Gray,Gray,At least 1 accident or damage reported,Yes,"$59,200",4.0,8.0,Automatic
1559,RAM,1500 Limited,2020,"44,362 mi.",Gasoline,Bright White Clearcoat,Black,None reported,Yes,"$50,658",5.7,8.0,Automatic
1560,Mercedes-Benz,C-Class C 300 4MATIC,2019,"59,766 mi.",Gasoline,Lunar Blue Metallic,Macchiato,None reported,,"$26,900",2.0,4.0,Automatic
1561,Chevrolet,Suburban Z71,2022,"36,555 mi.",Gasoline,Summit White,Jet Black,None reported,Yes,"$64,288",5.3,8.0,Automatic
1562,Volkswagen,CC Sport,2012,"131,986 mi.",Gasoline,White,Black,At least 1 accident or damage reported,Yes,"$9,000",2.0,4.0,Manual
1563,RAM,1500 Laramie,2020,"10,458 mi.",Gasoline,Delmonico Red Pearlcoat,Black,None reported,Yes,"$48,815",5.7,8.0,Automatic
1564,Porsche,Macan Base,2017,"40,600 mi.",Gasoline,Gray,Black,None reported,Yes,"$32,000",2.0,4.0,Automatic
1565,Porsche,911 Turbo,2021,"11,938 mi.",Gasoline,Black,–,,,"$209,000",3.8,6.0,Other
1566,BMW,228 i,2015,"54,000 mi.",Gasoline,Black,Red,At least 1 accident or damage reported,Yes,"$19,996",2.0,4.0,Manual
1567,Chevrolet,Corvette Z06,2006,"21,000 mi.",Gasoline,Silver,Black,None reported,Yes,"$47,500",7.0,8.0,Manual
1568,Ford,F-150 Lariat,2020,"31,250 mi.",Gasoline,Blue,Gray,None reported,Yes,"$42,500",2.7,6.0,Automatic
1569,Mercedes-Benz,GLC 300 Base,2020,"42,717 mi.",Gasoline,Gold,Beige,None reported,Yes,"$33,500",2.0,4.0,Automatic
1570,BMW,M5 Base,2015,"33,000 mi.",Gasoline,Gray,Black,None reported,Yes,"$65,000",4.4,8.0,Automatic
1571,Cadillac,XT5 Luxury,2019,"54,323 mi.",Gasoline,Red,Beige,None reported,,"$27,998",3.6,,Automatic
1572,Buick,Envision Preferred,2019,"32,000 mi.",Gasoline,Black,Beige,None reported,Yes,"$27,000",2.5,4.0,Automatic
1573,Ford,Bronco Big Bend,2022,"17,000 mi.",Gasoline,Gray,–,None reported,Yes,"$44,000",2.3,4.0,Automatic
1574,Mercedes-Benz,Sprinter 2500 Standard Roof,2021,"13,344 mi.",Diesel,Red,Black,None reported,Yes,"$56,500",3.0,6.0,Automatic
1575,Cadillac,Escalade ESV Premium Luxury,2021,"53,169 mi.",Gasoline,Black,Black,None reported,Yes,"$81,500",6.2,8.0,Automatic
1576,Kia,Telluride S,2023,"14,700 mi.",Gasoline,Blue,Black,None reported,Yes,"$39,900",3.8,6.0,Automatic
1577,Chevrolet,Silverado 1500 RST,2020,"40,929 mi.",Gasoline,Cajun Red Tintcoat,Jet Black,At least 1 accident or damage reported,Yes,"$44,800",5.3,8.0,Automatic
1578,RAM,1500 Laramie,2022,"18,645 mi.",Gasoline,Diamond Black,Black,None reported,Yes,"$49,700",5.7,8.0,Automatic
1579,Lexus,IS-F Base,2010,"41,500 mi.",Gasoline,Blue,Black,At least 1 accident or damage reported,Yes,"$44,800",5.0,8.0,Automatic
1580,Pontiac,Firebird Base,1999,"158,000 mi.",Gasoline,White,Black,At least 1 accident or damage reported,Yes,"$2,500",3.8,6.0,Automatic
1581,Volvo,S90 T5 Momentum,2018,"95,000 mi.",Gasoline,White,Beige,None reported,Yes,"$18,000",2.0,4.0,Automatic
1582,Hyundai,Sonata SE,2018,"57,690 mi.",Gasoline,Gray,Gray,At least 1 accident or damage reported,Yes,"$15,900",2.4,4.0,Automatic
1583,Ford,Mustang GT,1998,"49,170 mi.",Gasoline,Silver,Black,None reported,Yes,"$12,500",4.6,8.0,Automatic
1584,BMW,M3 Base,2006,"95,450 mi.",Gasoline,Gray,Gray,At least 1 accident or damage reported,Yes,"$42,000",3.2,6.0,Manual
1585,Jeep,Wrangler Unlimited Sahara,2017,"128,000 mi.",Gasoline,Gray,Black,None reported,Yes,"$26,800",3.6,6.0,Automatic
1586,Lamborghini,Aventador SVJ Base,2019,"6,929 mi.",Gasoline,Blue,Black,None reported,Yes,"$649,999",6.5,12.0,Automatic
1587,Audi,A4 2.0T Premium Plus,2015,"73,000 mi.",E85 Flex Fuel,Black,Black,At least 1 accident or damage reported,Yes,"$17,200",2.0,4.0,Automatic
1588,Audi,A4 2.0T Premium Plus,2015,"83,420 mi.",E85 Flex Fuel,Red,Gray,At least 1 accident or damage reported,Yes,"$16,000",2.0,4.0,Automatic
1589,Volkswagen,Golf GTI 2.0T SE 4-Door,2016,"87,892 mi.",Gasoline,Gray,Black,None reported,Yes,"$16,000",2.0,4.0,Manual
1590,Audi,A8 L 3.0T,2016,"55,000 mi.",Gasoline,White,Brown,None reported,Yes,"$28,000",3.0,6.0,Automatic
1591,BMW,335 i,2008,"98,000 mi.",Gasoline,Black,Brown,None reported,Yes,"$13,998",3.0,6.0,Other
1592,Kia,Forte LX,2018,"47,466 mi.",Gasoline,Silky Silver,Black,None reported,,"$14,699",2.0,,Automatic
1593,Honda,Civic Si Base,2020,"6,025 mi.",Gasoline,Gray,Gray,None reported,Yes,"$27,500",1.5,4.0,Manual
1594,Audi,Q7 3.0T Premium,2017,"108,000 mi.",Gasoline,Gray,Brown,None reported,Yes,"$25,999",3.0,6.0,Automatic
1595,Mercedes-Benz,AMG C 63 Base,2017,"63,000 mi.",Gasoline,White,Black,At least 1 accident or damage reported,Yes,"$42,000",4.0,8.0,Automatic
1596,Cadillac,Escalade Sport Platinum,2021,"28,121 mi.",Gasoline,Black Raven,Jet Black,None reported,,"$89,000",6.2,8.0,Automatic
1597,Mercedes-Benz,C-Class C 300,2019,"40,000 mi.",Gasoline,Blue,Black,None reported,Yes,"$27,900",2.0,4.0,Automatic
1598,Land,Rover Discovery SE,2018,"63,295 mi.",Gasoline,Blue,White,None reported,Yes,"$29,993",3.0,6.0,Automatic
1599,Ford,F-150 XLT,2021,"43,329 mi.",Gasoline,Carbonized Gray Metallic,Black,None reported,Yes,"$43,642",3.5,6.0,Automatic
1600,Dodge,Challenger SE,2010,"90,305 mi.",Gasoline,Gray,Black,None reported,Yes,"$12,000",3.5,6.0,Automatic
1601,Jeep,Gladiator Overland,2020,"20,655 mi.",Gasoline,Firecracker Red Clearcoat,Black,,,"$42,850",3.6,6.0,Automatic
1602,Jeep,Grand Wagoneer Series III,2022,"31,112 mi.",Gasoline,Black,Black,None reported,Yes,"$83,000",6.4,8.0,Automatic
1603,Toyota,4Runner Trail,2011,"157,000 mi.",Gasoline,Black,Beige,None reported,Yes,"$23,500",4.0,6.0,Other
1604,Porsche,Boxster Base,1999,"72,000 mi.",Gasoline,Blue,Gray,None reported,Yes,"$12,250",2.5,6.0,Manual
1605,RAM,1500 Laramie,2022,"13,438 mi.",Gasoline,Diamond Black,Black,None reported,,"$46,599",5.7,8.0,Automatic
1606,Jeep,Wrangler Sahara,2008,"54,000 mi.",Gasoline,Green,Gray,None reported,Yes,"$20,000",3.8,6.0,Automatic
1607,Mercedes-Benz,AMG GL AMG GL 63 4MATIC,2016,"69,000 mi.",Gasoline,Black,Brown,None reported,Yes,"$36,500",5.5,8.0,Other
1608,Jeep,Wrangler Unlimited Rubicon,2022,"1,750 mi.",Gasoline,Gray,Brown,None reported,Yes,"$65,500",3.6,6.0,Automatic
1609,Mercedes-Benz,CLK-Class CLK 350,2009,"21,500 mi.",Gasoline,Black,Black,At least 1 accident or damage reported,Yes,"$18,000",3.5,6.0,Automatic
1610,Buick,Roadmaster Estate,1996,"119,500 mi.",Gasoline,White,Beige,At least 1 accident or damage reported,Yes,"$16,999",5.7,8.0,Automatic
1611,Chevrolet,Tahoe Premier,2021,"41,050 mi.",Gasoline,Gray,Gray,None reported,Yes,"$62,900",5.3,8.0,Automatic
1612,Toyota,Highlander XLE,2018,"74,000 mi.",Gasoline,White,Black,None reported,Yes,"$27,950",3.5,6.0,Automatic
1613,Chevrolet,Suburban 1500 LTZ,2015,"159,000 mi.",Gasoline,White,Beige,At least 1 accident or damage reported,Yes,"$26,900",5.3,8.0,Automatic
1614,Land,Rover Range Rover Sport P400 SE Dynamic,2023,450 mi.,Hybrid,Blue,Black,None reported,Yes,"$124,000",3.0,6.0,Automatic
1615,Kia,Seltos S,2021,"16,100 mi.",Gasoline,Blue,Black,None reported,Yes,"$25,500",2.0,4.0,Automatic
1616,Ferrari,F430 Berlinetta,2005,"38,686 mi.",Gasoline,White,Red,None reported,Yes,"$99,999",4.3,8.0,Other
1617,Ford,E350 Super Duty XLT,2010,"248,000 mi.",E85 Flex Fuel,Silver,Beige,At least 1 accident or damage reported,Yes,"$14,000",5.4,8.0,Automatic
1618,Audi,A3 2.0T,2010,"83,500 mi.",Gasoline,Silver,Black,None reported,Yes,"$6,500",2.0,4.0,Other
1619,Mazda,Mazda3 i Touring,2012,"144,900 mi.",Gasoline,Black,–,None reported,Yes,"$6,000",2.0,4.0,Other
1620,MINI,Cooper S Base,2006,"99,600 mi.",Gasoline,Orange,Black,None reported,Yes,"$5,500",1.6,4.0,Automatic
1621,Chevrolet,Suburban 1500 LTZ,2010,"162,671 mi.",E85 Flex Fuel,Black,Black,None reported,Yes,"$12,000",5.3,8.0,Automatic
1622,INFINITI,Q60 3.0t Red Sport 400,2018,"38,000 mi.",Gasoline,Red,White,None reported,Yes,"$32,000",3.0,6.0,Automatic
1623,Mercedes-Benz,S-Class S 550 4MATIC,2015,"54,000 mi.",Gasoline,White,Beige,None reported,Yes,"$37,000",4.7,8.0,Automatic
1624,Cadillac,XTS Luxury,2017,"69,289 mi.",Gasoline,Gray,Black,At least 1 accident or damage reported,Yes,"$20,997",3.6,6.0,Automatic
1625,Audi,S5 3.0T Prestige,2018,"44,000 mi.",Gasoline,Gray,Black,None reported,Yes,"$39,000",3.0,6.0,Automatic
1626,Toyota,4Runner SR5,2016,"101,900 mi.",Gasoline,Black,Black,None reported,Yes,"$29,000",4.0,6.0,Automatic
1627,Chevrolet,Tahoe LTZ,2015,"102,200 mi.",Gasoline,Silver,Black,None reported,Yes,"$25,000",5.3,8.0,Automatic
1628,GMC,Sierra 1500 Limited Elevation,2022,"24,900 mi.",Gasoline,Black,Black,None reported,Yes,"$49,900",2.7,4.0,Automatic
1629,Alfa,Romeo Giulia Base,2020,"30,000 mi.",Gasoline,Black,–,None reported,Yes,"$28,900",2.0,4.0,Automatic
1630,Chevrolet,Silverado 1500 ZR2,2022,"11,597 mi.",Gasoline,Silver Ice Metallic,Jet Black,None reported,,"$68,590",6.2,8.0,Automatic
1631,Porsche,Boxster Base,1998,"75,539 mi.",Gasoline,Blue,Beige,None reported,Yes,"$11,995",2.5,6.0,Manual
1632,Hyundai,Santa Fe SE,2021,"35,550 mi.",Gasoline,Twilight Black,Black,At least 1 accident or damage reported,Yes,"$25,987",2.5,4.0,Automatic
1633,BMW,X7 xDrive40i,2022,"38,671 mi.",Hybrid,Gray,Blk,None reported,,"$66,998",3.0,,Automatic
1634,Audi,Q5 S line Premium Plus,2022,"13,133 mi.",Hybrid,Silver,Black,None reported,,"$42,998",2.0,,Automatic
1635,Lexus,RX 300 Base,2002,"121,000 mi.",Gasoline,Silver,Black,None reported,Yes,"$6,348",3.0,6.0,Automatic
1636,Maserati,Ghibli S Q4,2014,"76,000 mi.",Gasoline,Black,Black,None reported,Yes,"$19,000",3.0,6.0,Automatic
1637,Mercedes-Benz,E-Class E 400 4MATIC,2018,"22,558 mi.",Gasoline,Black,Black,None reported,Yes,"$47,645",3.0,6.0,Automatic
1638,Bentley,Bentayga Azure First Edition,2023,"1,335 mi.",Gasoline,Onyx,Portland,None reported,Yes,"$272,950",4.0,8.0,Automatic
1639,BMW,M4 Base,2019,"57,800 mi.",Gasoline,Black,Red,None reported,Yes,"$55,999",3.0,6.0,Other
1640,BMW,650 Gran Coupe i,2014,"92,000 mi.",Gasoline,Black,Black,At least 1 accident or damage reported,Yes,"$24,000",4.4,8.0,Other
1641,Porsche,911 GT3,2018,"5,989 mi.",Gasoline,GT SILVER,BLACK,None reported,,"$209,000",4.0,,Manual
1642,Chevrolet,Colorado LT Crew Cab,2009,"139,000 mi.",Gasoline,Black,Black,None reported,Yes,"$14,500",5.3,8.0,Automatic
1643,Land,Rover Defender SE,2023,"8,421 mi.",Hybrid,Black,White,None reported,Yes,"$90,000",3.0,6.0,Automatic
1644,Chevrolet,Silverado 1500 1LT,2017,"89,000 mi.",Gasoline,Gray,Gray,None reported,Yes,"$29,999",5.3,8.0,Automatic
1645,Nissan,Rogue SL,2017,"148,000 mi.",Gasoline,White,–,None reported,Yes,"$13,000",2.5,4.0,Automatic
1646,Porsche,Cayman Base,2014,"52,000 mi.",Gasoline,Blue,Beige,At least 1 accident or damage reported,Yes,"$37,000",2.7,6.0,Other
1647,Audi,S6 4.0T,2016,"91,188 mi.",Gasoline,Black,Black,None reported,Yes,"$29,995",4.0,8.0,Automatic
1648,Chevrolet,Corvette Base,2007,"20,200 mi.",Gasoline,Red,Red,None reported,Yes,"$27,500",6.0,8.0,Automatic
1649,Lexus,ES 350 Base,2015,"100,900 mi.",Gasoline,Matador Red Mica,Parchment,None reported,,"$21,998",3.5,,Automatic
1650,Jaguar,XF 25t Premium,2018,"18,800 mi.",Gasoline,White,White,None reported,Yes,"$26,000",2.0,4.0,Automatic
1651,Karma,Revero Base,2018,"20,760 mi.",,White,Black,None reported,Yes,"$55,500",2.0,,Automatic
1652,INFINITI,QX56 Base,2011,"103,010 mi.",Gasoline,Black,Beige,None reported,Yes,"$13,500",5.6,8.0,Automatic
1653,Mercedes-Benz,C-Class C 300 4MATIC,2021,"19,162 mi.",Gasoline,Black,Black,None reported,Yes,"$38,500",2.0,4.0,Other
1654,BMW,328 i,2013,"124,000 mi.",Gasoline,White,Beige,None reported,Yes,"$11,900",3.0,6.0,Automatic
1655,Subaru,WRX Base,2015,"52,500 mi.",Gasoline,Gray,Black,None reported,Yes,"$23,000",2.0,4.0,Manual
1656,Lamborghini,Aventador LP750-4 Superveloce,2017,"10,654 mi.",Gasoline,Balloon White,Nero Ade,None reported,,"$449,991",6.5,,Automatic
1657,Honda,Pilot EX-L,2020,"44,000 mi.",Gasoline,White,Black,None reported,Yes,"$34,999",3.5,6.0,Automatic
1658,Acura,TSX 2.4,2010,"116,000 mi.",Gasoline,Silver,Black,At least 1 accident or damage reported,Yes,"$9,000",2.4,4.0,Manual
1659,Jaguar,XE 25t,2019,"41,452 mi.",Gasoline,White,Black,At least 1 accident or damage reported,Yes,"$22,500",2.0,4.0,Other
1660,Mitsubishi,Outlander SEL,2022,"11,700 mi.",Gasoline,White,Black,None reported,Yes,"$33,000",2.5,4.0,Automatic
1661,Ford,Bronco Big Bend Advanced,2023,"12,000 mi.",Gasoline,Black,–,None reported,Yes,"$54,000",2.3,4.0,Automatic
1662,McLaren,570S Spider,2018,"5,918 mi.",Gasoline,Silician Yellow,Jet Black,None reported,,"$179,900",3.8,8.0,Automatic
1663,Chevrolet,Camaro 2SS,2012,"60,345 mi.",Gasoline,Yellow,Black,None reported,Yes,"$26,950",6.2,8.0,Automatic
1664,Mercedes-Benz,Sprinter 2500 Standard Roof,2018,"41,500 mi.",Diesel,Gray,Black,None reported,Yes,"$61,000",3.0,6.0,Automatic
1665,Cadillac,Escalade ESV Platinum Edition,2013,"119,000 mi.",E85 Flex Fuel,Black,Black,,,"$20,500",6.2,8.0,Automatic
1666,BMW,M3 CS,2018,"32,000 mi.",Gasoline,White,Black,None reported,Yes,"$70,000",3.0,6.0,Other
1667,Ford,F-250 King Ranch,2021,"44,000 mi.",Diesel,White,Brown,At least 1 accident or damage reported,Yes,"$73,000",6.7,8.0,Automatic
1668,BMW,X1 xDrive28i,2021,"25,918 mi.",Gasoline,Gray,Black,None reported,Yes,"$32,000",2.0,4.0,Other
1669,Mercedes-Benz,C-Class C 300 4MATIC,2019,"23,083 mi.",Gasoline,White,Beige,None reported,Yes,"$33,500",2.0,4.0,Automatic
1670,Mercedes-Benz,GLA 250 Base 4MATIC,2022,"13,777 mi.",Gasoline,Black,Black,At least 1 accident or damage reported,Yes,"$39,777",2.0,4.0,Automatic
1671,Toyota,4Runner Limited,2018,"95,000 mi.",Gasoline,Silver,Brown,None reported,Yes,"$33,000",4.0,6.0,Automatic
1672,BMW,i8 Base,2019,"18,421 mi.",Plug-In Hybrid,Black,Black,,,"$85,000",1.5,3.0,Automatic
1673,Chevrolet,Tahoe LT,2018,"55,000 mi.",Gasoline,Black,Black,None reported,Yes,"$37,900",5.3,8.0,Automatic
1674,Ford,F-350 Platinum,2019,"112,000 mi.",Diesel,Black,Black,None reported,Yes,"$61,995",6.7,8.0,Automatic
1675,Buick,Enclave Premium,2014,"86,281 mi.",Gasoline,Black,Black,None reported,Yes,"$18,900",3.6,6.0,Automatic
1676,BMW,X5 xDrive40i,2020,"5,541 mi.",Gasoline,White,Black,None reported,,"$56,598",3.0,,Automatic
1677,GMC,Canyon Denali,2019,"26,339 mi.",Gasoline,Red,Black,At least 1 accident or damage reported,Yes,"$36,750",3.6,6.0,Automatic
1678,Dodge,Magnum Base,2006,"133,255 mi.",Gasoline,Silver,Gray,None reported,Yes,"$4,000",3.5,6.0,Automatic
1679,Nissan,Rogue SL,2019,"29,558 mi.",Gasoline,Magnetic Black,Charcoal,None reported,Yes,"$25,884",2.5,4.0,Automatic
1680,Honda,Passport TrailSport,2023,"11,649 mi.",Gasoline,Black,Black,,,"$39,999",3.5,6.0,Automatic
1681,Bentley,Bentayga V8,2019,"22,039 mi.",Gasoline,White,Black,None reported,Yes,"$113,990",4.0,8.0,Automatic
1682,Jeep,Grand Cherokee L Limited,2021,"26,088 mi.",Gasoline,Silver Zynith,Global Black,None reported,,"$38,383",3.6,6.0,Automatic
1683,Porsche,Cayman Base,2011,"77,000 mi.",Gasoline,Red,Beige,None reported,Yes,"$32,000",2.9,6.0,Automatic
1684,BMW,M2 Competition,2020,"25,013 mi.",Gasoline,Black,Black,None reported,Yes,"$55,000",3.0,6.0,Automatic
1685,Toyota,Tundra SR5,2019,"56,000 mi.",Gasoline,Blue,Black,None reported,Yes,"$42,000",5.7,8.0,Automatic
1686,Audi,A8 4.0,2020,"35,999 mi.",Hybrid,Mythos Black Metallic,Sarder Brown,None reported,,"$59,598",4.0,,Automatic
1687,Jaguar,XK R,2012,"38,383 mi.",Gasoline,White,Black,None reported,Yes,"$36,949",5.0,8.0,Automatic
1688,Hyundai,Elantra SE,2014,"120,250 mi.",Gasoline,Blue,Gray,None reported,Yes,"$7,500",1.8,4.0,Automatic
1689,Chevrolet,Silverado 1500 2LT,2018,"20,200 mi.",Gasoline,Silver,Gray,At least 1 accident or damage reported,Yes,"$42,950",5.3,8.0,Automatic
1690,Chevrolet,Cruze LT,2012,"148,377 mi.",Gasoline,Blue,Black,,,"$5,500",1.4,4.0,Automatic
1691,INFINITI,M37 x,2012,"49,000 mi.",Gasoline,Gray,Black,None reported,Yes,"$19,900",3.7,6.0,Automatic
1692,Porsche,Taycan Base,2021,"13,344 mi.",,Black,Beige,At least 1 accident or damage reported,Yes,"$83,499",,,Automatic
1693,BMW,328 i xDrive,2010,"132,000 mi.",Gasoline,Silver,Black,At least 1 accident or damage reported,Yes,"$8,500",3.0,6.0,Other
1694,Mercedes-Benz,E-Class E 300,2019,"32,580 mi.",Gasoline,Obsidian Black Metallic,Beige,None reported,,"$33,998",2.0,,Automatic
1695,Land,Rover Discovery Sport S R-Dynamic,2022,"23,568 mi.",Gasoline,Firenze Red,Ebony,None reported,,"$44,998",2.0,,Automatic
1696,Hyundai,Tucson Limited,2016,"138,000 mi.",Gasoline,Brown,Beige,None reported,Yes,"$10,990",1.6,4.0,Automatic
1697,BMW,M5 Base,2018,"41,000 mi.",Gasoline,White,White,None reported,Yes,"$60,200",4.4,8.0,Other
1698,Jeep,Compass Latitude,2020,"17,500 mi.",Gasoline,Silver,Black,None reported,Yes,"$25,695",2.4,4.0,Automatic
1699,Audi,S4 3.0 Prestige,2012,"38,718 mi.",Gasoline,Black,Black,None reported,Yes,"$31,000",3.0,6.0,Automatic
1700,Nissan,370Z Base,2009,"79,893 mi.",Gasoline,Silver,Black,None reported,Yes,"$15,900",3.7,6.0,Automatic
1701,Jeep,Wrangler SE,2000,"95,200 mi.",Gasoline,Black,Black,None reported,Yes,"$11,999",2.5,4.0,Manual
1702,Porsche,Cayenne Platinum Edition,2017,"73,043 mi.",Gasoline,White,Black,None reported,Yes,"$30,990",3.6,6.0,Automatic
1703,Cadillac,DTS Luxury,2007,"130,000 mi.",Gasoline,Gold,Beige,At least 1 accident or damage reported,Yes,"$3,499",4.6,8.0,Automatic
1704,INFINITI,FX50 Base,2009,"190,120 mi.",Gasoline,Gray,Black,At least 1 accident or damage reported,Yes,"$12,500",5.0,8.0,Automatic
1705,Kia,Optima EX,2015,"109,580 mi.",Gasoline,Red,Black,At least 1 accident or damage reported,Yes,"$11,900",2.4,4.0,Automatic
1706,Tesla,Model 3 Long Range,2021,"23,749 mi.",,White,Black,None reported,,"$35,999",,,Automatic
1707,Audi,RS 3 2.5T,2023,"1,900 mi.",Gasoline,Gray,Black,None reported,Yes,"$78,900",2.5,5.0,Other
1708,Karma,Revero Base,2018,"21,000 mi.",,White,Black,None reported,Yes,"$51,000",2.0,,Automatic
1709,Alfa,Romeo Stelvio Ti Sport,2020,"18,665 mi.",Gasoline,Lunare White Metallic,Ice,None reported,Yes,"$35,645",2.0,4.0,Automatic
1710,Chevrolet,Corvette Stingray w/3LT,2023,"4,200 mi.",Gasoline,White,Black,None reported,Yes,"$98,000",6.2,8.0,Automatic
1711,Ford,F-250 XLT,2014,"59,459 mi.",Diesel,Black,Silver,At least 1 accident or damage reported,Yes,"$40,999",6.7,8.0,Automatic
1712,Acura,TLX PMC Edition,2020,"6,900 mi.",Gasoline,Red,Black,None reported,Yes,"$43,500",3.5,6.0,Automatic
1713,Acura,TLX Base,2016,"45,000 mi.",Gasoline,Gray,Blue,None reported,Yes,"$16,500",2.4,4.0,Automatic
1714,INFINITI,QX60 Luxe,2019,"51,000 mi.",Gasoline,Gray,–,At least 1 accident or damage reported,Yes,"$29,000",3.5,6.0,Other
1715,Ford,Ranger XLT,1999,"115,402 mi.",E85 Flex Fuel,Gold,Beige,None reported,Yes,"$8,000",3.0,6.0,Automatic
1716,Porsche,Panamera GTS,2016,"42,526 mi.",Gasoline,Blue,Black,None reported,Yes,"$66,200",4.8,8.0,Automatic
1717,Chevrolet,Silverado 1500 2LT,2014,"102,604 mi.",E85 Flex Fuel,Gray,Gray,None reported,Yes,"$25,500",5.3,8.0,Automatic
1718,Maserati,Ghibli S Q4,2017,"53,500 mi.",Gasoline,Gray,Black,None reported,Yes,"$28,700",3.0,6.0,Automatic
1719,Mercedes-Benz,SL-Class SL63 AMG Roadster,2009,"31,370 mi.",Gasoline,White,Brown,None reported,Yes,"$65,700",6.3,8.0,Other
1720,Ford,Explorer XLT,2014,"127,558 mi.",Gasoline,Green,Charcoal Black,None reported,Yes,"$13,715",3.5,6.0,Automatic
1721,Chevrolet,Corvette Base,2007,"65,000 mi.",Gasoline,Silver,Beige,At least 1 accident or damage reported,Yes,"$33,885",6.0,8.0,Automatic
1722,Audi,A8 L 55,2019,"35,580 mi.",Hybrid,Black,Black,None reported,Yes,"$49,500",3.0,6.0,Automatic
1723,Ford,Explorer Sport,2016,"95,500 mi.",Gasoline,Black,Black,None reported,Yes,"$20,000",3.5,6.0,Other
1724,Cadillac,Escalade Premium Luxury,2023,600 mi.,Gasoline,Black,Black,None reported,Yes,"$103,000",6.2,8.0,Automatic
1725,Dodge,Grand Caravan R/T,2013,"43,000 mi.",E85 Flex Fuel,Red,Black,None reported,Yes,"$35,000",3.6,6.0,Automatic
1726,Porsche,Panamera Platinum Edition,2022,"13,500 mi.",Gasoline,Green,Black,None reported,Yes,"$86,999",2.9,6.0,Automatic
1727,Chevrolet,Camaro 2SS,2010,"8,949 mi.",Gasoline,Yellow,Black,None reported,Yes,"$30,000",6.2,8.0,Manual
1728,Land,Rover Range Rover Sport HST MHEV,2020,"37,248 mi.",Hybrid,Silver,Black,None reported,Yes,"$54,500",3.0,6.0,Automatic
1729,BMW,M2 Competition,2020,500 mi.,Gasoline,Black,Black,None reported,Yes,"$70,000",3.0,6.0,Automatic
1730,Mercedes-Benz,GL-Class GL 450 4MATIC,2012,"174,000 mi.",Gasoline,Black,Black,At least 1 accident or damage reported,Yes,"$11,999",4.6,8.0,Automatic
1731,Porsche,911 Carrera Cabriolet,2001,"21,450 mi.",Gasoline,Black,Black,None reported,Yes,"$36,000",3.4,6.0,Manual
1732,Lincoln,MKC Base,2015,"95,000 mi.",Gasoline,White,Black,At least 1 accident or damage reported,Yes,"$14,900",2.0,4.0,Automatic
1733,MINI,Cooper S Base,2007,"118,000 mi.",Gasoline,Beige,Black,None reported,Yes,"$3,600",1.6,4.0,Automatic
1734,Jaguar,XK Base,2013,"55,700 mi.",Gasoline,Black,Black,None reported,Yes,"$27,200",5.0,8.0,Automatic
1735,Volvo,XC70 3.2,2008,"170,000 mi.",Gasoline,White,Beige,None reported,Yes,"$7,000",3.2,6.0,Automatic
1736,Lincoln,MKZ Reserve,2017,"37,375 mi.",Gasoline,Blue,Brown,None reported,Yes,"$27,500",3.0,6.0,Automatic
1737,Land,Rover Range Rover Evoque SE Premium,2018,"42,125 mi.",Gasoline,White,Black,None reported,Yes,"$38,999",2.0,4.0,Other
1738,Subaru,WRX Premium,2017,"62,662 mi.",Gasoline,Red,Black,At least 1 accident or damage reported,Yes,"$24,000",2.0,4.0,Manual
1739,Nissan,Murano SV,2020,"47,147 mi.",Gasoline,Brilliant Silver Metallic,Graphite,None reported,Yes,"$23,625",3.5,6.0,Automatic
1740,Kia,Stinger GT1,2021,"8,288 mi.",Gasoline,Black,Black,None reported,Yes,"$45,899",3.3,6.0,Automatic
1741,Ford,F-150 XLT,2018,"72,393 mi.",Gasoline,Black,Black,None reported,Yes,"$35,000",2.7,6.0,Automatic
1742,Porsche,Macan S,2022,"20,250 mi.",Gasoline,White,Beige,None reported,Yes,"$68,500",2.9,6.0,Automatic
1743,Mercedes-Benz,GLS 450 Base 4MATIC,2019,"33,481 mi.",Gasoline,Black,Almond Beige,None reported,,"$43,999",3.0,6.0,Automatic
1744,Kia,Forte Koup EX,2015,"103,748 mi.",Gasoline,Gray,Gray,None reported,Yes,"$8,500",2.0,4.0,Automatic
1745,Dodge,Charger Scat Pack,2020,"40,208 mi.",Gasoline,Red,Black,At least 1 accident or damage reported,Yes,"$38,000",6.4,8.0,Automatic
1746,Lamborghini,Huracan EVO Base,2020,"6,246 mi.",Gasoline,Nero Noctis,Nero Ade,None reported,Yes,"$267,950",5.2,10.0,Automatic
1747,Mercedes-Benz,E-Class E 300 4MATIC,2017,"31,000 mi.",Gasoline,Blue,White,At least 1 accident or damage reported,Yes,"$38,000",2.0,4.0,Automatic
1748,Lexus,LS 500 Base,2018,"67,296 mi.",Gasoline,–,–,None reported,,"$40,900",3.5,,Automatic
1749,Lexus,CT 200h Base,2016,"39,750 mi.",Hybrid,Black,Black,None reported,Yes,"$21,995",1.8,4.0,Automatic
1750,BMW,X6 xDrive40i,2020,"45,076 mi.",Gasoline,Blue,Black,None reported,,"$57,998",3.0,,Automatic
1751,Ford,Maverick Lariat,2022,"13,700 mi.",Hybrid,Blue,Brown,None reported,Yes,"$39,500",2.5,4.0,Other
1752,Chevrolet,Corvette Stingray w/1LT,2023,"9,000 mi.",Gasoline,White,White,None reported,Yes,"$82,500",6.2,8.0,Automatic
1753,Jeep,Wrangler Unlimited Sport,2013,"77,634 mi.",Gasoline,Gecko Pearlcoat,Black,None reported,,"$24,590",3.6,6.0,Automatic
1754,Mercedes-Benz,Sprinter 2500 Standard Roof,2022,"4,590 mi.",Gasoline,White,Black,None reported,Yes,"$64,000",2.0,4.0,Automatic
1755,BMW,M235 i,2015,"68,750 mi.",Gasoline,Red,Black,None reported,Yes,"$25,999",3.0,6.0,Manual
1756,Acura,Integra GS-R,1995,"123,000 mi.",–,White,Blue,None reported,Yes,"$10,999",,,Manual
1757,Chevrolet,Tahoe LT,2011,"92,530 mi.",E85 Flex Fuel,Red,Black,At least 1 accident or damage reported,Yes,"$18,500",5.3,8.0,Automatic
1758,Ford,Explorer XLT,2022,"18,533 mi.",Gasoline,White,Ebony,None reported,Yes,"$38,978",2.3,4.0,Automatic
1759,Lexus,RX 450h Base,2013,"119,755 mi.",Hybrid,Silver,Black,None reported,Yes,"$19,500",3.5,6.0,Other
1760,Subaru,Impreza WRX,2012,"106,000 mi.",Gasoline,Black,Black,None reported,Yes,"$15,000",2.5,4.0,Manual
1761,Hyundai,Palisade SEL,2020,"69,487 mi.",Gasoline,White,Black,None reported,Yes,"$32,000",3.8,6.0,Automatic
1762,Honda,Accord Sport,2013,"405,000 mi.",Gasoline,Black,Black,None reported,Yes,"$6,000",2.4,4.0,Other
1763,Audi,A5 2.0T Premium,2018,"67,035 mi.",Gasoline,Pink,Brown,At least 1 accident or damage reported,Yes,"$31,500",2.0,4.0,Other
1764,Volkswagen,Eos 2.0T,2007,"59,700 mi.",Gasoline,Blue,White,None reported,Yes,"$10,000",2.0,4.0,Automatic
1765,Land,Rover Range Rover Velar P380 S,2018,"46,000 mi.",Gasoline,Red,Beige,None reported,Yes,"$40,000",3.0,6.0,Automatic
1766,Jeep,Wrangler Sahara Altitude,2023,"1,563 mi.",Hybrid,Gray,Black,None reported,Yes,"$62,500",3.6,6.0,Automatic
1767,Alfa,Romeo Stelvio Ti,2023,"6,645 mi.",Gasoline,Alfa White,Black,None reported,,"$43,900",2.0,4.0,Automatic
1768,Audi,A4 2.0T Premium,2011,"90,818 mi.",Gasoline,White,Black,At least 1 accident or damage reported,Yes,"$8,300",2.0,4.0,Automatic
1769,Jeep,Wrangler Sport,2010,"87,250 mi.",Gasoline,Blue,Black,None reported,Yes,"$18,500",3.8,6.0,Manual
1770,Ferrari,488 Spider Base,2019,"9,005 mi.",Gasoline,White,–,None reported,,"$319,900",3.9,8.0,Automatic
1771,Tesla,Model S P100D,2018,"10,065 mi.",,Red Multi,White,None reported,,"$59,999",,,Automatic
1772,Ford,Mustang Bullitt,2019,"48,500 mi.",Gasoline,Black,Black,At least 1 accident or damage reported,Yes,"$44,999",5.0,8.0,Manual
1773,Lexus,RX 350 Base,2011,"187,450 mi.",Gasoline,Silver,Beige,At least 1 accident or damage reported,Yes,"$10,400",3.5,6.0,Automatic
1774,Nissan,Altima 2.5 S,2003,"189,000 mi.",Gasoline,Silver,Beige,At least 1 accident or damage reported,Yes,"$2,899",2.5,4.0,Automatic
1775,Dodge,Ram 2500 Laramie Quad Cab,2006,"218,000 mi.",Gasoline,Red,Gray,None reported,Yes,"$12,990",5.7,8.0,Automatic
1776,Mercedes-Benz,AMG C 43 Base 4MATIC,2017,"54,500 mi.",Gasoline,White,Black,None reported,Yes,"$37,995",3.0,6.0,Automatic
1777,Kia,Sportage X-Pro,2023,459 mi.,Gasoline,Jungle Green,Black,None reported,,"$36,998",2.5,4.0,Automatic
1778,Saturn,Sky Red Line,2009,"134,000 mi.",Gasoline,Blue,Black,At least 1 accident or damage reported,Yes,"$9,500",2.0,4.0,Manual
1779,BMW,328 i xDrive,2013,"96,000 mi.",Gasoline,Black,Black,At least 1 accident or damage reported,Yes,"$13,500",2.0,4.0,Other
1780,BMW,Z3 3.0i Roadster,2001,"103,990 mi.",Gasoline,Black,Beige,None reported,Yes,"$10,500",3.0,6.0,Manual
1781,Mercedes-Benz,AMG GT R,2018,"3,811 mi.",Gasoline,Black,Black,None reported,Yes,"$148,500",4.0,8.0,Automatic
1782,Chevrolet,Corvette Stingray w/2LT,2022,"2,010 mi.",Gasoline,Gray,Brown,None reported,Yes,"$89,000",6.2,8.0,Other
1783,Lincoln,Mark LT Base,2006,"87,500 mi.",Gasoline,Silver,Black,At least 1 accident or damage reported,Yes,"$12,999",5.4,8.0,Automatic
1784,Bentley,Bentayga Activity Edition,2018,"41,000 mi.",Gasoline,Gray,Gray,None reported,Yes,"$113,000",6.0,12.0,Automatic
1785,Tesla,Model Y Long Range,2022,"21,404 mi.",,White,White,None reported,Yes,"$49,500",,,Automatic
1786,Volvo,S40 T5,2005,"257,700 mi.",Gasoline,Red,Beige,None reported,Yes,"$3,550",2.5,5.0,Manual
1787,Dodge,Durango GT,2021,"14,684 mi.",Gasoline,DB Black Clearcoat,Black,None reported,,"$37,995",3.6,6.0,Automatic
1788,Ford,Expedition EL King Ranch,2011,"156,856 mi.",E85 Flex Fuel,Black,Brown,None reported,Yes,"$14,300",5.4,8.0,Automatic
1789,Chevrolet,Suburban Premier,2019,"51,338 mi.",Gasoline,White,Black,None reported,Yes,"$49,900",5.3,8.0,Automatic
1790,Chrysler,Town & Country LX,2009,"73,500 mi.",Gasoline,Silver,Gray,At least 1 accident or damage reported,Yes,"$7,858",3.3,6.0,Automatic
1791,RAM,3500 Tradesman,2023,"2,990 mi.",Diesel,White,Black,At least 1 accident or damage reported,Yes,"$69,900",6.7,6.0,Automatic
1792,BMW,335 i,2009,"51,983 mi.",Gasoline,Gray,White,None reported,Yes,"$19,999",3.0,6.0,Manual
1793,Volvo,XC90 T6 Inscription,2020,"22,500 mi.",Gasoline,Black,White,None reported,Yes,"$50,000",2.0,4.0,Automatic
1794,Chrysler,300C Base,2007,"86,000 mi.",Gasoline,Gray,Black,None reported,Yes,"$15,000",5.7,8.0,Automatic
1795,BMW,X1 sDrive28i,2014,"50,100 mi.",Gasoline,Brown,Beige,None reported,Yes,"$10,795",2.0,4.0,Automatic
1796,Hummer,H2 Base,2006,"169,900 mi.",Gasoline,Orange,Black,At least 1 accident or damage reported,Yes,"$16,900",6.0,8.0,Automatic
1797,Mercedes-Benz,GLE 350 Base,2020,"26,293 mi.",Gasoline,designo Diamond White Bright,Macchiato/Magmagrey,None reported,,"$49,998",2.0,,Automatic
1798,Toyota,Avalon XLE,2015,"90,000 mi.",Gasoline,White,Beige,None reported,Yes,"$18,200",3.5,6.0,Automatic
1799,Mercedes-Benz,AMG G 63 Base,2017,"39,800 mi.",Gasoline,White,Red,None reported,Yes,"$99,000",5.5,8.0,Automatic
1800,BMW,740 i,2017,"55,000 mi.",Gasoline,White,Black,None reported,Yes,"$40,000",3.0,6.0,Other
1801,Ford,Mustang EcoBoost Premium,2017,"59,500 mi.",Gasoline,Black,Black,At least 1 accident or damage reported,Yes,"$21,000",2.3,4.0,Automatic
1802,RAM,ProMaster 3500 Tradesman,2014,"143,390 mi.",Gasoline,White,–,None reported,Yes,"$13,000",3.6,6.0,Automatic
1803,Porsche,Cayman S,2007,"5,856 mi.",Gasoline,Black,Black,None reported,Yes,"$45,000",3.4,6.0,Manual
1804,Porsche,911 Carrera Cabriolet,2006,"96,275 mi.",Gasoline,Silver,Black,At least 1 accident or damage reported,Yes,"$52,500",3.6,6.0,Manual
1805,Mercedes-Benz,E-Class E 350 4MATIC,2010,"86,121 mi.",Gasoline,Gray,Black,None reported,Yes,"$13,600",3.5,6.0,Automatic
1806,Lamborghini,Murcielago Base,2006,"10,000 mi.",Gasoline,Red,Black,None reported,Yes,"$259,000",6.2,12.0,Automatic
1807,Dodge,Dakota SLT,2003,"141,800 mi.",Gasoline,Red,Gray,At least 1 accident or damage reported,Yes,"$5,700",4.7,8.0,Automatic
1808,Mazda,Mazda6 Touring,2021,"19,000 mi.",Gasoline,Blue,Black,,,"$25,900",2.5,4.0,Automatic
1809,GMC,Sierra 2500 Denali,2024,"2,043 mi.",Gasoline,White,Black,None reported,Yes,"$81,500",6.6,8.0,Automatic
1810,Chevrolet,Malibu LT,2018,"53,100 mi.",Gasoline,Red,Black,None reported,Yes,"$17,500",1.5,4.0,Automatic
1811,RAM,3500 Laramie,2013,"106,385 mi.",Diesel,White,Black,At least 1 accident or damage reported,Yes,"$42,900",6.7,6.0,Automatic
1812,Chevrolet,Equinox 2LT,2012,"96,653 mi.",Gasoline,Black,Brown,At least 1 accident or damage reported,Yes,"$7,500",3.0,6.0,Automatic
1813,Tesla,Model Y Long Range,2020,"88,000 mi.",,Gray,White,None reported,Yes,"$35,500",,,Automatic
1814,Hyundai,Sonata Hybrid Limited,2015,"66,000 mi.",Hybrid,White,Gray,At least 1 accident or damage reported,Yes,"$15,900",2.4,4.0,Automatic
1815,Lexus,ES 300h Base,2018,"100,868 mi.",Hybrid,White,Beige,At least 1 accident or damage reported,Yes,"$23,400",2.5,4.0,Other
1816,Tesla,Model Y Long Range,2022,"4,665 mi.",,Silver,Black,None reported,,"$46,598",,,Automatic
1817,Ford,Mustang V6,2013,"57,912 mi.",Gasoline,Black,Black,At least 1 accident or damage reported,Yes,"$18,750",3.7,6.0,Manual
1818,Ford,Thunderbird Premium,2005,"82,000 mi.",Gasoline,Gold,White,None reported,Yes,"$14,900",3.9,8.0,Other
1819,Genesis,G80 2.5T,2022,"7,396 mi.",Gasoline,Black Forest Green,Black,None reported,,"$41,299",2.5,4.0,Automatic
1820,Ford,Mustang GT Premium,2011,"74,500 mi.",Gasoline,Black,Black,None reported,Yes,"$22,000",5.0,8.0,Manual
1821,Ford,Mustang GT Premium,2019,"35,500 mi.",Gasoline,White,Black,None reported,Yes,"$32,300",5.0,8.0,Automatic
1822,Toyota,4Runner 4WD,1999,"267,000 mi.",Gasoline,Silver,Beige,At least 1 accident or damage reported,Yes,"$8,000",2.7,4.0,Manual
1823,Kia,K5 EX,2021,"11,154 mi.",Gasoline,Glacial White Pearl,Black,None reported,,"$28,998",1.6,4.0,Automatic
1824,Subaru,Impreza 2.0i,2015,"102,242 mi.",Gasoline,Quartz Blue Pearl,Black,At least 1 accident or damage reported,,"$11,498",2.0,,Manual
1825,Ford,Mustang GT,2006,"27,407 mi.",Gasoline,Silver,Red,None reported,Yes,"$21,750",4.6,8.0,Manual
1826,Kia,Forte GT-Line,2023,"15,500 mi.",Gasoline,White,Black,At least 1 accident or damage reported,Yes,"$24,500",2.0,4.0,Other
1827,BMW,330 i xDrive,2017,"75,000 mi.",Gasoline,Blue,Black,None reported,Yes,"$20,000",2.0,4.0,Automatic
1828,Land,Rover Range Rover Sport HSE Dynamic,2019,"77,690 mi.",Gasoline,White,Beige,None reported,Yes,"$43,500",3.0,6.0,Automatic
1829,Cadillac,Escalade ESV Platinum,2017,"93,971 mi.",Gasoline,White,Beige,None reported,Yes,"$47,000",6.2,8.0,Automatic
1830,Porsche,911 Carrera,2020,"12,758 mi.",Gasoline,Silver,Black,None reported,Yes,"$107,900",3.0,6.0,Automatic
1831,MINI,Cooper Base,2010,"74,000 mi.",Gasoline,Yellow,Black,None reported,Yes,"$9,650",1.6,4.0,Manual
1832,BMW,X6 M Base,2018,"48,000 mi.",Gasoline,Blue,Black,None reported,Yes,"$54,000",4.4,8.0,Automatic
1833,Mercedes-Benz,AMG G AMG G 63 4MATIC,2016,"32,936 mi.",Gasoline,White,Beige,At least 1 accident or damage reported,Yes,"$90,000",5.5,8.0,Other
1834,Porsche,911 Carrera 4S,2018,"31,678 mi.",Gasoline,Silver,–,None reported,,"$106,798",3.0,,Other
1835,Acura,ILX Technology Plus Package,2016,"61,000 mi.",Gasoline,Black,Black,At least 1 accident or damage reported,Yes,"$21,000",2.4,4.0,Automatic
1836,Dodge,Charger SE,2017,"63,250 mi.",Gasoline,Red,Black,None reported,Yes,"$18,650",3.6,6.0,Automatic
1837,Nissan,Versa 1.8 S,2011,"109,902 mi.",Gasoline,Blue,Gray,None reported,Yes,"$4,500",1.8,4.0,Automatic
1838,Mazda,MX-5 Miata Base,1992,"125,800 mi.",–,Red,Black,None reported,Yes,"$11,500",,,Manual
1839,Audi,A8 L 55,2019,"23,350 mi.",Hybrid,Black,Brown,None reported,Yes,"$48,000",3.0,6.0,Other
1840,Lexus,RX 350 F SPORT Appearance,2021,"28,262 mi.",Gasoline,Obsidian,–,None reported,,"$49,998",3.5,,Automatic
1841,Alfa,Romeo Giulia Ti,2023,"9,275 mi.",Gasoline,Alfa White,Black,None reported,,"$43,900",2.0,4.0,Automatic
1842,Lincoln,Navigator L Select,2016,"84,272 mi.",Gasoline,Black,Black,At least 1 accident or damage reported,Yes,"$25,221",3.5,6.0,Automatic
1843,Audi,A8 L 55,2019,"39,000 mi.",Hybrid,Black,Brown,None reported,Yes,"$50,000",3.0,6.0,Automatic
1844,Chevrolet,Camaro 2SS,2017,"62,000 mi.",Gasoline,Blue,Black,None reported,Yes,"$34,500",6.2,8.0,Other
1845,Land,Rover Range Rover 5.0L Supercharged,2016,"64,000 mi.",Gasoline,White,White,None reported,Yes,"$36,995",5.0,8.0,Other
1846,Porsche,Taycan 4S,2022,"7,900 mi.",,Red,–,None reported,Yes,"$108,000",,,Automatic
1847,Kia,Stinger GT,2018,"56,300 mi.",Gasoline,Silver,Black,None reported,Yes,"$29,950",3.3,6.0,Automatic
1848,BMW,M2 CS,2020,"9,670 mi.",Gasoline,Blue,Black,None reported,Yes,"$103,500",3.0,6.0,Other
1849,Dodge,Challenger SRT Hellcat,2016,"8,228 mi.",Gasoline,Blue,Black,None reported,Yes,"$62,500",6.2,8.0,Automatic
1850,INFINITI,QX60 Pure,2020,"39,000 mi.",Gasoline,Gray,Gray,None reported,Yes,"$29,900",3.5,6.0,Automatic
1851,Subaru,Ascent Touring 7-Passenger,2019,"71,273 mi.",Gasoline,Black,Brown,None reported,Yes,"$23,900",2.4,4.0,Other
1852,Volkswagen,Golf SportWagen TSI SE,2017,"33,850 mi.",Gasoline,Blue,Beige,None reported,Yes,"$16,500",1.8,4.0,Automatic
1853,Mercedes-Benz,SL-Class SL 550,2013,"72,500 mi.",Gasoline,Black,Beige,None reported,Yes,"$31,450",4.6,8.0,Automatic
1854,Bentley,Arnage R,2003,"55,050 mi.",Gasoline,Gray,Gray,None reported,Yes,"$34,995",75.0,8.0,Automatic
1855,Nissan,350Z Enthusiast,2003,"74,000 mi.",Gasoline,Purple,–,None reported,Yes,"$11,000",3.5,6.0,Manual
1856,Kia,Forte GT-Line,2021,"24,534 mi.",Gasoline,White,Black,None reported,Yes,"$21,900",2.0,4.0,Other
1857,Buick,Enclave Leather,2015,"68,653 mi.",Gasoline,Blue,Black,At least 1 accident or damage reported,Yes,"$18,950",3.6,6.0,Automatic
1858,Mercedes-Benz,AMG S 63 Base 4MATIC,2020,"20,937 mi.",Gasoline,Magnetite Black Metallic,Black,None reported,,"$104,900",4.0,8.0,Automatic
1859,Mercedes-Benz,G-Class G 550 4MATIC,2021,"22,480 mi.",Gasoline,White,Brown,None reported,Yes,"$135,800",4.0,8.0,Automatic
1860,Mercedes-Benz,Sprinter Normal Roof,2013,"39,748 mi.",Diesel,Silver,Black,At least 1 accident or damage reported,Yes,"$54,995",3.0,6.0,Automatic
1861,Chevrolet,Impala 1LT,2019,"99,941 mi.",Gasoline,Silver Ice Metallic,Jet Black,None reported,Yes,"$17,816",3.6,6.0,Automatic
1862,RAM,1500 Sport,2012,"113,500 mi.",Gasoline,Black,Black,None reported,Yes,"$17,900",5.7,8.0,Automatic
1863,BMW,335 is,2012,"86,629 mi.",Gasoline,White,Red,None reported,Yes,"$20,995",3.0,6.0,Automatic
1864,Audi,Q5 S line Premium Plus,2023,"6,046 mi.",Hybrid,Daytona Gray,Black,None reported,,"$51,598",2.0,,Automatic
1865,Toyota,Sequoia Platinum,2023,"1,025 mi.",Hybrid,Black,Black,None reported,Yes,"$85,000",3.4,6.0,Automatic
1866,Cadillac,XLR Base,2009,"69,423 mi.",Gasoline,Red,Beige,None reported,Yes,"$36,500",4.6,8.0,Automatic
1867,Mercedes-Benz,E-Class E 350 4MATIC,2014,"76,500 mi.",Gasoline,Silver,Black,None reported,Yes,"$17,999",3.5,6.0,Automatic
1868,Ford,Expedition EL XLT,2014,"85,149 mi.",Gasoline,Oxford White,Camel Leather,None reported,,"$23,598",5.4,,Automatic
1869,Chevrolet,Silverado 1500 High Country,2020,"88,161 mi.",Gasoline,Iridescent Pearl Tricoat,Jet Black,At least 1 accident or damage reported,Yes,"$48,889",6.2,8.0,Automatic
1870,Chevrolet,Bolt EUV Premier,2022,"31,000 mi.",,Red,White,None reported,Yes,"$36,000",,,Automatic
1871,Mercedes-Benz,E-Class E 350,2014,"88,000 mi.",Gasoline,Silver,Black,None reported,Yes,"$15,500",3.5,6.0,Automatic
1872,Mercedes-Benz,SL-Class SL 63 AMG,2011,"47,400 mi.",Gasoline,White,Black,At least 1 accident or damage reported,Yes,"$41,000",6.3,8.0,Automatic
1873,BMW,X5 xDrive35i,2013,"76,309 mi.",Gasoline,Silver,Black,,,"$12,000",3.0,6.0,Automatic
1874,Lexus,RX 350 Base,2012,"160,900 mi.",Gasoline,Silver,Gray,None reported,Yes,"$15,000",3.5,6.0,Automatic
1875,Chevrolet,Silverado 1500 ZR2,2022,"7,455 mi.",Gasoline,Glacier Blue Metallic,Jet Black,None reported,,"$68,990",6.2,8.0,Automatic
1876,Mercedes-Benz,G-Class G 550 4MATIC,2021,"75,151 mi.",Gasoline,Black,Black,None reported,Yes,"$130,000",4.0,8.0,Automatic
1877,Mercedes-Benz,SL-Class SL 550,2011,"41,314 mi.",Gasoline,Red,White,At least 1 accident or damage reported,Yes,"$30,999",5.5,8.0,Other
1878,Genesis,GV70 3.5T Sport,2022,"12,900 mi.",Gasoline,Gray,White,None reported,Yes,"$53,000",3.5,6.0,Automatic
1879,Nissan,Rogue Sport S,2021,"24,000 mi.",Gasoline,Gray,Black,None reported,Yes,"$25,500",2.0,4.0,Automatic
1880,Audi,S3 2.0T Tech Premium Plus,2018,"16,400 mi.",Gasoline,Blue,Red,None reported,Yes,"$42,800",2.0,4.0,Automatic
1881,Volvo,XC90 3.2 Premier Plus,2013,"208,864 mi.",Gasoline,White,Beige,At least 1 accident or damage reported,Yes,"$7,500",3.2,6.0,Automatic
1882,Ford,Mustang GT Premium,2020,"16,850 mi.",Gasoline,Blue,Black,At least 1 accident or damage reported,Yes,"$41,000",5.0,8.0,Automatic
1883,Mercedes-Benz,S-Class S 63 AMG,2008,"93,000 mi.",Gasoline,Black,Black,None reported,Yes,"$17,800",6.2,8.0,Automatic
1884,Lamborghini,Urus Base,2021,"9,500 mi.",Gasoline,White,Black,None reported,Yes,"$279,900",4.0,8.0,Automatic
1885,Volkswagen,Touareg VR6 Lux,2012,"123,200 mi.",Gasoline,Gray,Beige,At least 1 accident or damage reported,Yes,"$12,449",3.6,6.0,Automatic
1886,BMW,X1 sDrive28i,2022,"43,000 mi.",Gasoline,Gray,Black,None reported,Yes,"$35,750",2.0,4.0,Automatic
1887,Honda,Civic Sport,2022,"25,420 mi.",Gasoline,Red,Gray,None reported,Yes,"$24,500",2.0,4.0,Other
1888,Audi,S8 4.0T Plus,2017,"54,300 mi.",Gasoline,Black,Black,None reported,Yes,"$53,500",4.0,8.0,Automatic
1889,Rivian,R1S Adventure Package,2023,159 mi.,,White,Black,None reported,Yes,"$95,500",,,Automatic
1890,RAM,1500 Big Horn,2021,"70,968 mi.",Gasoline,Black,Black,None reported,Yes,"$34,000",5.7,8.0,Automatic
1891,Porsche,Boxster Black Edition,2016,"24,881 mi.",Gasoline,Black,Black,At least 1 accident or damage reported,Yes,"$49,999",2.7,6.0,Other
1892,BMW,M5 Base,2013,"61,145 mi.",Gasoline,White,Beige,At least 1 accident or damage reported,Yes,"$37,500",4.4,8.0,Automatic
1893,Ford,Maverick XLT,2022,"52,000 mi.",Hybrid,Blue,Gray,None reported,Yes,"$28,000",2.5,4.0,Other
1894,Jeep,Wrangler X,2005,"160,900 mi.",Gasoline,Black,–,At least 1 accident or damage reported,Yes,"$7,200",4.0,6.0,Automatic
1895,Ford,Bronco Big Bend Advanced,2023,"11,500 mi.",Gasoline,Gray,Black,None reported,Yes,"$54,490",2.7,6.0,Automatic
1896,Kia,Forte Koup EX,2013,"134,207 mi.",Gasoline,Black,–,At least 1 accident or damage reported,Yes,"$5,500",2.0,4.0,Automatic
1897,Jeep,Grand Cherokee Limited,2022,"12,050 mi.",Gasoline,Bright White Clearcoat,Global Black,None reported,,"$41,599",3.6,6.0,Automatic
1898,Audi,TT 1.8L,2005,"124,747 mi.",Gasoline,Silver,Black,None reported,Yes,"$6,900",1.8,4.0,Other
1899,Bentley,Arnage R,2005,"8,332 mi.",Gasoline,White,Beige,None reported,Yes,"$47,350",75.0,8.0,Automatic
1900,Lamborghini,Gallardo LP560-4,2010,"45,014 mi.",Gasoline,Gray,Black,None reported,Yes,"$109,499",5.2,10.0,Automatic
1901,GMC,Yukon Denali,2018,"92,800 mi.",Gasoline,White,Black,None reported,Yes,"$34,000",6.2,8.0,Automatic
1902,Porsche,Taycan Turbo,2020,"21,028 mi.",,BLACK,BEIGE,None reported,,"$96,900",,,Other
1903,Jeep,Wrangler Unlimited Freedom Edition,2013,"54,500 mi.",Gasoline,Green,Black,None reported,Yes,"$35,000",3.6,6.0,Automatic
1904,Volvo,XC90 T6 Momentum,2018,"81,200 mi.",Gasoline,Black,Black,At least 1 accident or damage reported,Yes,"$28,825",2.0,4.0,Automatic
1905,Lincoln,Nautilus Reserve,2021,"17,467 mi.",Gasoline,Pristine White,Slate,None reported,,"$43,860",2.0,4.0,Automatic
1906,Alfa,Romeo Stelvio Base,2018,"50,000 mi.",Gasoline,Brown,Brown,None reported,Yes,"$27,500",2.0,4.0,Automatic
1907,BMW,528 i xDrive,2016,"134,000 mi.",Gasoline,Brown,Brown,At least 1 accident or damage reported,Yes,"$13,500",2.0,4.0,Automatic
1908,Audi,RS 7 4.0T Prestige,2014,"59,715 mi.",Gasoline,Gray,Black,At least 1 accident or damage reported,Yes,"$45,000",4.0,8.0,Automatic
1909,Ford,Mustang Premium,2007,"126,000 mi.",Gasoline,Red,Black,None reported,Yes,"$9,000",4.0,6.0,Automatic
1910,BMW,330 i xDrive,2018,"74,381 mi.",Gasoline,White,Brown,At least 1 accident or damage reported,Yes,"$22,995",2.0,4.0,Automatic
1911,Mercedes-Benz,Metris Base,2021,"2,284 mi.",Gasoline,Black,Tan,None reported,Yes,"$157,500",2.0,4.0,Automatic
1912,Mercedes-Benz,SLK-Class SLK 350,2012,"44,000 mi.",Gasoline,Gray,White,At least 1 accident or damage reported,Yes,"$22,222",3.5,6.0,Other
1913,Genesis,GV70 2.5T,2022,"11,000 mi.",Gasoline,White,–,At least 1 accident or damage reported,Yes,"$48,950",2.5,4.0,Automatic
1914,Mercedes-Benz,GLA 250 Base 4MATIC,2019,"60,854 mi.",Gasoline,White,Black,None reported,,"$25,498",2.0,,Automatic
1915,Mercedes-Benz,G-Class G 550,2020,"20,622 mi.",Gasoline,designo Diamond White Metallic,Black,None reported,,"$142,998",4.0,,Automatic
1916,Audi,Q7 3.0T Premium Plus,2015,"98,527 mi.",Gasoline,Black,Black,,,"$9,995",3.0,6.0,Automatic
1917,Kia,Sportage S,2021,"16,949 mi.",Gasoline,Hyper Red,Black,None reported,Yes,"$24,995",2.4,4.0,Automatic
1918,Jeep,Wrangler 80th Anniversary,2021,"27,000 mi.",Hybrid,Red,Black,None reported,Yes,"$37,500",3.6,6.0,Automatic
1919,Kia,Stinger GT1,2019,"37,226 mi.",Gasoline,Snow White Pearl,Black,None reported,,"$34,998",3.3,,Automatic
1920,Dodge,Magnum R/T,2005,"96,000 mi.",Gasoline,Gray,Gold,At least 1 accident or damage reported,Yes,"$12,000",5.7,8.0,Automatic
1921,Chevrolet,Corvette Base,2004,"37,622 mi.",Gasoline,Blue,Beige,None reported,Yes,"$25,500",5.7,8.0,Automatic
1922,Toyota,FJ Cruiser Base,2007,"179,000 mi.",Gasoline,Silver,Black,At least 1 accident or damage reported,Yes,"$17,900",4.0,6.0,Automatic
1923,Honda,Ridgeline RTL-E,2021,"14,442 mi.",Gasoline,White,Beige,None reported,Yes,"$38,500",3.5,6.0,Automatic
1924,GMC,Acadia SLE-2,2015,"96,000 mi.",Gasoline,Blue,Beige,None reported,Yes,"$17,000",3.6,6.0,Automatic
1925,GMC,Yukon SLE,2016,"83,858 mi.",Gasoline,Blue,Gray,At least 1 accident or damage reported,Yes,"$27,633",5.3,8.0,Automatic
1926,Ford,Mustang Mach-E Select,2023,923 mi.,,Rapid Red Metallic Tinted Clearcoat,Black Onyx,None reported,,"$46,998",,,Automatic
1927,GMC,Acadia SLT-1,2011,"120,000 mi.",Gasoline,Silver,Gray,None reported,Yes,"$7,500",3.6,6.0,Automatic
1928,Ford,Mustang GT Premium,2019,"31,600 mi.",Gasoline,Blue,Gray,None reported,Yes,"$41,000",5.0,8.0,Manual
1929,Mercedes-Benz,S-Class S 63 AMG,2015,"40,900 mi.",Gasoline,White,–,None reported,Yes,"$59,750",5.5,8.0,Automatic
1930,Chevrolet,Silverado 1500 Limited High Country,2022,"2,550 mi.",Gasoline,Red,Black,None reported,Yes,"$60,000",5.3,8.0,Automatic
1931,Lexus,RC F Base,2015,"51,400 mi.",Gasoline,Silver,Gray,None reported,Yes,"$43,000",5.0,8.0,Automatic
1932,Chevrolet,Express 2500 Work Van,2017,"76,000 mi.",Gasoline,Silver,–,None reported,Yes,"$41,400",4.8,8.0,Automatic
1933,Ford,Transit Connect XL,2018,"66,770 mi.",E85 Flex Fuel,Red,–,,,"$21,500",2.5,4.0,Automatic
1934,RAM,2500 Tradesman,2021,"34,365 mi.",Gasoline,Gray,Gray,At least 1 accident or damage reported,Yes,"$48,000",6.4,8.0,Automatic
1935,Chevrolet,Corvette Base,2004,"43,705 mi.",Gasoline,Gray,Black,None reported,Yes,"$25,900",5.7,8.0,Manual
1936,Porsche,911 Turbo S,2019,"31,000 mi.",Gasoline,White,Black,None reported,Yes,"$179,900",3.8,6.0,Other
1937,Lamborghini,Murcielago Base,2005,"22,703 mi.",Gasoline,Black,Black,None reported,Yes,"$220,000",6.2,12.0,Manual
1938,Audi,A5 2.0T Premium,2013,"111,000 mi.",Gasoline,Blue,Beige,None reported,Yes,"$11,500",2.0,4.0,Other
1939,Volvo,XC90 Recharge Plug-In Hybrid T8 Inscription 7 Passenger,2022,"7,800 mi.",Plug-In Hybrid,Black,Beige,None reported,Yes,"$66,000",2.0,4.0,Automatic
1940,RAM,1500 Big Horn,2015,"140,500 mi.",Gasoline,Red,Gray,At least 1 accident or damage reported,Yes,"$14,000",5.7,8.0,Automatic
1941,Lexus,LS 460 Base,2014,"123,256 mi.",Gasoline,White,Beige,None reported,Yes,"$24,995",4.6,8.0,Automatic
1942,Ford,Fusion Hybrid Titanium,2014,"112,180 mi.",Hybrid,White,Charcoal Black,None reported,,"$12,599",2.0,4.0,Automatic
1943,Chevrolet,Suburban LTZ,2016,"110,000 mi.",E85 Flex Fuel,Brown,Brown,None reported,Yes,"$30,999",5.3,8.0,Automatic
1944,Porsche,Cayenne S,2014,"36,000 mi.",Gasoline,Black,Beige,None reported,Yes,"$37,000",4.8,8.0,Automatic
1945,Lexus,ES 350 Base,2007,"78,980 mi.",Gasoline,Silver,Beige,At least 1 accident or damage reported,Yes,"$10,600",3.5,6.0,Automatic
1946,Nissan,Armada Platinum,2018,"119,950 mi.",Gasoline,Black,Black,None reported,Yes,"$20,999",5.6,8.0,Other
1947,Land,Rover Range Rover Sport 3.0L Supercharged HSE,2017,"67,000 mi.",Gasoline,Gray,Beige,None reported,Yes,"$35,999",3.0,6.0,Automatic
1948,Ford,Transit-350 XLT,2015,"143,000 mi.",Gasoline,Silver,Gray,None reported,Yes,"$22,500",3.7,6.0,Automatic
1949,Acura,RDX Technology Package,2020,"31,015 mi.",Gasoline,Silver,Ebony,None reported,Yes,"$36,570",2.0,4.0,Automatic
1950,Land,Rover Range Rover P525 Westminster,2021,"22,270 mi.",Gasoline,Gray,Ebony,None reported,,"$89,900",5.0,8.0,Automatic
1951,BMW,M2 Base,2018,"25,000 mi.",Gasoline,Black,Black,None reported,Yes,"$52,000",3.0,6.0,Automatic
1952,Scion,tC Release Series 6.0,2010,"120,010 mi.",Gasoline,Gray,Black,At least 1 accident or damage reported,Yes,"$6,500",2.4,4.0,Automatic
1953,Lexus,LS 430 Base,2006,"170,000 mi.",Gasoline,Silver,Gray,None reported,Yes,"$7,500",4.3,8.0,Automatic
1954,Mercedes-Benz,S-Class S 580 4MATIC,2023,989 mi.,Gasoline,Black,Black,None reported,Yes,"$122,950",4.0,8.0,Automatic
1955,Ford,F-250 Lariat,2019,"80,200 mi.",E85 Flex Fuel,White,Black,None reported,Yes,"$42,500",6.2,8.0,Automatic
1956,Cadillac,CTS 2.0L Turbo Luxury,2019,"46,000 mi.",Gasoline,Black,Beige,At least 1 accident or damage reported,Yes,"$29,000",2.0,4.0,Automatic
1957,Cadillac,Escalade ESV Sport,2021,"4,500 mi.",Gasoline,White,Beige,,,"$105,000",6.2,8.0,Automatic
1958,RAM,1500 Rebel,2019,"46,000 mi.",Hybrid,White,–,None reported,Yes,"$37,900",3.6,6.0,Automatic
1959,Ford,Fusion SE,2016,"68,000 mi.",Gasoline,Black,Black,None reported,Yes,"$12,500",2.5,4.0,Automatic
1960,Land,Rover Range Rover P400 SE SWB,2023,"11,700 mi.",Hybrid,Gray,White,None reported,Yes,"$133,500",3.0,6.0,Other
1961,Audi,A5 2.0T Premium,2011,"92,203 mi.",Gasoline,Red,Beige,None reported,Yes,"$9,995",2.0,4.0,Other
1962,Jaguar,F-TYPE V6 S,2014,"62,194 mi.",Gasoline,Black,Black,None reported,,"$32,998",3.0,,Automatic
1963,Chevrolet,Tahoe LT,2012,"162,731 mi.",E85 Flex Fuel,Brown,Gray,None reported,Yes,"$14,500",5.3,8.0,Automatic
1964,Ford,Transit-350 XLT,2020,"32,000 mi.",Diesel,Black,Black,None reported,Yes,"$68,000",2.0,4.0,Automatic
1965,BMW,X3 xDrive30i,2021,"38,352 mi.",Gasoline,Phytonic Blue Metallic,Canberra Beige,None reported,,"$37,400",2.0,4.0,Automatic
1966,Porsche,Taycan Base,2021,"6,785 mi.",,Gentian Blue Metallic,Black,None reported,,"$108,900",,,Automatic
1967,Toyota,Camry Hybrid XLE,2018,"22,000 mi.",Hybrid,White,Beige,None reported,Yes,"$29,500",2.5,4.0,Automatic
1968,GMC,Acadia Denali,2015,"74,864 mi.",Gasoline,Gray,Beige,None reported,Yes,"$19,780",3.6,6.0,Automatic
1969,Mitsubishi,Lancer GTS,2009,"185,963 mi.",Gasoline,Orange,Gray,At least 1 accident or damage reported,Yes,"$5,100",2.4,4.0,Other
1970,Jeep,Liberty Sport,2008,"141,485 mi.",Gasoline,Black,Gray,At least 1 accident or damage reported,Yes,"$6,500",3.7,6.0,Automatic
1971,Dodge,Durango SRT,2018,"78,000 mi.",Gasoline,White,Black,At least 1 accident or damage reported,Yes,"$44,700",6.4,8.0,Other
1972,MINI,Countryman Cooper S ALL4,2014,"70,700 mi.",Gasoline,White,Black,None reported,Yes,"$15,750",1.6,4.0,Automatic
1973,Chevrolet,Tahoe Premier,2020,"137,000 mi.",Gasoline,Black,Black,None reported,Yes,"$46,000",5.3,8.0,Automatic
1974,Lincoln,Nautilus Reserve,2021,"19,700 mi.",Gasoline,White,Beige,None reported,Yes,"$48,000",2.7,6.0,Automatic
1975,Mercedes-Benz,GLE 350 Base 4MATIC,2017,"57,000 mi.",Gasoline,White,Black,At least 1 accident or damage reported,Yes,"$29,500",3.5,6.0,Automatic
1976,Tesla,Model X Long Range,2019,"37,000 mi.",,Gray,Black,None reported,Yes,"$58,000",,,Automatic
1977,Cadillac,XT5 Luxury,2019,"44,692 mi.",Gasoline,Bronze Dune Metallic,Shara Beige,None reported,,"$32,368",3.6,6.0,Automatic
1978,Jeep,Gladiator Overland,2021,"4,100 mi.",Gasoline,Black,Black,None reported,Yes,"$55,000",3.6,6.0,Automatic
1979,Tesla,Model 3 Performance,2022,"13,079 mi.",,Black,White,None reported,Yes,"$47,000",,,Automatic
1980,Lexus,RX 350 Crafted Line F Sport,2015,"110,000 mi.",Gasoline,White,Black,None reported,Yes,"$28,000",3.5,6.0,Other
1981,Toyota,Camry Solara SLE V6,2000,"245,000 mi.",Gasoline,Black,Beige,At least 1 accident or damage reported,Yes,"$2,500",3.0,6.0,Automatic
1982,Ford,F-150 Raptor,2021,"32,957 mi.",Gasoline,Oxford White,Black,None reported,,"$77,900",3.5,6.0,Automatic
1983,Tesla,Model 3 Standard Range,2020,"23,097 mi.",,Black,Black,None reported,Yes,"$29,900",,,Automatic
1984,Rolls-Royce,Phantom Drophead Coupe Drophead,2013,"2,958 mi.",Gasoline,Yellow,–,None reported,Yes,"$488,880",6.8,12.0,Automatic
1985,Lincoln,Navigator L Reserve,2019,"49,131 mi.",Gasoline,Tan,–,,,"$55,460",3.5,6.0,Automatic
1986,Chevrolet,Corvette Stingray w/1LT,2021,"13,700 mi.",Gasoline,White,Red,None reported,Yes,"$75,000",6.2,8.0,Automatic
1987,Pontiac,G8 GT,2009,"81,327 mi.",Gasoline,Black,Black,None reported,Yes,"$17,500",6.0,8.0,Other
1988,Nissan,240SX Base,1996,"160,490 mi.",–,Gray,Black,None reported,Yes,"$15,500",,,Manual
1989,Bentley,Continental GT Speed,2023,714 mi.,Gasoline,C / C,Hotspur,None reported,Yes,"$349,950",6.0,12.0,Automatic
1990,Ford,Bronco Sport Big Bend,2022,"16,700 mi.",Gasoline,Blue,Black,None reported,Yes,"$31,000",1.5,3.0,Automatic
1991,Chevrolet,Express 3500 Base,2009,"75,000 mi.",Gasoline,White,Gray,None reported,Yes,"$18,900",6.0,8.0,Automatic
1992,BMW,M3 Base,2001,"66,500 mi.",Gasoline,Red,Black,None reported,Yes,"$21,000",3.2,6.0,Manual
1993,BMW,330e iPerformance,2017,"41,550 mi.",Plug-In Hybrid,Silver,Black,None reported,Yes,"$20,995",2.0,4.0,Other
1994,Volkswagen,Golf GTI 2.0T SE w/Performance Package 4-Door,2016,"59,250 mi.",Gasoline,Gray,Black,None reported,Yes,"$18,999",2.0,4.0,Other
1995,Porsche,911 Carrera S,2013,"64,000 mi.",Gasoline,Gray,Black,At least 1 accident or damage reported,Yes,"$67,000",3.8,6.0,Automatic
1996,Volkswagen,Atlas 3.6L SEL Premium R-Line,2022,"14,000 mi.",Gasoline,Gray,Black,None reported,Yes,"$46,900",3.6,6.0,Automatic
1997,Ford,Bronco Sport Outer Banks,2021,"28,105 mi.",Gasoline,Kodiak Brown Metallic,Ebony,,,"$32,455",1.5,3.0,Automatic
1998,Hummer,H3 Base,2007,"101,750 mi.",Gasoline,White,Black,None reported,Yes,"$12,900",3.7,5.0,Automatic
1999,RAM,2500 Big Horn,2013,"198,868 mi.",Diesel,Brown,Beige,None reported,Yes,"$25,000",6.7,6.0,Automatic
2000,BMW,650 Gran Coupe i xDrive,2015,"41,000 mi.",Gasoline,Black,Black,None reported,Yes,"$30,000",4.4,8.0,Automatic
2001,Porsche,911 Carrera S,2007,"50,500 mi.",Gasoline,Silver,Black,None reported,Yes,"$56,000",3.8,6.0,Manual
2002,Volkswagen,Beetle 2.0T S,2018,"36,824 mi.",Gasoline,Red,Red,None reported,Yes,"$23,999",2.0,4.0,Automatic
2003,Mercedes-Benz,GLS 450 Base 4MATIC,2017,"106,000 mi.",Gasoline,White,Black,None reported,Yes,"$25,900",3.0,6.0,Automatic
2004,Maserati,Quattroporte Modena Q4,2023,"8,603 mi.",Gasoline,Blu,Tan,None reported,,"$125,900",3.0,6.0,Automatic
2005,Buick,Enclave 1XL,2011,"170,000 mi.",Gasoline,Gold,Beige,At least 1 accident or damage reported,Yes,"$4,000",3.6,6.0,Automatic
2006,Audi,R8 5.2 quattro Spyder,2011,"75,000 mi.",Gasoline,White,Brown,At least 1 accident or damage reported,Yes,"$74,000",5.2,10.0,Other
2007,Jeep,Gladiator Sport,2021,"15,520 mi.",Gasoline,Sting Gray Clearcoat,Black,None reported,Yes,"$40,459",3.6,6.0,Automatic
2008,Cadillac,Escalade ESV Base,2009,"152,068 mi.",E85 Flex Fuel,White,Black,At least 1 accident or damage reported,Yes,"$12,350",6.2,8.0,Automatic
2009,Acura,TLX w/A-Spec Package,2022,"14,896 mi.",Gasoline,Lunar Silver Metallic,Ebony,None reported,,"$39,998",2.0,,Other
2010,BMW,M4 Competition xDrive,2023,"1,120 mi.",Gasoline,Gray,White,None reported,Yes,"$92,900",3.0,6.0,Automatic
2011,Chevrolet,Camaro 2SS,2016,"74,000 mi.",Gasoline,Black,Black,None reported,Yes,"$32,000",6.2,8.0,Automatic
2012,Chevrolet,Camaro 2SS,2016,"164,000 mi.",Gasoline,Black,Red,None reported,Yes,"$21,500",6.2,8.0,Automatic
2013,RAM,2500 Big Horn,2020,"51,000 mi.",Gasoline,Red,Black,None reported,Yes,"$44,900",6.4,8.0,Automatic
2014,Mercedes-Benz,AMG C 43 Base 4MATIC,2018,"67,100 mi.",Gasoline,Gray,Black,At least 1 accident or damage reported,Yes,"$34,250",3.0,6.0,Other
2015,RAM,2500 Tradesman,2018,"63,750 mi.",Gasoline,Gray,Gray,None reported,Yes,"$36,000",6.4,8.0,Automatic
2016,Buick,Encore GX Essence,2020,"35,569 mi.",Gasoline,Satin Steel Metallic,Ebony,None reported,,"$21,999",1.3,3.0,Automatic
2017,Chevrolet,Corvette Base,2005,"143,095 mi.",Gasoline,Red,Black,None reported,Yes,"$16,000",6.0,8.0,Automatic
2018,BMW,X3 xDrive30i,2020,"43,000 mi.",Gasoline,Gray,Brown,At least 1 accident or damage reported,Yes,"$40,000",2.0,4.0,Automatic
2019,Mercedes-Benz,AMG C 63 Base,2020,"33,548 mi.",Gasoline,Silver,Black,None reported,Yes,"$57,999",4.0,8.0,Automatic
2020,BMW,X1 xDrive 28i,2015,"85,766 mi.",Gasoline,Gray,Black,None reported,Yes,"$13,000",2.0,4.0,Automatic
2021,Dodge,Charger GT,2021,"33,000 mi.",Gasoline,White,Gray,At least 1 accident or damage reported,Yes,"$26,999",3.6,6.0,Other
2022,Chevrolet,Cruze LTZ,2013,"87,000 mi.",Gasoline,Blue,Black,At least 1 accident or damage reported,Yes,"$10,000",1.4,4.0,Automatic
2023,BMW,M8 Competition,2023,"3,500 mi.",Gasoline,Gray,Gray,None reported,Yes,"$129,000",4.4,8.0,Automatic
2024,Ford,F-150 FX4,2014,"85,500 mi.",Gasoline,Black,Black,None reported,Yes,"$26,900",6.2,8.0,Other
2025,GMC,Sierra 2500 AT4,2022,"31,681 mi.",Gasoline,Cayenne Red Tintcoat,Jet Black,At least 1 accident or damage reported,,"$67,963",6.6,8.0,Automatic
2026,BMW,X4 M40i,2023,"8,500 mi.",Hybrid,Gray,Beige,None reported,Yes,"$67,900",3.0,6.0,Other
2027,Volvo,XC90 T6 Inscription,2019,"60,000 mi.",Gasoline,White,Black,None reported,Yes,"$37,000",2.0,4.0,Automatic
2028,Ford,Bronco Outer Banks,2023,"16,500 mi.",Gasoline,Blue,Gray,None reported,Yes,"$54,000",2.3,4.0,Automatic
2029,Porsche,Cayenne S,2013,"92,000 mi.",Gasoline,Green,Gray,None reported,Yes,"$23,000",4.8,8.0,Automatic
2030,Toyota,Corolla S Plus,2016,"68,364 mi.",Gasoline,White,Black,None reported,Yes,"$16,000",1.8,4.0,Other
2031,Audi,A6 3.0T Premium Plus,2016,"72,865 mi.",Gasoline,Black,Black,At least 1 accident or damage reported,Yes,"$22,000",3.0,6.0,Automatic
2032,Bentley,Continental GTC V8,2013,"18,950 mi.",Gasoline,White,Black,None reported,Yes,"$77,999",4.0,8.0,Other
2033,Mazda,Mazda6 i Touring,2016,"119,500 mi.",Gasoline,Silver,Black,None reported,Yes,"$15,000",2.5,4.0,Other
2034,Audi,Q5 S line Premium Plus,2022,"13,895 mi.",Hybrid,Daytona Gray,Black,None reported,,"$44,998",2.0,,Automatic
2035,Chevrolet,Silverado 2500 H/D,2001,"167,000 mi.",Gasoline,White,Gray,At least 1 accident or damage reported,Yes,"$6,500",6.0,8.0,Automatic
2036,Toyota,Highlander XLE,2020,"61,341 mi.",Gasoline,Midnight Black Metallic,Black,At least 1 accident or damage reported,,"$34,084",3.5,6.0,Automatic
2037,Chevrolet,Bolt EUV Premier,2022,"14,676 mi.",,Black,Blue,None reported,Yes,"$33,000",,,Automatic
2038,Toyota,4Runner Limited,2016,"82,260 mi.",Gasoline,Nautical Blue Pearl,Black,None reported,Yes,"$31,906",4.0,6.0,Automatic
2039,Land,Rover Range Rover Supercharged LWB,2020,"54,225 mi.",Gasoline,White,White,None reported,Yes,"$67,500",5.0,8.0,Automatic
2040,Toyota,Tundra Hybrid TRD Pro,2022,"19,000 mi.",Hybrid,Orange,Black,None reported,Yes,"$71,000",3.4,6.0,Automatic
2041,Cadillac,SRX Luxury Collection,2012,"87,500 mi.",E85 Flex Fuel,White,Beige,None reported,Yes,"$11,499",3.6,6.0,Automatic
2042,GMC,Terrain Denali,2016,"144,000 mi.",Gasoline,White,Black,None reported,Yes,"$18,400",3.6,6.0,Automatic
2043,Acura,NSX Base,1993,"75,980 mi.",–,Silver,Black,None reported,Yes,"$90,200",,,Automatic
2044,Jeep,Grand Cherokee L Laredo,2022,"10,232 mi.",Gasoline,Diamond Black,Global Black,None reported,Yes,"$44,646",3.6,6.0,Automatic
2045,Maserati,MC20 MC20,2022,"1,220 mi.",Gasoline,–,–,None reported,,"$238,900",3.0,,Automatic
2046,Cadillac,ATS 2.5L,2014,"80,400 mi.",Gasoline,Silver,Black,At least 1 accident or damage reported,Yes,"$15,000",2.5,4.0,Automatic
2047,Volkswagen,Arteon SEL R-Line,2022,"18,655 mi.",Gasoline,Oryx White Prl,Titan Black,None reported,,"$38,698",2.0,,Automatic
2048,Mercedes-Benz,S-Class S 560 4MATIC,2019,"10,500 mi.",Gasoline,Silver,Brown,None reported,Yes,"$77,900",4.0,8.0,Automatic
2049,Subaru,Outback 3.6R Touring,2017,"100,680 mi.",Gasoline,Brown,–,None reported,Yes,"$20,500",3.6,6.0,Automatic
2050,Aston,Martin Vantage Base,2022,"1,023 mi.",Gasoline,Blue,Brown,None reported,Yes,"$156,900",4.0,8.0,Automatic
2051,Honda,S2000 Base,2003,"101,000 mi.",Gasoline,Silver,Black,None reported,Yes,"$28,000",2.0,4.0,Manual
2052,Rolls-Royce,Ghost Base,2016,"8,755 mi.",Gasoline,Black,Black,None reported,Yes,"$166,900",6.6,12.0,Automatic
2053,Ford,F-250 Platinum,2022,"6,600 mi.",Gasoline,Blue,Black,At least 1 accident or damage reported,Yes,"$72,900",7.3,8.0,Automatic
2054,Porsche,911 Turbo,2018,"12,088 mi.",Gasoline,Gray,Black,None reported,Yes,"$169,000",3.8,6.0,Automatic
2055,Chevrolet,Corvette Stingray w/2LT,2020,"1,800 mi.",Gasoline,Blue,Black,None reported,Yes,"$76,000",6.2,8.0,Automatic
2056,Tesla,Model Y Long Range,2021,"69,548 mi.",,Black,Black,At least 1 accident or damage reported,Yes,"$36,300",,,Automatic
2057,Ford,F-150 XLT,2016,"25,880 mi.",E85 Flex Fuel,Red,Gray,None reported,Yes,"$25,500",3.5,6.0,Automatic
2058,Hyundai,Santa Fe SEL,2021,"2,905 mi.",Gasoline,Shimmering Silver,Black,None reported,,"$27,599",2.5,4.0,Automatic
2059,Dodge,Challenger R/T Scat Pack,2016,"7,928 mi.",–,Red,Red,None reported,Yes,"$37,500",,,Manual
2060,Lincoln,Navigator L,2008,"95,000 mi.",Gasoline,Black,Black,None reported,Yes,"$10,900",5.4,8.0,Automatic
2061,Lamborghini,Urus Pearl Capsule,2021,"3,771 mi.",Gasoline,Grigio Nimbus,Bianco Polar,None reported,,"$259,991",4.0,,Automatic
2062,GMC,Sierra 2500 Denali,2015,"86,000 mi.",Diesel,Gray,Brown,None reported,Yes,"$49,000",6.6,8.0,Automatic
2063,Lexus,RX 350 F Sport Performance,2020,"43,277 mi.",Gasoline,Caviar,Black,None reported,,"$43,599",3.5,6.0,Automatic
2064,BMW,640 i,2012,"76,465 mi.",Gasoline,White,Beige,At least 1 accident or damage reported,Yes,"$22,500",3.0,6.0,Automatic
2065,Lexus,IS-F Base,2008,"75,000 mi.",Gasoline,Blue,Black,At least 1 accident or damage reported,Yes,"$29,000",5.0,8.0,Automatic
2066,Jeep,Wrangler Unlimited Sport,2010,"107,000 mi.",Gasoline,White,Gray,At least 1 accident or damage reported,Yes,"$17,500",3.8,6.0,Automatic
2067,BMW,Z4 sDrive35is,2014,"4,200 mi.",Gasoline,White,Red,None reported,Yes,"$64,995",3.0,6.0,Other
2068,Audi,RS 7 4.0T Prestige,2016,"31,500 mi.",Gasoline,Gray,Black,None reported,Yes,"$67,000",4.0,8.0,Automatic
2069,Pontiac,Firebird Trans Am,2001,"71,448 mi.",Gasoline,Gray,Black,None reported,Yes,"$10,500",3.8,6.0,Automatic
2070,Jaguar,F-PACE 35t Premium,2017,"58,060 mi.",Gasoline,Blue,Beige,At least 1 accident or damage reported,Yes,"$26,000",3.0,6.0,Automatic
2071,Mercedes-Benz,SLK-Class SLK320,2001,"59,500 mi.",Gasoline,Blue,Beige,None reported,Yes,"$6,500",3.2,6.0,Manual
2072,Lexus,IS 300 Base,2018,"70,891 mi.",Gasoline,White,Black,None reported,Yes,"$28,995",3.5,6.0,Other
2073,BMW,i8 Base,2019,"28,200 mi.",Plug-In Hybrid,Gray,Beige,At least 1 accident or damage reported,Yes,"$79,950",1.5,3.0,Other
2074,Chevrolet,Silverado 1500 LT,2017,"58,816 mi.",Gasoline,Black,Jet Black,None reported,,"$36,590",5.3,8.0,Automatic
2075,MINI,Cooper Base,2009,"90,367 mi.",Gasoline,Red,Black,None reported,Yes,"$9,250",1.6,4.0,Manual
2076,Toyota,FJ Cruiser Base,2007,"193,827 mi.",Gasoline,Silver,Black,None reported,Yes,"$14,950",4.0,6.0,Automatic
2077,Porsche,Panamera 2,2012,"54,000 mi.",Gasoline,White,–,At least 1 accident or damage reported,Yes,"$26,000",3.6,6.0,Automatic
2078,Ford,Focus SE,2014,"60,109 mi.",E85 Flex Fuel,Gray,Black,None reported,Yes,"$9,499",2.0,4.0,Automatic
2079,Rivian,R1S Launch Edition,2022,"7,800 mi.",,Green,Black,None reported,Yes,"$92,500",,,Automatic
2080,Acura,ILX Premium Package,2022,"16,120 mi.",Gasoline,Gray,Ebony,None reported,,"$26,599",2.4,4.0,Automatic
2081,Genesis,G90 5.0 Ultimate,2017,"63,500 mi.",Gasoline,Silver,Black,None reported,Yes,"$27,500",5.0,8.0,Other
2082,Tesla,Model Y Long Range,2021,"14,642 mi.",,Red,Black,None reported,Yes,"$48,500",,,Automatic
2083,Chevrolet,Avalanche 1500 LT,2010,"170,000 mi.",E85 Flex Fuel,Black,Black,At least 1 accident or damage reported,Yes,"$9,000",5.3,8.0,Automatic
2084,Lexus,GX 460 Base,2018,"64,000 mi.",Gasoline,Red,Brown,None reported,Yes,"$37,300",4.6,8.0,Automatic
2085,Mercedes-Benz,C-Class C 300 4MATIC,2016,"90,189 mi.",Gasoline,White,–,At least 1 accident or damage reported,Yes,"$17,995",2.0,4.0,Automatic
2086,Cadillac,Escalade Luxury,2015,"99,897 mi.",Gasoline,Black,Black,None reported,Yes,"$26,950",6.2,8.0,Automatic
2087,Toyota,Sequoia TRD Pro,2020,"37,428 mi.",Gasoline,White,Black,None reported,Yes,"$61,599",5.7,8.0,Automatic
2088,Ford,Expedition Max XLT,2018,"105,674 mi.",Gasoline,White,Beige,None reported,Yes,"$34,995",3.5,6.0,Automatic
2089,Dodge,Dakota SLT Quad Cab,2007,"232,492 mi.",Gasoline,Silver,Gray,At least 1 accident or damage reported,Yes,"$6,000",3.7,6.0,Automatic
2090,Bentley,Continental GT Base,2004,"69,600 mi.",Gasoline,Silver,Black,None reported,Yes,"$37,900",6.0,12.0,Automatic
2091,BMW,M3 Base,2002,"204,884 mi.",Gasoline,Silver,Black,At least 1 accident or damage reported,Yes,"$21,500",3.2,6.0,Manual
2092,Chevrolet,Corvette Base,2007,"4,048 mi.",Gasoline,Yellow,Gray,None reported,Yes,"$38,000",6.0,8.0,Manual
2093,Mercedes-Benz,AMG GLS 63 4MATIC,2022,"4,102 mi.",Hybrid,Black,Black,None reported,Yes,"$144,664",4.0,8.0,Automatic
2094,Porsche,Panamera Turbo,2015,"47,000 mi.",Gasoline,Black,Brown,None reported,Yes,"$50,000",4.8,8.0,Other
2095,Lexus,GS 350 Base,2010,"212,000 mi.",Gasoline,Gray,Black,At least 1 accident or damage reported,Yes,"$9,450",3.5,6.0,Automatic
2096,Jeep,Wrangler Sahara,2013,"111,850 mi.",Gasoline,Red,Black,At least 1 accident or damage reported,Yes,"$26,500",3.6,6.0,Automatic
2097,Porsche,Panamera 4 Platinum Edition,2022,"10,627 mi.",Gasoline,Chalk,BLACK,None reported,,"$99,000",2.9,,Automatic
2098,INFINITI,Q50 Premium,2014,"79,785 mi.",Gasoline,Red,White,At least 1 accident or damage reported,Yes,"$16,488",3.7,6.0,Automatic
2099,Mercedes-Benz,C-Class C 300 4MATIC Luxury,2011,"95,500 mi.",Gasoline,Black,Beige,At least 1 accident or damage reported,Yes,"$15,990",3.0,6.0,Automatic
2100,Nissan,Pathfinder SL,2020,"45,000 mi.",Gasoline,Black,Black,None reported,Yes,"$28,999",3.5,6.0,Other
2101,Nissan,GT-R Premium,2010,"46,100 mi.",Gasoline,Blue,Black,None reported,Yes,"$72,999",3.8,6.0,Automatic
2102,Lincoln,Aviator Reserve AWD,2022,"18,196 mi.",Gasoline,Black,Brown,None reported,Yes,"$62,000",3.0,6.0,Other
2103,BMW,M4 Base,2020,"29,140 mi.",Gasoline,Orange,Orange,None reported,Yes,"$71,995",3.0,6.0,Manual
2104,Chevrolet,Camaro 1LT,2014,"97,579 mi.",Gasoline,Black,Black,At least 1 accident or damage reported,Yes,"$15,000",3.6,6.0,Other
2105,Volvo,XC90 Hybrid T8 Inscription,2020,"44,487 mi.",Plug-In Hybrid,Blue,Brown,None reported,Yes,"$65,000",2.0,4.0,Automatic
2106,Nissan,Altima 2.5 S,2015,"149,800 mi.",Gasoline,Black,Black,At least 1 accident or damage reported,Yes,"$11,600",2.5,4.0,Automatic
2107,Audi,RS Q8 4.0T,2020,"41,856 mi.",Gasoline,Gray,Black,None reported,Yes,"$91,500",4.0,8.0,Other
2108,Mercedes-Benz,E-Class E 350,2014,"67,350 mi.",Gasoline,Silver,–,At least 1 accident or damage reported,Yes,"$18,700",3.5,6.0,Automatic
2109,Porsche,Cayenne AWD,2020,"34,580 mi.",Gasoline,Black,Red,None reported,Yes,"$56,000",3.0,6.0,Automatic
2110,Saturn,Sky Base,2008,"15,020 mi.",Gasoline,Silver,Red,None reported,Yes,"$18,500",2.4,4.0,Automatic
2111,Mercedes-Benz,CLA-Class CLA 250,2014,"91,140 mi.",Gasoline,Gray,Black,None reported,Yes,"$13,500",2.0,4.0,Automatic
2112,Lexus,ES 350 Base,2008,"146,000 mi.",Gasoline,Red,Beige,None reported,Yes,"$8,995",3.5,6.0,Automatic
2113,BMW,330 i,2017,"83,298 mi.",Gasoline,Black,Black,None reported,Yes,"$18,300",2.0,4.0,Automatic
2114,Ford,F-150 XLT,2019,"81,778 mi.",Gasoline,Black,Medium Earth Gray,None reported,Yes,"$32,769",3.5,6.0,Automatic
2115,Honda,Accord EX-L,2019,"62,200 mi.",Gasoline,White,Black,At least 1 accident or damage reported,Yes,"$21,500",1.5,4.0,Automatic
2116,GMC,Savana 2500 Work Van,2017,"117,000 mi.",E85 Flex Fuel,Silver,Silver,None reported,Yes,"$38,000",6.0,8.0,Automatic
2117,Honda,Civic Sport,2020,"22,227 mi.",Gasoline,Red,Black,,,"$25,980",2.0,4.0,Automatic
2118,Ford,Shelby GT350 Base,2018,"18,515 mi.",Gasoline,White,Black,At least 1 accident or damage reported,Yes,"$60,867",5.2,8.0,Manual
2119,Nissan,NV Passenger NV3500 HD SV V8,2015,"86,000 mi.",Gasoline,Silver,Gray,None reported,Yes,"$29,500",5.6,8.0,Automatic
2120,Ford,F-250 XLT,2019,"38,514 mi.",E85 Flex Fuel,Black,Gray,At least 1 accident or damage reported,Yes,"$45,998",6.2,8.0,Automatic
2121,Bentley,Continental GT V8,2020,"33,000 mi.",Gasoline,Beige,Beige,None reported,Yes,"$188,500",4.0,8.0,Automatic
2122,Jeep,Wrangler Unlimited Sahara,2020,"68,816 mi.",Gasoline,Black Clearcoat,Black,None reported,Yes,"$35,297",2.0,4.0,Automatic
2123,MINI,Hardtop Cooper,2014,"19,700 mi.",Gasoline,Silver,Black,None reported,Yes,"$13,500",2.0,4.0,Automatic
2124,BMW,X5 xDrive50i,2011,"110,000 mi.",Gasoline,White,Blue,At least 1 accident or damage reported,Yes,"$12,000",4.4,8.0,Other
2125,Toyota,Tundra Hybrid Capstone,2023,200 mi.,Hybrid,Blue,White,None reported,Yes,"$82,500",3.4,6.0,Automatic
2126,RAM,ProMaster 3500 High Roof,2021,"18,500 mi.",Gasoline,White,Black,None reported,Yes,"$41,950",3.6,6.0,Automatic
2127,Mercedes-Benz,GLC 300 GLC 300,2021,"14,745 mi.",Gasoline,Graphite Grey,–,None reported,,"$38,998",2.0,,Automatic
2128,Ford,Explorer XLT,2020,"61,001 mi.",Gasoline,Gray,Ebony,At least 1 accident or damage reported,Yes,"$28,616",2.3,4.0,Automatic
2129,Nissan,350Z Touring,2004,"110,897 mi.",Gasoline,Black,Orange,At least 1 accident or damage reported,Yes,"$11,500",3.5,6.0,Manual
2130,Chevrolet,Silverado 1500 LT,2012,"104,000 mi.",E85 Flex Fuel,Blue,Gray,At least 1 accident or damage reported,Yes,"$16,500",5.3,8.0,Automatic
2131,BMW,328 i,1997,"206,000 mi.",Gasoline,Red,Black,At least 1 accident or damage reported,Yes,"$15,900",2.8,6.0,Manual
2132,Cadillac,SRX Luxury Collection,2016,"61,549 mi.",Gasoline,Red,Ebony,At least 1 accident or damage reported,,"$19,998",3.6,,Automatic
2133,Honda,Accord EX-L,2014,"62,000 mi.",Gasoline,Gray,Black,At least 1 accident or damage reported,Yes,"$18,987",2.4,4.0,Other
2134,Cadillac,CT5-V V-Series,2022,"4,451 mi.",Gasoline,Summit White,Jet Black,At least 1 accident or damage reported,Yes,"$55,655",3.0,6.0,Automatic
2135,Porsche,Cayman Base,2014,"79,000 mi.",Gasoline,Red,Black,At least 1 accident or damage reported,Yes,"$42,999",2.7,6.0,Other
2136,Chevrolet,Corvette Base,2004,"40,011 mi.",Gasoline,Red,Black,None reported,Yes,"$23,500",5.7,8.0,Automatic
2137,Jeep,Wrangler Unlimited Sport,2020,"33,060 mi.",Gasoline,White,Black,None reported,Yes,"$36,500",3.6,6.0,Automatic
2138,Mercedes-Benz,C-Class C 250 Sport,2014,"70,612 mi.",Gasoline,White,Beige,None reported,Yes,"$14,500",1.8,4.0,Automatic
2139,Chevrolet,Tahoe LTZ,2015,"123,500 mi.",Gasoline,White,Brown,None reported,Yes,"$25,650",5.3,8.0,Automatic
2140,BMW,M4 Base,2020,"28,000 mi.",Gasoline,White,White,None reported,Yes,"$59,900",3.0,6.0,Automatic
2141,Hyundai,Genesis Coupe 3.8 Grand Touring,2013,"60,000 mi.",Gasoline,White,–,None reported,Yes,"$16,500",3.8,6.0,Automatic
2142,INFINITI,G35 Base,2006,"94,000 mi.",Gasoline,White,Gray,At least 1 accident or damage reported,Yes,"$10,995",3.5,6.0,Other
2143,BMW,330 i xDrive,2017,"63,150 mi.",Gasoline,White,Beige,None reported,Yes,"$21,500",2.0,4.0,Automatic
2144,Jeep,Patriot Latitude,2015,"109,000 mi.",Gasoline,Gray,Gray,At least 1 accident or damage reported,Yes,"$7,599",2.0,4.0,Automatic
2145,Chevrolet,Corvette Stingray w/2LT,2023,"5,200 mi.",Gasoline,White,Red,None reported,Yes,"$88,900",6.2,8.0,Automatic
2146,Land,Rover Discovery LSE,1998,"149,437 mi.",Gasoline,Green,Beige,None reported,Yes,"$9,995",4.0,8.0,Automatic
2147,Audi,R8 5.2 V10 plus,2017,"61,000 mi.",Gasoline,Gray,Black,None reported,Yes,"$140,000",5.2,10.0,Other
2148,Volvo,XC90 T6 Momentum,2018,"90,641 mi.",Gasoline,White,Amber,None reported,,"$25,999",2.0,4.0,Automatic
2149,Toyota,Mirai Limited,2021,"44,000 mi.",not supported,Gray,Black,None reported,Yes,"$18,500",,,Automatic
2150,Jeep,Grand Cherokee L Summit,2022,"14,627 mi.",Gasoline,Diamond Black,Tupelo,None reported,,"$56,740",3.6,6.0,Automatic
2151,Porsche,911 Carrera 4S,2017,"26,000 mi.",Gasoline,Gray,Red,None reported,Yes,"$116,911",3.0,6.0,Other
2152,GMC,Sierra 1500 Denali,2021,"44,691 mi.",Gasoline,White Frost Tri-Coat,Walnut,At least 1 accident or damage reported,,"$56,900",6.2,8.0,Automatic
2153,Audi,Q7 3.0T Prestige,2018,"63,400 mi.",Gasoline,Black,Black,None reported,Yes,"$29,900",3.0,6.0,Automatic
2154,Ford,Taurus X Limited,2008,"148,949 mi.",Gasoline,Blue,Beige,None reported,Yes,"$3,900",3.5,6.0,Automatic
2155,Ford,Expedition Limited,2021,"45,000 mi.",Gasoline,Gray,Black,None reported,Yes,"$52,000",3.5,6.0,Other
2156,Porsche,Boxster S,2005,"44,400 mi.",Gasoline,Silver,Black,None reported,Yes,"$29,800",3.2,6.0,Manual
2157,Chevrolet,Corvette Z06,2006,"42,000 mi.",Gasoline,Orange,Black,None reported,Yes,"$42,000",7.0,8.0,Manual
2158,Chevrolet,Suburban Premier,2019,"105,667 mi.",Gasoline,Black,Beige,None reported,Yes,"$39,000",5.3,8.0,Automatic
2159,Subaru,Impreza 2.0i Premium,2017,"160,000 mi.",Gasoline,White,Beige,At least 1 accident or damage reported,Yes,"$7,750",2.0,4.0,Automatic
2160,Lexus,LS 460 Base,2012,"200,000 mi.",Gasoline,White,Beige,At least 1 accident or damage reported,Yes,"$9,995",4.6,8.0,Other
2161,MINI,Cooper Base,2008,"104,500 mi.",Gasoline,Red,Black,At least 1 accident or damage reported,Yes,"$4,100",1.6,4.0,Automatic
2162,BMW,535 i xDrive,2011,"169,000 mi.",Gasoline,Black,White,At least 1 accident or damage reported,Yes,"$10,999",3.0,6.0,Other
2163,BMW,X5 xDrive40i,2020,"37,000 mi.",Gasoline,Black,Black,At least 1 accident or damage reported,Yes,"$50,000",3.0,6.0,Automatic
2164,Jeep,Wrangler Sport,2000,"122,945 mi.",Gasoline,Beige,Brown,None reported,Yes,"$13,900",4.0,6.0,Manual
2165,Toyota,RAV4 Prime XSE,2022,"7,100 mi.",Plug-In Hybrid,Gray,Black,None reported,Yes,"$49,000",2.5,4.0,Automatic
2166,Chevrolet,Corvette Base,1996,"85,760 mi.",Gasoline,Silver,Black,None reported,Yes,"$14,500",5.7,8.0,Automatic
2167,Volkswagen,Beetle 2.0T S,2019,"35,340 mi.",Gasoline,Black,Gray,None reported,Yes,"$23,000",2.0,4.0,Automatic
2168,Audi,Q5 S line Premium Plus,2022,"10,071 mi.",Hybrid,Mythos Black Metallic,Black,None reported,,"$40,598",2.0,,Automatic
2169,Mazda,MX-5 Miata Grand Touring,2007,"81,400 mi.",Gasoline,Red,–,At least 1 accident or damage reported,Yes,"$11,000",2.0,4.0,Manual
2170,Bentley,Continental GT W12,2017,"14,684 mi.",Gasoline,White,White,None reported,Yes,"$130,000",6.0,12.0,Automatic
2171,Jeep,Grand Cherokee L Overland,2022,"31,804 mi.",Gasoline,Silver Zynith,Global Black,At least 1 accident or damage reported,Yes,"$48,995",3.6,6.0,Automatic
2172,BMW,M6 Base,2015,"18,651 mi.",Gasoline,Red,Black,None reported,Yes,"$59,549",4.4,8.0,Other
2173,BMW,X5 PHEV xDrive45e,2023,"5,338 mi.",Plug-In Hybrid,Blue,White,None reported,Yes,"$76,500",3.0,6.0,Automatic
2174,Ford,Mustang Shelby GT500,2010,"29,816 mi.",Gasoline,Black,Black,None reported,Yes,"$38,000",5.4,8.0,Manual
2175,Ford,F-350 XLT,2013,"31,000 mi.",E85 Flex Fuel,Black,Gray,At least 1 accident or damage reported,Yes,"$35,000",6.2,8.0,Automatic
2176,Lexus,LS 460 Base,2012,"103,000 mi.",Gasoline,White,Beige,None reported,Yes,"$20,500",4.6,8.0,Automatic
2177,Nissan,Armada LE,2005,"152,270 mi.",Gasoline,Green,Beige,At least 1 accident or damage reported,Yes,"$6,900",5.6,8.0,Automatic
2178,Toyota,Highlander Hybrid Limited,2018,"62,200 mi.",Hybrid,Brown,Beige,None reported,Yes,"$35,707",3.5,6.0,Other
2179,Volvo,XC90 T6 Momentum,2018,"62,000 mi.",Gasoline,Silver,Black,None reported,Yes,"$30,500",2.0,4.0,Automatic
2180,Toyota,FJ Cruiser Base,2007,"162,000 mi.",Gasoline,Black,Black,None reported,Yes,"$23,977",4.0,6.0,Automatic
2181,Ford,Mustang GT Premium,2012,"19,900 mi.",Gasoline,White,Black,None reported,Yes,"$26,500",5.0,8.0,Automatic
2182,GMC,Sierra 2500 SLE H/D Extended Cab,2002,"53,850 mi.",Gasoline,Silver,Gray,At least 1 accident or damage reported,Yes,"$16,900",8.1,8.0,Automatic
2183,Rivian,R1S Adventure Package,2023,250 mi.,,Red,Black,,,"$94,000",,,Automatic
2184,BMW,M5 Base,2018,"20,500 mi.",Gasoline,Silver,Black,None reported,Yes,"$67,000",4.4,8.0,Automatic
2185,Porsche,Panamera 2,2011,"104,000 mi.",Gasoline,White,Black,None reported,Yes,"$20,900",3.6,6.0,Automatic
2186,Maserati,Quattroporte S,2012,"50,000 mi.",Gasoline,White,Black,None reported,Yes,"$26,497",4.7,8.0,Automatic
2187,BMW,M3 Base,2008,"41,048 mi.",Gasoline,Gray,Beige,None reported,Yes,"$38,490",4.0,8.0,Other
2188,Lexus,GX 470 Base,2005,"198,000 mi.",Gasoline,Gray,Gray,At least 1 accident or damage reported,Yes,"$15,500",4.7,8.0,Automatic
2189,Subaru,Impreza WRX Sti,2005,"94,000 mi.",Gasoline,Black,Blue,None reported,Yes,"$19,500",2.5,4.0,Manual
2190,Toyota,Tundra SR5 Double Cab,2005,"170,000 mi.",Gasoline,Silver,Beige,At least 1 accident or damage reported,Yes,"$11,200",4.7,8.0,Automatic
2191,Tesla,Model S P100D,2018,"47,000 mi.",,Black,Black,None reported,Yes,"$49,900",,,Automatic
2192,Kia,Telluride EX,2022,"35,938 mi.",Gasoline,Glacial White Pearl,Black,None reported,,"$43,329",3.8,6.0,Automatic
2193,RAM,1500 Big Horn,2022,"14,920 mi.",Gasoline,Diamond Black,Black,None reported,Yes,"$41,741",3.6,6.0,Automatic
2194,Mercedes-Benz,GLK-Class GLK 350,2013,"99,200 mi.",Gasoline,Silver,Black,,,"$11,495",3.5,6.0,Automatic
2195,Mercedes-Benz,C-Class C 300 4MATIC Sport,2016,"67,289 mi.",Gasoline,White,Gray,None reported,Yes,"$20,490",2.0,4.0,Automatic
2196,Hyundai,Accent SEL,2022,"5,100 mi.",Gasoline,Blue,Black,None reported,Yes,"$19,500",1.6,4.0,Automatic
2197,Dodge,Challenger R/T,2010,"73,000 mi.",–,Black,Black,None reported,Yes,"$17,500",,,Automatic
2198,Nissan,Juke SL,2012,"115,359 mi.",Gasoline,Black,Black,None reported,Yes,"$9,950",1.6,4.0,Automatic
2199,Audi,S4 3.0T Premium Plus,2022,"10,900 mi.",Gasoline,Black,Black,None reported,Yes,"$53,900",3.0,6.0,Other
2200,Hummer,H2 Base,2003,"149,961 mi.",Gasoline,Beige,Beige,At least 1 accident or damage reported,Yes,"$12,500",6.0,8.0,Automatic
2201,Volkswagen,Passat 2.0T R-Line,2021,"16,538 mi.",Gasoline,Reflex Silver,Titan Black,None reported,,"$25,998",2.0,,Automatic
2202,Subaru,Outback 3.0 R VDC Limited,2005,"107,000 mi.",Gasoline,Gold,Beige,None reported,Yes,"$7,100",3.0,6.0,Automatic
2203,Lexus,LS 460 Base,2013,"99,524 mi.",Gasoline,Gray,Black,At least 1 accident or damage reported,Yes,"$24,900",4.6,8.0,Automatic
2204,BMW,428 Gran Coupe i xDrive,2016,"59,000 mi.",Gasoline,Black,Brown,At least 1 accident or damage reported,Yes,"$20,999",2.0,4.0,Other
2205,Ford,Mustang EcoBoost Premium,2017,"41,650 mi.",Gasoline,Blue,Black,None reported,Yes,"$23,600",2.3,4.0,Automatic
2206,Toyota,FJ Cruiser Base,2013,"53,000 mi.",Gasoline,Blue,Black,None reported,Yes,"$36,740",4.0,6.0,Automatic
2207,Mazda,Mazda3 i Sport,2015,"162,000 mi.",Gasoline,Red,Black,None reported,Yes,"$11,500",2.0,4.0,Other
2208,Hyundai,Genesis 4.6,2010,"153,332 mi.",Gasoline,Silver,Black,At least 1 accident or damage reported,Yes,"$10,000",4.6,8.0,Other
2209,Chrysler,Town & Country Touring-L,2012,"163,500 mi.",E85 Flex Fuel,Gray,Beige,None reported,Yes,"$5,949",3.6,6.0,Automatic
2210,Chevrolet,Caprice Classic Base,1996,"60,000 mi.",Gasoline,Purple,Gray,,,"$18,500",5.7,8.0,Automatic
2211,Volkswagen,Golf R 20th Anniversary Edition,2023,633 mi.,Gasoline,White,Black,None reported,Yes,"$47,999",2.0,4.0,Manual
2212,Subaru,WRX STI Base,2017,"37,800 mi.",Gasoline,Blue,Black,None reported,Yes,"$32,500",2.5,4.0,Manual
2213,Genesis,GV70 3.5T Sport,2023,"5,400 mi.",Gasoline,Green,Beige,,,"$60,000",3.5,6.0,Automatic
2214,Chevrolet,Corvette Stingray w/2LT,2021,"3,053 mi.",Gasoline,Silver,Gray,None reported,Yes,"$83,900",6.2,8.0,Other
2215,Mercedes-Benz,AMG C 63 Base,2017,"28,399 mi.",Gasoline,Gray,Black,None reported,Yes,"$55,600",4.0,8.0,Automatic
2216,INFINITI,QX60 Base,2018,"48,000 mi.",Gasoline,Black,Black,None reported,Yes,"$27,000",3.5,6.0,Other
2217,INFINITI,Q50 3.0t Signature Edition,2017,"67,000 mi.",Gasoline,Black,Black,None reported,Yes,"$23,000",3.0,6.0,Other
2218,Chevrolet,Traverse High Country,2020,"56,247 mi.",Gasoline,Stone Gray Metallic,Jet Black,None reported,Yes,"$39,244",3.6,6.0,Automatic
2219,BMW,i3 Base w/Range Extender,2014,"29,553 mi.",,Black,Gray,None reported,Yes,"$12,800",65.0,,Automatic
2220,Nissan,Xterra S,2012,"80,000 mi.",Gasoline,Black,Gray,None reported,Yes,"$14,800",4.0,6.0,Automatic
2221,Mercedes-Benz,GLA-Class GLA 250 4MATIC,2015,"61,675 mi.",Gasoline,Gray,Black,At least 1 accident or damage reported,Yes,"$19,000",2.0,4.0,Other
2222,Mercedes-Benz,A-Class A 220 4MATIC,2020,"30,930 mi.",Gasoline,Midnight Black,Black,None reported,,"$28,900",2.0,4.0,Automatic
2223,RAM,2500 Big Horn,2016,"89,500 mi.",Gasoline,Black,Gray,None reported,Yes,"$35,000",6.4,8.0,Automatic
2224,Porsche,Cayenne Turbo GT,2022,"1,766 mi.",Gasoline,Custom Color,Black,None reported,,"$209,995",4.0,,Automatic
2225,BMW,435 i,2014,"80,211 mi.",Gasoline,Gray,Red,At least 1 accident or damage reported,Yes,"$17,995",3.0,6.0,Automatic
2226,RAM,1500 Laramie,2022,"14,636 mi.",Gasoline,Diamond Black,Black,None reported,,"$46,599",5.7,8.0,Automatic
2227,Mercedes-Benz,C-Class C 63 AMG,2014,"42,000 mi.",Gasoline,Gray,Black,None reported,Yes,"$45,000",6.2,8.0,Automatic
2228,Jeep,Wrangler Unlimited X,2008,"136,731 mi.",Gasoline,Yellow,Gray,None reported,Yes,"$15,900",3.8,6.0,Automatic
2229,Audi,A8 4.0T,2014,"96,238 mi.",Gasoline,Black,Black,At least 1 accident or damage reported,Yes,"$22,500",4.0,8.0,Other
2230,INFINITI,QX80 Base,2016,"60,000 mi.",Gasoline,Silver,Beige,At least 1 accident or damage reported,Yes,"$25,950",5.6,8.0,Automatic
2231,Nissan,350Z Enthusiast,2007,"117,000 mi.",Gasoline,Silver,Black,At least 1 accident or damage reported,Yes,"$9,975",3.5,6.0,Automatic
2232,Land,Rover Range Rover Sport SE MHEV,2021,"15,000 mi.",Hybrid,Black,Black,None reported,Yes,"$69,000",3.0,6.0,Automatic
2233,Mercedes-Benz,S-Class S 550 4MATIC,2015,"13,300 mi.",Gasoline,Black,Black,None reported,Yes,"$62,500",4.7,8.0,Automatic
2234,Dodge,Challenger SRT8,2011,"106,500 mi.",–,White,White,At least 1 accident or damage reported,Yes,"$22,500",,,Automatic
2235,Chevrolet,Corvette Stingray,2018,"13,900 mi.",Gasoline,White,Red,None reported,Yes,"$54,490",6.2,8.0,Automatic
2236,BMW,135 i,2009,"72,900 mi.",Gasoline,Gray,Gray,None reported,Yes,"$15,500",3.0,6.0,Automatic
2237,Lexus,LX 570 Three-Row,2021,"25,997 mi.",Gasoline,Green,Brown,None reported,Yes,"$87,000",5.7,8.0,Automatic
2238,Land,Rover Range Rover Velar SVAutobiography Dynamic Edition,2020,"59,355 mi.",Gasoline,Santorini Black,Ebony / Pimento,None reported,Yes,"$72,995",,8.0,Automatic
2239,Jeep,Commander Sport,2007,"161,900 mi.",E85 Flex Fuel,Blue,Gray,At least 1 accident or damage reported,Yes,"$4,800",4.7,8.0,Automatic
2240,RAM,1500 Big Horn,2021,"41,800 mi.",Diesel,White,Black,None reported,Yes,"$44,900",3.0,6.0,Automatic
2241,Chevrolet,Cruze LS,2011,"135,603 mi.",Gasoline,Silver,Black,None reported,Yes,"$7,000",1.8,4.0,Automatic
2242,Acura,RDX Advance Package,2021,"29,000 mi.",Gasoline,Black,Black,None reported,Yes,"$39,650",2.0,4.0,Automatic
2243,Volkswagen,Golf R 4-Door,2016,"47,144 mi.",Gasoline,Blue,Black,None reported,Yes,"$29,950",2.0,4.0,Manual
2244,Subaru,Impreza Outback Sport Wagon,2008,"98,313 mi.",Gasoline,Silver,Gray,None reported,Yes,"$7,495",2.5,4.0,Automatic
2245,Ford,F-150 XLT,2021,"35,921 mi.",Gasoline,Antimatter Blue Metallic,Black,None reported,,"$42,995",2.7,6.0,Automatic
2246,Ford,Fiesta ST,2019,"28,724 mi.",Gasoline,Gray,Black,At least 1 accident or damage reported,Yes,"$18,300",1.6,4.0,Manual
2247,Subaru,WRX Base,2015,"102,000 mi.",Gasoline,White,Black,At least 1 accident or damage reported,Yes,"$18,000",2.0,4.0,Manual
2248,Cadillac,Escalade ESV Sport,2021,"8,044 mi.",Gasoline,Black,Beige,None reported,Yes,"$93,000",6.2,8.0,Other
2249,RAM,1500 Laramie,2022,"16,616 mi.",Gasoline,Diamond Black,Black,None reported,,"$45,999",5.7,8.0,Automatic
2250,Lexus,NX 200t Base,2015,"124,250 mi.",Gasoline,Gray,Orange,At least 1 accident or damage reported,Yes,"$17,900",2.0,4.0,Automatic
2251,INFINITI,G37 S Sport,2010,"116,451 mi.",Gasoline,White,Gray,None reported,Yes,"$16,500",3.7,6.0,Manual
2252,Land,Rover Range Rover Sport First Edition,2023,"3,534 mi.",Hybrid,Red,Black,None reported,,"$143,998",4.4,,Automatic
2253,Porsche,Cayenne Diesel,2014,"86,818 mi.",Diesel,Silver,Black,None reported,Yes,"$33,500",3.0,6.0,Other
2254,Audi,S4 3.0T Premium,2019,"12,000 mi.",Gasoline,Black,Black,None reported,Yes,"$48,000",3.0,6.0,Automatic
2255,Ford,Focus RS Base,2016,"49,700 mi.",Gasoline,Blue,Black,None reported,Yes,"$31,700",2.3,4.0,Manual
2256,Audi,S5 3.0T Prestige,2022,"14,739 mi.",Gasoline,Daytona Gray Pearl Effect,Black,None reported,,"$61,900",3.0,,Automatic
2257,Ford,Mustang Base,1998,"63,900 mi.",Gasoline,White,Gray,None reported,Yes,"$10,300",3.8,6.0,Automatic
2258,Chevrolet,Corvette Z06,2018,"24,059 mi.",Gasoline,Gray,Black,None reported,Yes,"$87,150",6.2,8.0,Automatic
2259,Mazda,Mazda6 Carbon Edition,2021,"21,444 mi.",Gasoline,Polymetal Gray Metallic,Red,None reported,Yes,"$29,995",2.5,4.0,Automatic
2260,BMW,X6 M Base,2018,"48,291 mi.",Gasoline,Gray,Brown,None reported,Yes,"$67,250",4.4,8.0,Other
2261,Jeep,Wrangler X,2004,"44,000 mi.",Gasoline,Green,Green,At least 1 accident or damage reported,Yes,"$24,999",4.0,6.0,Manual
2262,Tesla,Model Y Performance,2020,"30,554 mi.",,Blue,Black,None reported,,"$41,999",,,Automatic
2263,Lexus,ES 350 Base,2016,"39,700 mi.",Gasoline,White,Beige,None reported,Yes,"$25,500",3.5,6.0,Automatic
2264,Land,Rover Defender X,2023,"5,433 mi.",Hybrid,Santorin Black,Black,None reported,,"$95,998",3.0,,Automatic
2265,Land,Rover Range Rover Sport 3.0L Supercharged HSE,2017,"95,212 mi.",Gasoline,Brown,Beige,None reported,Yes,"$31,599",3.0,6.0,Automatic
2266,Jeep,Gladiator Overland,2020,"4,000 mi.",Gasoline,Silver,Black,None reported,Yes,"$50,000",3.6,6.0,Automatic
2267,Dodge,Challenger R/T,2020,"54,000 mi.",Gasoline,Gray,Black,None reported,Yes,"$34,000",5.7,8.0,Automatic
2268,Tesla,Model X Long Range,2022,"11,860 mi.",,White,White,None reported,Yes,"$92,500",,,Automatic
2269,Audi,A3 2.0T Premium,2017,"137,000 mi.",Gasoline,White,Gray,None reported,Yes,"$10,995",2.0,4.0,Automatic
2270,Nissan,Versa 1.8 S,2011,"165,000 mi.",Gasoline,Black,–,None reported,Yes,"$4,000",1.8,4.0,Automatic
2271,Chevrolet,Malibu 1LT,2017,"54,000 mi.",Gasoline,Gray,Gray,At least 1 accident or damage reported,Yes,"$16,000",1.5,4.0,Automatic
2272,Tesla,Model Y Long Range,2022,"12,055 mi.",,Blue,Black,None reported,Yes,"$44,400",,,Automatic
2273,Mercedes-Benz,E-Class E 350 4MATIC,2014,"84,450 mi.",Gasoline,Gray,Beige,None reported,Yes,"$19,000",3.5,6.0,Automatic
2274,Toyota,Highlander XLE,2021,"67,039 mi.",Gasoline,Blue,Black,None reported,,"$34,645",3.5,6.0,Automatic
2275,Mercedes-Benz,G-Class G 550 4MATIC,2017,"23,151 mi.",Gasoline,Gray,Black,None reported,Yes,"$84,500",4.0,8.0,Automatic
2276,Hyundai,Accent GL,2003,"83,000 mi.",Gasoline,Blue,Gray,None reported,Yes,"$2,900",1.6,4.0,Manual
2277,Lincoln,Navigator Reserve,2016,"125,000 mi.",Gasoline,Gray,Beige,None reported,Yes,"$26,500",3.5,6.0,Other
2278,Porsche,Cayenne S,2015,"124,000 mi.",Gasoline,White,Beige,None reported,Yes,"$25,000",3.6,6.0,Automatic
2279,Jeep,Wrangler Sport,2011,"109,646 mi.",Gasoline,Mango Tango Pearlcoat,Black,None reported,,"$16,998",3.8,6.0,Automatic
2280,Lincoln,Aviator Luxury,2005,"140,000 mi.",Gasoline,Black,Beige,None reported,Yes,"$2,000",4.6,8.0,Automatic
2281,Land,Rover Discovery HSE,2020,"32,705 mi.",Diesel,Portofino Blue Metallic,Tan/Ebony/Ebony,None reported,,"$46,598",3.0,,Automatic
2282,Chevrolet,Tahoe LT,2009,"104,733 mi.",E85 Flex Fuel,Black,Black,None reported,Yes,"$15,000",5.3,8.0,Automatic
2283,Mazda,CX-90 Premium,2024,"3,880 mi.",Gasoline,Machine Gray Metallic,Black,None reported,Yes,"$52,991",2.5,,Automatic
2284,Mercedes-Benz,CLS-Class CLS 63 AMG S-Model 4MATIC,2014,"64,500 mi.",Gasoline,Silver,Black,,,"$37,500",5.5,8.0,Automatic
2285,BMW,540 i xDrive,2019,"21,000 mi.",Gasoline,Blue,Black,At least 1 accident or damage reported,Yes,"$42,000",3.0,6.0,Other
2286,Ford,F-350 King Ranch,2015,"92,421 mi.",Diesel,White,Brown,None reported,Yes,"$51,900",6.7,8.0,Automatic
2287,Porsche,911 Carrera,2022,"2,950 mi.",Gasoline,Green,Black,None reported,Yes,"$131,000",3.0,6.0,Automatic
2288,Ford,Explorer XLT,2013,"82,900 mi.",Gasoline,White,Gray,At least 1 accident or damage reported,Yes,"$16,000",3.5,6.0,Automatic
2289,GMC,Sierra 1500 SLT,2013,"230,000 mi.",E85 Flex Fuel,White,Black,None reported,Yes,"$15,500",5.3,8.0,Automatic
2290,Lexus,IS 300 Base,2017,"68,871 mi.",Gasoline,Silver,Red,None reported,Yes,"$28,450",3.5,6.0,Automatic
2291,Ford,F-150 XLT,2020,"53,401 mi.",Gasoline,Gray,Black,None reported,Yes,"$39,500",3.5,6.0,Automatic
2292,Mercedes-Benz,GLC 300 Base 4MATIC,2018,"48,700 mi.",Gasoline,Blue,Brown,None reported,Yes,"$27,900",2.0,4.0,Automatic
2293,Mazda,Mazda6 Signature,2021,"11,737 mi.",Gasoline,Soul Red Crystal Metallic,Deep Chestnut,None reported,Yes,"$33,687",2.5,4.0,Automatic
2294,Nissan,350Z Touring,2008,"123,500 mi.",Gasoline,Gray,Beige,At least 1 accident or damage reported,Yes,"$13,500",3.5,6.0,Automatic
2295,Land,Rover Range Rover 5.0L Supercharged Autobiography,2016,"56,000 mi.",Gasoline,Black,Brown,None reported,Yes,"$49,900",5.0,8.0,Automatic
2296,Chevrolet,Corvette Z06,2002,"17,300 mi.",Gasoline,Black,Black,None reported,Yes,"$33,999",5.7,8.0,Manual
2297,Mercedes-Benz,GL-Class GL 450 4MATIC,2007,"90,400 mi.",Gasoline,Silver,Beige,None reported,Yes,"$10,199",4.7,8.0,Automatic
2298,BMW,325 i,2003,"142,000 mi.",Gasoline,Silver,Black,At least 1 accident or damage reported,Yes,"$4,800",2.5,6.0,Manual
2299,BMW,M3 Base,2011,"98,200 mi.",Gasoline,White,Black,None reported,Yes,"$27,000",4.0,8.0,Automatic
2300,Cadillac,XT6 Premium Luxury AWD,2023,222 mi.,Gasoline,White,Black,None reported,Yes,"$69,000",3.6,6.0,Automatic
2301,Jeep,Wrangler Sahara,2011,"55,000 mi.",Gasoline,Red,Black,At least 1 accident or damage reported,Yes,"$35,000",3.8,6.0,Automatic
2302,Dodge,Charger Base,2006,"145,565 mi.",Gasoline,Blue,Gray,At least 1 accident or damage reported,Yes,"$4,500",3.5,6.0,Automatic
2303,RAM,1500 Longhorn,2019,"76,249 mi.",Gasoline,Diamond Black,Mountain Brown,At least 1 accident or damage reported,,"$40,995",5.7,8.0,Automatic
2304,Chevrolet,Suburban Premier,2019,"44,800 mi.",Gasoline,Black,Black,None reported,Yes,"$52,500",6.2,8.0,Automatic
2305,Jeep,Wrangler Sahara,2008,"140,000 mi.",Gasoline,Silver,–,At least 1 accident or damage reported,Yes,"$9,000",3.8,6.0,Automatic
2306,Cadillac,ATS 2.5L Luxury,2013,"225,000 mi.",Gasoline,Blue,Black,None reported,Yes,"$13,600",2.5,4.0,Automatic
2307,Cadillac,ATS 2.5L,2013,"63,172 mi.",Gasoline,Black,Black,At least 1 accident or damage reported,Yes,"$12,995",2.5,4.0,Automatic
2308,Porsche,911 GT3,2015,"23,700 mi.",Gasoline,Black,Black,None reported,Yes,"$144,940",3.8,6.0,Other
2309,BMW,M3 CS,2018,"38,000 mi.",Gasoline,White,Black,None reported,Yes,"$60,500",3.0,6.0,Automatic
2310,Mazda,RX-8 Sport,2008,"155,500 mi.",Gasoline,Blue,Black,At least 1 accident or damage reported,Yes,"$6,800",1.3,,Automatic
2311,BMW,340 i,2016,"117,660 mi.",Gasoline,White,Black,At least 1 accident or damage reported,Yes,"$19,500",3.0,6.0,Automatic
2312,Nissan,Quest SL,2011,"185,000 mi.",Gasoline,White,Gray,At least 1 accident or damage reported,Yes,"$7,500",3.5,6.0,Automatic
2313,Land,Rover Range Rover Evoque SE Premium,2016,"79,500 mi.",Gasoline,White,Black,None reported,Yes,"$19,000",2.0,4.0,Automatic
2314,Bentley,Continental GT Speed,2009,"57,800 mi.",Gasoline,Blue,Beige,,,"$59,400",6.0,12.0,Automatic
2315,Rivian,R1S Adventure Package,2023,542 mi.,,Black,Black,None reported,Yes,"$92,500",,,Automatic
2316,Porsche,911 Carrera,2014,"78,000 mi.",Gasoline,Brown,Brown,None reported,Yes,"$68,000",3.4,6.0,Other
2317,Subaru,Impreza 2.0i Sport,2017,"44,000 mi.",Gasoline,Red,Black,None reported,Yes,"$23,500",2.0,4.0,Manual
2318,Audi,A4 2.0T Premium Plus quattro,2012,"125,575 mi.",Gasoline,Silver,Black,None reported,Yes,"$8,999",2.0,4.0,Automatic
2319,Lexus,IS 250C Base,2010,"68,500 mi.",Gasoline,Black,Beige,None reported,Yes,"$18,500",2.5,6.0,Manual
2320,Land,Rover Range Rover Sport HST MHEV,2020,"19,000 mi.",Hybrid,Silver,Black,,,"$74,900",3.0,6.0,Other
2321,Nissan,Juke NISMO RS,2016,"30,700 mi.",Gasoline,Black,Black,At least 1 accident or damage reported,Yes,"$21,500",1.6,4.0,Manual
2322,Subaru,WRX Limited,2015,"91,000 mi.",Gasoline,Red,Black,At least 1 accident or damage reported,Yes,"$19,000",2.0,4.0,Manual
2323,BMW,535 i xDrive,2013,"46,150 mi.",Gasoline,Silver,Black,At least 1 accident or damage reported,Yes,"$17,000",3.0,6.0,Other
2324,BMW,Z4 sDrive28i,2014,"70,000 mi.",Gasoline,White,Beige,At least 1 accident or damage reported,Yes,"$20,000",2.0,4.0,Automatic
2325,Ford,Bronco Outer Banks Advanced,2023,"3,400 mi.",Gasoline,Gray,Gray,None reported,Yes,"$57,000",2.3,4.0,Automatic
2326,Toyota,Tundra Platinum,2023,"8,800 mi.",Gasoline,Silver,Black,None reported,Yes,"$68,500",3.4,6.0,Automatic
2327,Ford,Escape Limited,2012,"129,000 mi.",Gasoline,White,Gray,At least 1 accident or damage reported,Yes,"$7,000",2.5,4.0,Automatic
2328,Toyota,Land Cruiser Base,1996,"233,000 mi.",–,Blue,Gray,None reported,Yes,"$7,500",,,Automatic
2329,Chevrolet,Colorado LT,2019,"139,116 mi.",Gasoline,Red,Jet Black,At least 1 accident or damage reported,Yes,"$24,899",3.6,6.0,Automatic
2330,Scion,xB Base,2011,"95,426 mi.",Gasoline,Green,Gray,None reported,Yes,"$8,000",2.4,4.0,Automatic
2331,Mercedes-Benz,SL-Class SL550 Roadster,2007,"150,000 mi.",Gasoline,Black,Black,None reported,Yes,"$8,000",5.5,8.0,Automatic
2332,Genesis,G80 3.8,2017,"29,720 mi.",Gasoline,Brown,Beige,None reported,Yes,"$29,500",3.8,6.0,Automatic
2333,Honda,Accord EX-L 2.0T,2019,"40,069 mi.",Gasoline,White,Black,At least 1 accident or damage reported,Yes,"$27,500",2.0,4.0,Automatic
2334,Hyundai,Sonata Hybrid Base,2012,"154,000 mi.",Hybrid,Green,Gray,At least 1 accident or damage reported,Yes,"$8,500",2.4,4.0,Automatic
2335,GMC,Yukon XL Denali,2016,"137,500 mi.",Gasoline,Black,Black,At least 1 accident or damage reported,Yes,"$29,500",6.2,8.0,Automatic
2336,Acura,MDX Sport Hybrid 3.0L w/Technology Package,2019,"56,778 mi.",Hybrid,Black,Black,None reported,Yes,"$41,899",3.0,6.0,Automatic
2337,Lexus,LX 570 Three-Row,2021,"14,206 mi.",Gasoline,Black,Black,None reported,Yes,"$98,000",5.7,8.0,Automatic
2338,RAM,1500 Big Horn,2021,"24,000 mi.",Hybrid,Silver,Black,None reported,Yes,"$42,000",5.7,8.0,Automatic
2339,INFINITI,Q70 3.7X,2014,"33,500 mi.",Gasoline,Black,Black,None reported,Yes,"$23,000",3.7,6.0,Automatic
2340,BMW,M440 i,2021,"13,700 mi.",Hybrid,Black,Beige,,,"$60,000",3.0,6.0,Automatic
2341,Toyota,Tacoma PreRunner,2008,"202,055 mi.",Gasoline,Silver,Gray,At least 1 accident or damage reported,Yes,"$8,500",4.0,6.0,Automatic
2342,Lexus,RX 350 RX 350,2022,"22,372 mi.",Gasoline,Blue,Black,None reported,,"$54,598",3.5,,Automatic
2343,RAM,1500 Laramie,2022,"15,741 mi.",Gasoline,Flame Red Clearcoat,Black,None reported,,"$45,999",5.7,8.0,Automatic
2344,Dodge,Charger SRT Hellcat,2020,"54,320 mi.",Gasoline,Gray,Black,At least 1 accident or damage reported,Yes,"$67,000",6.2,8.0,Automatic
2345,Volvo,S60 T6 Momentum,2020,"46,250 mi.",Gasoline,White,Charcoal,At least 1 accident or damage reported,Yes,"$27,800",2.0,4.0,Automatic
2346,McLaren,570S Base,2017,"30,200 mi.",Gasoline,Orange,Black,None reported,Yes,"$139,000",3.8,8.0,Other
2347,Ford,Expedition XLT,2022,"22,169 mi.",Gasoline,Black,Sandstone,None reported,Yes,"$57,352",3.5,6.0,Automatic
2348,Nissan,GT-R Premium,2009,"60,747 mi.",Gasoline,White,–,At least 1 accident or damage reported,Yes,"$71,999",3.8,6.0,Automatic
2349,Kia,K5 EX,2021,"8,263 mi.",Gasoline,Gray,White,None reported,Yes,"$29,000",1.6,4.0,Automatic
2350,GMC,Yukon Denali Ultimate,2023,"9,978 mi.",Gasoline,White,Gold,None reported,Yes,"$93,999",6.2,8.0,Automatic
2351,Rivian,R1S Launch Edition,2023,299 mi.,,Blue,Gray,None reported,Yes,"$92,500",,,Automatic
2352,Mercedes-Benz,S-Class S 450,2018,"69,600 mi.",Gasoline,Black,Black,None reported,Yes,"$40,888",3.0,6.0,Automatic
2353,Porsche,911 Carrera S,2013,"39,000 mi.",Gasoline,Blue,Black,None reported,Yes,"$73,000",3.8,6.0,Automatic
2354,Ford,Escape SEL,2020,"42,000 mi.",Gasoline,White,Beige,,,"$19,000",1.5,3.0,Automatic
2355,Porsche,Taycan Turbo,2020,"18,000 mi.",,Silver,Black,None reported,Yes,"$105,000",,,Automatic
2356,Mercedes-Benz,GL-Class GL 450,2011,"93,000 mi.",Gasoline,Gray,Beige,At least 1 accident or damage reported,Yes,"$11,900",4.7,8.0,Automatic
2357,GMC,Yukon Denali,2016,"107,750 mi.",Gasoline,Black,Black,None reported,Yes,"$35,500",6.2,8.0,Automatic
2358,BMW,M235 i,2015,"81,000 mi.",Gasoline,White,Red,None reported,Yes,"$27,890",3.0,6.0,Manual
2359,Mazda,CX-9 Carbon Edition,2021,"27,836 mi.",Gasoline,Polymetal Gray Metallic,Red,None reported,Yes,"$36,969",2.5,4.0,Automatic
2360,Ford,Explorer Sport Trac XLT,2007,"228,000 mi.",Gasoline,Red,Beige,At least 1 accident or damage reported,Yes,"$3,850",4.6,8.0,Automatic
2361,Maserati,MC20 Base,2022,"1,087 mi.",Gasoline,Matte White,Black,None reported,Yes,"$279,000",3.0,6.0,Automatic
2362,Mercedes-Benz,SL-Class SL500 Roadster,2003,"80,081 mi.",Gasoline,White,Beige,None reported,Yes,"$12,500",5.0,8.0,Automatic
2363,Jeep,Wrangler Unlimited Sahara,2019,"59,692 mi.",Gasoline,Gray,Black,None reported,Yes,"$35,900",3.6,6.0,Automatic
2364,INFINITI,QX60 Base,2016,"71,000 mi.",Gasoline,Black,Black,None reported,Yes,"$21,500",3.5,6.0,Automatic
2365,Maserati,Ghibli S GranLusso,2020,"12,118 mi.",Gasoline,Blue,Brown,None reported,Yes,"$52,900",3.0,6.0,Automatic
2366,Hyundai,Santa Fe SEL,2021,"25,000 mi.",Gasoline,Black,Gray,None reported,Yes,"$28,500",2.5,4.0,Automatic
2367,Chevrolet,Malibu 1LT,2009,"139,000 mi.",Gasoline,White,Black,None reported,Yes,"$4,200",2.4,4.0,Automatic
2368,Nissan,Frontier SV,2012,"96,600 mi.",Gasoline,Beige,Black,At least 1 accident or damage reported,Yes,"$17,000",4.0,6.0,Automatic
2369,Jeep,Grand Cherokee Laredo,2013,"106,700 mi.",E85 Flex Fuel,Black,Black,None reported,Yes,"$13,500",3.6,6.0,Automatic
2370,Audi,A4 2.0T Premium,2013,"96,800 mi.",Gasoline,Gray,Black,At least 1 accident or damage reported,Yes,"$11,000",2.0,4.0,Automatic
2371,Jeep,Wrangler Unlimited Sport,2016,"85,325 mi.",Gasoline,Black,Black,None reported,Yes,"$30,000",3.6,6.0,Automatic
2372,BMW,650 i,2008,"125,470 mi.",Gasoline,Black,Beige,None reported,Yes,"$8,000",4.8,8.0,Automatic
2373,Mercedes-Benz,E-Class E 350 4MATIC,2009,"171,000 mi.",Gasoline,Black,Black,At least 1 accident or damage reported,Yes,"$4,750",3.5,6.0,Automatic
2374,Land,Rover Range Rover 3.0L Supercharged HSE,2017,"50,340 mi.",Gasoline,White,Beige,At least 1 accident or damage reported,Yes,"$47,000",3.0,6.0,Automatic
2375,BMW,530 i xDrive,2020,"23,195 mi.",Gasoline,Dark Graphite Metallic,Black,None reported,,"$38,900",2.0,4.0,Automatic
2376,INFINITI,QX56 Base,2012,"141,775 mi.",Gasoline,White,Beige,None reported,Yes,"$11,500",5.6,8.0,Other
2377,GMC,Yukon SLE,2017,"96,000 mi.",Gasoline,Gray,Black,None reported,Yes,"$34,000",5.3,8.0,Automatic
2378,Mercedes-Benz,GLA-Class GLA 45 AMG,2015,"80,300 mi.",Gasoline,Black,Black,At least 1 accident or damage reported,Yes,"$22,000",2.0,4.0,Automatic
2379,Audi,S4 3.0 Prestige,2012,"98,400 mi.",Gasoline,White,White,None reported,Yes,"$18,000",3.0,6.0,Automatic
2380,GMC,Sierra 1500 SLT,2017,"49,105 mi.",Gasoline,White,Black,None reported,Yes,"$39,750",6.2,8.0,Automatic
2381,BMW,Z4 sDrive28i,2015,"57,550 mi.",Gasoline,Black,White,None reported,Yes,"$29,995",2.0,4.0,Manual
2382,FIAT,500X Trekking Plus,2016,"48,500 mi.",Gasoline,Yellow,Brown,None reported,Yes,"$15,999",2.4,4.0,Automatic
2383,FIAT,124 Spider Abarth,2017,"45,000 mi.",Gasoline,Gray,Black,At least 1 accident or damage reported,Yes,"$22,500",1.4,4.0,Manual
2384,Mercedes-Benz,GLS 450 Base,2022,"41,545 mi.",Hybrid,MANUFAKTUR Diamond White Bright,Macchiato Beige/Black,None reported,,"$71,998",3.0,,Automatic
2385,Lincoln,MKC Select,2019,"49,814 mi.",Gasoline,Ruby Red Metallic Tinted Clearcoat,Cappuccino,None reported,,"$26,545",2.0,4.0,Automatic
2386,Cadillac,CTS 2.0L Turbo Luxury,2019,"35,566 mi.",Gasoline,White,Beige,At least 1 accident or damage reported,Yes,"$26,000",2.0,4.0,Automatic
2387,BMW,M5 Base,2013,"86,000 mi.",Gasoline,Blue,White,None reported,Yes,"$32,000",4.4,8.0,Other
2388,Mercedes-Benz,GL-Class GL 550 4MATIC,2015,"130,000 mi.",Gasoline,Blue,Black,None reported,Yes,"$24,500",4.7,8.0,Automatic
2389,Ford,F-250 Platinum,2017,"22,000 mi.",E85 Flex Fuel,Beige,Black,At least 1 accident or damage reported,Yes,"$53,000",6.2,8.0,Automatic
2390,Toyota,Tacoma SR5,2018,"65,290 mi.",Gasoline,Blue,Black,At least 1 accident or damage reported,Yes,"$26,450",3.5,6.0,Automatic
2391,Cadillac,XTS Luxury,2016,"112,000 mi.",Gasoline,Blue,Beige,At least 1 accident or damage reported,Yes,"$14,599",3.6,6.0,Automatic
2392,Hyundai,Genesis Coupe 3.8 Base,2016,"45,303 mi.",Gasoline,White,Black,None reported,Yes,"$20,999",3.8,6.0,Automatic
2393,Tesla,Model X 100D,2018,"23,250 mi.",,Gray,White,None reported,Yes,"$57,000",,,Automatic
2394,Chevrolet,Corvette Stingray w/1LT,2023,"4,000 mi.",Gasoline,Black,Red,At least 1 accident or damage reported,Yes,"$73,900",6.2,8.0,Automatic
2395,Mercedes-Benz,E-Class E 350 4MATIC,2010,"67,800 mi.",Gasoline,Black,Black,None reported,Yes,"$13,999",3.5,6.0,Automatic
2396,Lincoln,Navigator L Reserve,2019,"64,855 mi.",Gasoline,Silver,Beige,None reported,Yes,"$46,995",3.5,6.0,Automatic
2397,BMW,335 i,2011,"91,500 mi.",Gasoline,Blue,Beige,At least 1 accident or damage reported,Yes,"$13,599",3.0,6.0,Automatic
2398,Bentley,Continental GT Base,2012,"79,089 mi.",E85 Flex Fuel,White,Beige,None reported,Yes,"$46,999",6.0,12.0,Automatic
2399,Honda,CR-V EX,2003,"224,000 mi.",Gasoline,Black,Gray,None reported,Yes,"$3,900",2.4,4.0,Manual
2400,Chevrolet,Trailblazer LS,2021,"24,965 mi.",Gasoline,Mosaic Black Metallic,Jet Black,At least 1 accident or damage reported,Yes,"$22,995",1.2,3.0,Automatic
2401,Audi,Q7 55 Prestige,2019,"41,000 mi.",Gasoline,White,Beige,None reported,Yes,"$39,900",3.0,6.0,Automatic
2402,Ford,Transit-350 XLT,2023,"20,000 mi.",Gasoline,Black,Black,None reported,Yes,"$78,499",3.5,6.0,Automatic
2403,Nissan,Altima 2.5 SL,2014,"153,350 mi.",Gasoline,Black,Black,At least 1 accident or damage reported,Yes,"$9,000",2.5,4.0,Automatic
2404,Acura,MDX w/Technology Package,2023,"3,415 mi.",Gasoline,White,Parchment.,None reported,,"$54,998",3.5,,Other
2405,INFINITI,QX60 Base,2017,"89,106 mi.",Gasoline,White,Beige,None reported,Yes,"$18,000",3.5,6.0,Other
2406,MINI,Cooper S Base,2011,"63,500 mi.",Gasoline,Silver,Black,None reported,Yes,"$10,500",1.6,4.0,Manual
2407,Porsche,911 Carrera,2020,"11,256 mi.",Gasoline,Red,Black,None reported,Yes,"$124,900",3.0,6.0,Automatic
2408,BMW,X5 xDrive40i,2019,"50,000 mi.",Gasoline,Blue,Gold,None reported,Yes,"$43,000",3.0,6.0,Automatic
2409,RAM,1500 Big Horn,2021,"35,003 mi.",Gasoline,Bright White Clearcoat,Diesel Gray / Black,None reported,Yes,"$40,999",5.7,8.0,Automatic
2410,Nissan,Juke SL,2012,"74,750 mi.",Gasoline,Black,Black,None reported,Yes,"$12,500",1.6,4.0,Other
2411,Mercedes-Benz,Sprinter 2500 Standard Roof,2023,"4,000 mi.",Diesel,White,Black,None reported,Yes,"$65,000",2.0,4.0,Automatic
2412,Acura,TL Type S,2008,"116,500 mi.",Gasoline,Red,Black,None reported,Yes,"$15,999",3.5,6.0,Manual
2413,Jeep,Wrangler Sport,2016,"41,000 mi.",Gasoline,White,Black,None reported,Yes,"$25,000",3.6,6.0,Automatic
2414,RAM,ProMaster 2500 Window Van High Roof,2016,"49,750 mi.",Gasoline,Black,Gray,None reported,Yes,"$65,000",3.6,6.0,Automatic
2415,Nissan,Z Proto Spec,2023,535 mi.,Gasoline,Yellow,Black,None reported,Yes,"$65,990",3.0,6.0,Manual
2416,Aston,Martin V8 Vantage Base,2010,"25,991 mi.",Gasoline,Silver,Black,None reported,Yes,"$69,995",4.7,8.0,Automatic
2417,Lexus,NX 200t Base,2015,"54,000 mi.",Gasoline,White,Black,None reported,Yes,"$27,000",2.0,4.0,Automatic
2418,Lincoln,MKX Reserve,2016,"88,000 mi.",Gasoline,Black,Black,None reported,Yes,"$18,500",2.7,6.0,Other
2419,Honda,Civic Type R Touring,2018,"72,900 mi.",Gasoline,Black,Black,At least 1 accident or damage reported,Yes,"$35,500",2.0,4.0,Manual
2420,Chevrolet,Camaro 1SS,2017,"50,850 mi.",Gasoline,Blue,Black,None reported,Yes,"$37,000",6.2,8.0,Manual
2421,Land,Rover LR4 HSE,2013,"79,800 mi.",Gasoline,White,Black,None reported,Yes,"$29,990",5.0,8.0,Automatic
2422,Jeep,Wrangler Sport,2017,"38,200 mi.",Gasoline,Red,–,None reported,Yes,"$29,500",3.6,6.0,Automatic
2423,Jeep,Gladiator Mojave,2022,"24,500 mi.",Gasoline,Blue,Black,None reported,Yes,"$64,000",3.6,6.0,Automatic
2424,Ford,Mustang EcoBoost Premium,2019,"31,000 mi.",–,Gray,Black,None reported,Yes,"$34,700",,,Manual
2425,Audi,A6 2.0T Premium Plus,2016,"68,000 mi.",Gasoline,White,Black,At least 1 accident or damage reported,Yes,"$20,000",2.0,4.0,Other
2426,Volvo,XC90 3.2,2011,"88,300 mi.",Gasoline,Blue,Beige,At least 1 accident or damage reported,Yes,"$11,500",3.2,6.0,Automatic
2427,Lexus,RX 350 F Sport,2017,"53,649 mi.",Gasoline,Black,Red,None reported,Yes,"$33,000",3.5,6.0,Automatic
2428,GMC,Acadia Denali,2021,"18,083 mi.",Gasoline,Ebony Twilight Metallic,Jet Black,None reported,Yes,"$43,999",3.6,6.0,Automatic
2429,Ford,E350 Super Duty XLT,2012,"163,000 mi.",E85 Flex Fuel,White,Gray,None reported,Yes,"$19,550",5.4,8.0,Automatic
2430,Toyota,Tundra SR5 Double Cab,2005,"199,400 mi.",Gasoline,Gray,Gray,At least 1 accident or damage reported,Yes,"$8,500",4.7,8.0,Automatic
2431,Mercedes-Benz,AMG GT C,2020,"6,600 mi.",Gasoline,Black,Beige,None reported,Yes,"$128,900",4.0,8.0,Other
2432,BMW,X5 xDrive40i,2021,"41,000 mi.",Hybrid,White,Black,None reported,Yes,"$50,000",3.0,6.0,Automatic
2433,Jeep,Compass Limited,2020,"39,192 mi.",Gasoline,White Clearcoat,Black,None reported,,"$24,590",2.4,4.0,Automatic
2434,Acura,ILX Premium & A-SPEC Packages,2019,"19,500 mi.",Gasoline,Gray,Black,None reported,Yes,"$25,000",2.4,4.0,Automatic
2435,Land,Rover Range Rover Velar SVAutobiography Dynamic Edition,2020,"36,500 mi.",Gasoline,White,Red,None reported,Yes,"$72,000",5.0,8.0,Other
2436,BMW,M5 Base,2018,"31,090 mi.",Gasoline,Green,Black,At least 1 accident or damage reported,Yes,"$68,000",4.4,8.0,Automatic
2437,Hummer,H2 Base,2005,"145,000 mi.",Gasoline,Green,Black,None reported,Yes,"$22,500",6.0,8.0,Automatic
2438,Kia,Stinger GT2,2018,"69,100 mi.",Gasoline,Red,Black,None reported,Yes,"$32,500",3.3,6.0,Automatic
2439,Ford,F-250 XL,2016,"75,200 mi.",E85 Flex Fuel,White,Gray,None reported,Yes,"$22,000",6.2,8.0,Automatic
2440,BMW,X7 ALPINA XB7,2022,"4,514 mi.",Gasoline,Gray,Black,None reported,,"$132,998",4.4,,Automatic
2441,Ford,F-150 Lariat,2017,"74,349 mi.",Gasoline,White,–,None reported,Yes,"$36,000",3.5,6.0,Automatic
2442,Porsche,Cayenne Base,2019,"30,951 mi.",Gasoline,White,Black,None reported,Yes,"$80,140",3.0,6.0,Automatic
2443,BMW,X7 xDrive40i,2019,"35,248 mi.",Gasoline,Arctic Gray Metallic,Black,None reported,,"$53,998",3.0,,Automatic
2444,BMW,ALPINA B7 ALPINA B7 xDrive,2020,"33,749 mi.",Gasoline,Blue,Red,None reported,,"$85,998",4.4,,Automatic
2445,Kia,Telluride SX,2020,"69,185 mi.",Gasoline,Ebony Black,Gray,None reported,,"$37,405",3.8,6.0,Automatic
2446,Volkswagen,Arteon 2.0T SE,2021,"13,613 mi.",Gasoline,Pure White,Titan Black,None reported,,"$29,798",2.0,,Automatic
2447,Ford,F-150 Lariat,2016,"25,000 mi.",E85 Flex Fuel,Gray,Black,None reported,Yes,"$65,000",5.0,8.0,Automatic
2448,Porsche,Panamera 2,2011,"37,200 mi.",Gasoline,Black,Beige,None reported,Yes,"$27,500",3.6,6.0,Automatic
2449,Toyota,Land Cruiser Base,2000,"265,000 mi.",Gasoline,Black,Beige,None reported,Yes,"$15,500",4.7,8.0,Automatic
2450,Nissan,Maxima SV,2012,"42,259 mi.",Gasoline,Black,Black,At least 1 accident or damage reported,Yes,"$17,000",3.5,6.0,Other
2451,Porsche,718 Spyder Base,2020,"3,400 mi.",Gasoline,White,Black,None reported,Yes,"$129,900",4.0,6.0,Manual
2452,RAM,1500 Tradesman/Express,2017,"40,200 mi.",Gasoline,Blue,Gray,At least 1 accident or damage reported,Yes,"$24,000",5.7,8.0,Automatic
2453,Nissan,Frontier SV,2012,"65,750 mi.",Gasoline,Black,Gray,At least 1 accident or damage reported,Yes,"$15,995",4.0,6.0,Automatic
2454,Chevrolet,Silverado 2500 High Country,2022,"18,860 mi.",Diesel,Blue,Gray,None reported,Yes,"$74,500",6.6,8.0,Automatic
2455,Porsche,Boxster Base,2005,"75,000 mi.",Gasoline,Silver,Black,,,"$17,500",2.7,6.0,Manual
2456,Chevrolet,Corvette Base,2007,"123,500 mi.",Gasoline,Red,Beige,At least 1 accident or damage reported,Yes,"$27,000",6.0,8.0,Other
2457,Chevrolet,Camaro 2LT,2010,"86,170 mi.",Gasoline,Black,Black,At least 1 accident or damage reported,Yes,"$17,000",3.6,6.0,Automatic
2458,RAM,1500 Classic SLT,2021,"32,092 mi.",Gasoline,Patriot Blue Pearlcoat,Black,None reported,Yes,"$35,113",3.6,6.0,Automatic
2459,Ford,Mustang GT Premium,2019,"10,400 mi.",Gasoline,Red,Gray,None reported,Yes,"$40,000",5.0,8.0,Automatic
2460,Porsche,718 Cayman GT4,2020,"13,554 mi.",Gasoline,Blue,Black,None reported,Yes,"$124,995",4.0,6.0,Manual
2461,Rolls-Royce,Phantom,2018,"7,585 mi.",Gasoline,–,–,None reported,Yes,"$599,000",6.8,12.0,Automatic
2462,Acura,TL Type S,2008,"122,000 mi.",Gasoline,Gray,Beige,None reported,Yes,"$11,500",3.5,6.0,Other
2463,Porsche,Macan S,2015,"70,500 mi.",Gasoline,Silver,Black,At least 1 accident or damage reported,Yes,"$26,500",3.0,6.0,Other
2464,Mazda,Mazda3 s Grand Touring,2016,"85,000 mi.",–,Black,Black,At least 1 accident or damage reported,Yes,"$18,500",,,Automatic
2465,Honda,S2000 CR,2008,"82,323 mi.",Gasoline,Black,Black,None reported,Yes,"$28,500",2.2,4.0,Manual
2466,Mercedes-Benz,CLA-Class CLA 250,2016,"42,750 mi.",Gasoline,Black,Black,At least 1 accident or damage reported,Yes,"$22,999",2.0,4.0,Other
2467,Audi,A6 55 Premium,2020,"25,300 mi.",Hybrid,White,Beige,None reported,Yes,"$39,900",3.0,6.0,Automatic
2468,Ford,F-150 Lariat SuperCrew,2004,"271,000 mi.",Gasoline,Red,Beige,At least 1 accident or damage reported,Yes,"$9,500",5.4,8.0,Automatic
2469,Lexus,LC 500 Base,2018,"29,800 mi.",Gasoline,Black,Black,None reported,Yes,"$68,495",5.0,8.0,Automatic
2470,Chrysler,300 Touring,2005,"119,000 mi.",Gasoline,Blue,Beige,None reported,Yes,"$3,500",3.5,6.0,Automatic
2471,BMW,M3 Base,2012,"83,000 mi.",Gasoline,Black,Red,At least 1 accident or damage reported,Yes,"$31,000",4.0,8.0,Automatic
2472,Tesla,Model Y Performance,2021,"17,500 mi.",,Gray,White,None reported,Yes,"$45,000",,,Automatic
2473,GMC,Acadia SLT-1,2012,"116,226 mi.",Gasoline,Black,Black,None reported,Yes,"$7,900",3.6,6.0,Automatic
2474,Toyota,Highlander XLE,2022,"4,437 mi.",Gasoline,Gray,Black,None reported,Yes,"$42,000",3.5,6.0,Other
2475,Ford,Expedition Platinum,2019,"34,672 mi.",Gasoline,White,White,None reported,Yes,"$45,500",3.5,6.0,Automatic
2476,Chevrolet,Express 1500 Work Van,2014,"139,804 mi.",Gasoline,White,Gray,At least 1 accident or damage reported,Yes,"$14,500",4.3,6.0,Automatic
2477,Ford,F-150 Raptor,2018,"64,517 mi.",Gasoline,Black,Black,None reported,Yes,"$47,995",3.5,6.0,Automatic
2478,Chevrolet,Corvette Stingray,2015,"25,548 mi.",Gasoline,Gray,Gray,None reported,Yes,"$49,000",6.2,8.0,Automatic
2479,Jeep,Gladiator Sport S,2022,"23,000 mi.",Gasoline,Green,Black,None reported,Yes,"$43,000",3.6,6.0,Automatic
2480,Land,Rover Discovery HSE,2018,"85,000 mi.",Gasoline,Gray,Black,None reported,Yes,"$33,000",3.0,6.0,Automatic
2481,BMW,528 i,2016,"82,000 mi.",Gasoline,Silver,Black,At least 1 accident or damage reported,Yes,"$16,995",2.0,4.0,Automatic
2482,Lexus,RX 350 F Sport,2016,"81,400 mi.",Gasoline,Gray,Red,At least 1 accident or damage reported,Yes,"$26,000",3.5,6.0,Automatic
2483,BMW,X5 PHEV xDrive45e,2022,"31,850 mi.",Plug-In Hybrid,White,Black,None reported,Yes,"$60,500",3.0,6.0,Other
2484,Porsche,911 Carrera,2023,"19,800 mi.",Gasoline,Silver,Black,None reported,Yes,"$134,900",3.0,6.0,Automatic
2485,Subaru,Outback 2.5i Premium,2019,"77,000 mi.",Gasoline,Gray,Gray,At least 1 accident or damage reported,Yes,"$18,749",2.5,4.0,Other
2486,Nissan,Armada Platinum,2022,"8,400 mi.",Gasoline,Red,Beige,None reported,Yes,"$59,950",5.6,8.0,Automatic
2487,Chevrolet,Camaro 1LT,2021,"18,000 mi.",Gasoline,White,Black,At least 1 accident or damage reported,Yes,"$30,000",3.6,6.0,Automatic
2488,BMW,528 i xDrive,2015,"125,500 mi.",Gasoline,Black,Black,At least 1 accident or damage reported,Yes,"$12,950",2.0,4.0,Automatic
2489,Chevrolet,Avalanche 1500 LTZ,2007,"129,000 mi.",Gasoline,White,Beige,None reported,Yes,"$17,950",6.0,8.0,Automatic
2490,BMW,330e iPerformance,2018,"45,253 mi.",Plug-In Hybrid,Black,Black,None reported,Yes,"$24,995",2.0,4.0,Other
2491,Jeep,Gladiator Overland,2020,"9,100 mi.",Gasoline,Red,Black,None reported,Yes,"$49,895",3.6,6.0,Automatic
2492,Jeep,Gladiator Rubicon,2020,"27,981 mi.",Gasoline,Red,Black,None reported,Yes,"$47,500",3.6,6.0,Automatic
2493,Audi,S4 3.0T Premium,2019,"18,603 mi.",Gasoline,Brilliant Black,Black,None reported,,"$42,900",3.0,6.0,Automatic
2494,Mitsubishi,Eclipse GT,2003,"146,000 mi.",Gasoline,Gray,Black,At least 1 accident or damage reported,Yes,"$4,200",3.0,6.0,Automatic
2495,Hyundai,Sonata Sport 2.0T,2015,"82,900 mi.",Gasoline,Black,Black,At least 1 accident or damage reported,Yes,"$13,995",2.0,4.0,Automatic
2496,Mercedes-Benz,C-Class C300 4MATIC,2021,"11,111 mi.",Gasoline,Gray,Black,None reported,,"$38,998",2.0,,Automatic
2497,Ford,F-150 Platinum,2018,"60,660 mi.",Gasoline,Gold,Black,At least 1 accident or damage reported,Yes,"$46,900",3.5,6.0,Automatic
2498,Nissan,Armada SV,2017,"187,141 mi.",Gasoline,Black,Black,None reported,Yes,"$16,995",5.6,8.0,Automatic
2499,Ford,F-250 Lariat,2023,"3,763 mi.",Diesel,Red,Black,None reported,Yes,"$92,000",6.7,8.0,Automatic
2500,Ford,Explorer XLT,2017,"53,000 mi.",E85 Flex Fuel,Red,Gray,At least 1 accident or damage reported,Yes,"$25,000",3.5,6.0,Automatic
2501,Hyundai,Tucson Limited,2008,"149,000 mi.",Gasoline,Black,Gray,None reported,Yes,"$3,850",2.7,6.0,Automatic
2502,Rivian,R1S Adventure Package,2023,"2,108 mi.",,Silver,White,None reported,Yes,"$91,000",,,Automatic
2503,Chevrolet,Suburban LTZ,2016,"135,484 mi.",Gasoline,Tungsten Metallic,Cocoa / Dune,,,"$29,748",5.3,8.0,Automatic
2504,Lexus,RC 350 Base,2015,"48,000 mi.",Gasoline,Orange,Red,None reported,Yes,"$32,900",3.5,6.0,Other
2505,BMW,X7 xDrive40i,2023,"14,360 mi.",Hybrid,Black,Black,None reported,Yes,"$85,495",3.0,6.0,Automatic
2506,Subaru,BRZ Limited,2013,"46,452 mi.",Gasoline,Gray,Black,None reported,Yes,"$22,888",2.0,4.0,Manual
2507,Land,Rover Range Rover HSE,2011,"174,678 mi.",Gasoline,Black,Black,None reported,Yes,"$9,500",3.2,6.0,Automatic
2508,RAM,2500 Laramie,2018,"98,650 mi.",Diesel,Black,Black,None reported,Yes,"$56,750",6.7,6.0,Automatic
2509,Chevrolet,Camaro 2SS,2018,"42,780 mi.",Gasoline,Black,Black,At least 1 accident or damage reported,Yes,"$41,100",6.2,8.0,Other
2510,Ford,Escape PHEV SE,2022,"1,889 mi.",Plug-In Hybrid,White,Gray,None reported,Yes,"$32,850",2.5,4.0,Other
2511,Land,Rover Range Rover Evoque Pure,2015,"84,000 mi.",Gasoline,Beige,Black,At least 1 accident or damage reported,Yes,"$22,800",2.0,4.0,Automatic
2512,BMW,650 Gran Coupe i xDrive,2015,"69,000 mi.",Gasoline,Gray,Black,None reported,Yes,"$25,700",4.4,8.0,Automatic
2513,Ford,Bronco XLT,1995,"195,000 mi.",–,Blue,Gray,None reported,Yes,"$15,000",,,Automatic
2514,Hummer,H2 Base,2008,"155,000 mi.",Gasoline,Green,Black,At least 1 accident or damage reported,Yes,"$37,000",6.2,8.0,Automatic
2515,Honda,Civic EX,1993,"58,981 mi.",–,White,Beige,None reported,Yes,"$9,599",,,Automatic
2516,BMW,750 i xDrive,2020,"25,108 mi.",Gasoline,Black,Black,,,"$66,000",4.4,8.0,Automatic
2517,Audi,R8 5.2 V10,2021,"6,397 mi.",Gasoline,Kemora Gray Metallic,Black / Express Red,None reported,,"$172,900",5.2,10.0,Automatic
2518,Chevrolet,Suburban RST,2022,"21,400 mi.",Diesel,Gray,Black,None reported,Yes,"$69,000",3.0,6.0,Automatic
2519,Land,Rover Range Rover P400 SE SWB,2022,"3,369 mi.",Hybrid,White,Black,None reported,Yes,"$139,500",3.0,6.0,Automatic
2520,Lexus,LX 600 Premium,2023,"1,500 mi.",Gasoline,Gray,Black,,,"$119,500",3.4,6.0,Automatic
2521,Mercedes-Benz,GLC 300 GLC 300,2022,"11,875 mi.",Gasoline,Black,Black,None reported,,"$41,598",2.0,,Automatic
2522,Ferrari,California T,2015,"20,000 mi.",Gasoline,Red,Brown,At least 1 accident or damage reported,Yes,"$124,990",3.9,8.0,Automatic
2523,Audi,A6 3.0 TDI Premium Plus,2014,"42,400 mi.",Diesel,Silver,Black,None reported,Yes,"$26,500",3.0,6.0,Automatic
2524,BMW,X1 xDrive 28i,2017,"49,700 mi.",Gasoline,Blue,Black,None reported,Yes,"$26,000",2.0,4.0,Automatic
2525,Volvo,C70 T5,2006,"61,000 mi.",Gasoline,Blue,Beige,None reported,Yes,"$10,299",2.5,5.0,Manual
2526,Genesis,GV70 3.5T Sport,2022,"10,200 mi.",Gasoline,White,Black,None reported,Yes,"$50,500",3.5,6.0,Automatic
2527,Lexus,LX 470 Base,1999,"82,000 mi.",Gasoline,White,Beige,None reported,Yes,"$25,000",4.7,8.0,Automatic
2528,BMW,M6 Base,2015,"37,000 mi.",Gasoline,Silver,Silver,None reported,Yes,"$45,950",4.4,8.0,Other
2529,Lexus,NX 300 Base,2021,"6,449 mi.",Gasoline,Silver,Black,At least 1 accident or damage reported,,"$35,999",2.0,4.0,Automatic
2530,Porsche,Cayenne E-Hybrid S Platinum Edition,2017,"69,404 mi.",Plug-In Hybrid,Black,Beige,At least 1 accident or damage reported,Yes,"$29,500",3.0,6.0,Automatic
2531,Ford,Explorer Limited,2017,"152,000 mi.",Gasoline,Gray,Black,None reported,Yes,"$15,499",3.5,6.0,Automatic
2532,Toyota,Sequoia TRD Pro,2023,600 mi.,Hybrid,Orange,Black,None reported,Yes,"$91,995",3.4,6.0,Automatic
2533,Rolls-Royce,Ghost Base,2010,"79,000 mi.",Gasoline,Silver,Black,None reported,Yes,"$69,000",6.6,12.0,Automatic
2534,GMC,Sierra 2500 Base,2021,"8,210 mi.",Gasoline,White,Black,None reported,Yes,"$55,000",6.6,8.0,Automatic
2535,GMC,Yukon SLT,2017,"92,031 mi.",Gasoline,White,Beige,At least 1 accident or damage reported,Yes,"$30,000",5.3,8.0,Automatic
2536,BMW,M550 i xDrive,2019,"7,580 mi.",Gasoline,Black,Black,None reported,Yes,"$51,500",4.4,8.0,Other
2537,Ford,Shelby GT500 Base,2021,"19,200 mi.",Gasoline,Black,Black,None reported,Yes,"$82,950",5.2,8.0,Other
2538,Chevrolet,Corvette Base,2008,"28,150 mi.",Gasoline,Red,Beige,None reported,Yes,"$31,000",6.2,8.0,Other
2539,Jeep,Wrangler Sport,2001,"171,000 mi.",Gasoline,White,Black,At least 1 accident or damage reported,Yes,"$15,000",4.0,6.0,Manual
2540,Ford,Excursion Limited,2001,"333,361 mi.",Diesel,Black,Beige,At least 1 accident or damage reported,Yes,"$17,000",7.3,8.0,Automatic
2541,Lexus,SC 300 Base,1998,"165,000 mi.",Gasoline,Purple,Beige,None reported,Yes,"$8,700",3.0,6.0,Automatic
2542,Jeep,Wrangler Unlimited Sport S,2018,"17,000 mi.",Gasoline,Black,Black,None reported,Yes,"$38,500",3.6,6.0,Automatic
2543,GMC,Sierra 1500 SLE,2015,"102,000 mi.",Gasoline,Silver,Black,At least 1 accident or damage reported,Yes,"$24,500",5.3,8.0,Automatic
2544,Volkswagen,Tiguan 2.0T SE,2022,"11,000 mi.",Gasoline,Blue,White,None reported,Yes,"$27,900",2.0,4.0,Automatic
2545,Ford,Focus ST Base,2014,"110,000 mi.",Gasoline,Silver,Gray,None reported,Yes,"$9,495",2.0,4.0,Manual
2546,Chevrolet,Silverado 2500 WT,2018,"141,195 mi.",E85 Flex Fuel,Summit White,Dark Ash,,,"$28,499",6.0,8.0,Automatic
2547,Mercedes-Benz,C-Class C 300 4MATIC Sport,2013,"157,405 mi.",Gasoline,Black,Black,None reported,Yes,"$10,750",3.5,6.0,Automatic
2548,Chevrolet,Corvette Stingray w/2LT,2022,"7,900 mi.",Gasoline,White,Red,None reported,Yes,"$92,500",6.2,8.0,Automatic
2549,BMW,M4 Base,2018,"10,950 mi.",Gasoline,White,White,None reported,Yes,"$60,995",3.0,6.0,Manual
2550,Polestar,2 Launch Edition,2021,"12,172 mi.",,Thunder Gray,Charcoal,None reported,,"$35,999",,,Automatic
2551,Chevrolet,Traverse LS,2022,"32,117 mi.",Gasoline,Northsky Blue Metallic,Jet Black,None reported,,"$33,299",3.6,6.0,Automatic
2552,BMW,X7 xDrive50i,2019,"31,157 mi.",Gasoline,Black,Blk,None reported,,"$65,998",4.4,,Automatic
2553,Chevrolet,Colorado ZR2,2019,"38,900 mi.",Gasoline,White,Black,None reported,Yes,"$34,700",3.6,6.0,Automatic
2554,Audi,S6 4.0T,2015,"74,000 mi.",Gasoline,Blue,Gray,None reported,Yes,"$29,950",4.0,8.0,Automatic
2555,Volvo,S80 3.2,2010,"90,050 mi.",Gasoline,Brown,Beige,None reported,Yes,"$5,800",3.2,6.0,Automatic
2556,Land,Rover Range Rover 3.0L Supercharged HSE,2018,"73,101 mi.",Gasoline,Blue,Beige,None reported,Yes,"$42,950",3.0,6.0,Automatic
2557,Land,Rover Range Rover 3.0L Supercharged HSE,2016,"103,000 mi.",Gasoline,Black,Black,None reported,Yes,"$33,999",3.0,6.0,Other
2558,BMW,M3 Competition,2022,"14,269 mi.",Gasoline,Gray,Orange,None reported,Yes,"$80,000",3.0,6.0,Automatic
2559,RAM,1500 Rebel,2021,"32,000 mi.",Hybrid,White,Black,None reported,Yes,"$50,927",5.7,8.0,Automatic
2560,Nissan,Kicks S,2022,"19,877 mi.",Gasoline,Super Black,Charcoal,None reported,,"$18,999",1.6,4.0,Automatic
2561,Cadillac,Escalade Luxury,2013,"95,570 mi.",E85 Flex Fuel,Black,Black,At least 1 accident or damage reported,Yes,"$22,000",6.2,8.0,Automatic
2562,Acura,RLX Advance Package,2016,"102,665 mi.",Gasoline,Black,Black,None reported,Yes,"$15,450",3.5,6.0,Automatic
2563,Mercedes-Benz,E-Class E 350,2012,"59,600 mi.",Gasoline,White,Beige,None reported,Yes,"$19,900",3.5,6.0,Other
2564,Ford,Flex SEL,2011,"149,000 mi.",Gasoline,Black,Beige,None reported,Yes,"$7,999",3.5,6.0,Automatic
2565,Ford,F-250 XL,2020,"36,000 mi.",E85 Flex Fuel,White,Gray,None reported,Yes,"$44,000",6.2,8.0,Automatic
2566,BMW,228 Gran Coupe i xDrive,2020,"10,426 mi.",Gasoline,Black Sapphire Metallic,Oyster/Black,None reported,,"$30,798",2.0,,Automatic
2567,Kia,Sorento Plug-In Hybrid SX Prestige,2022,"10,101 mi.",Plug-In Hybrid,White,–,None reported,Yes,"$44,990",1.6,4.0,Automatic
2568,Mercedes-Benz,AMG GLE 43 4MATIC Coupe,2019,"28,755 mi.",Gasoline,Black,Black,None reported,Yes,"$61,350",3.0,6.0,Automatic
2569,Tesla,Model Y Long Range,2020,"19,800 mi.",,White,White,None reported,Yes,"$44,990",,,Automatic
2570,Toyota,Supra A91-MT Edition,2023,"1,500 mi.",Gasoline,Gray,Orange,None reported,Yes,"$84,900",3.0,6.0,Manual
2571,Chrysler,300M Base,2004,"45,000 mi.",Gasoline,Gray,Gray,None reported,Yes,"$6,000",3.5,6.0,Automatic
2572,Kia,Sportage Plug-In Hybrid X-Line,2023,"1,340 mi.",Plug-In Hybrid,Black,Black,None reported,Yes,"$41,000",1.6,4.0,Automatic
2573,Nissan,Titan SV,2023,"6,200 mi.",Gasoline,Black,Gray,None reported,Yes,"$48,000",5.6,8.0,Automatic
2574,BMW,650 i,2006,"122,141 mi.",Gasoline,Silver,Black,None reported,Yes,"$10,500",4.8,8.0,Manual
2575,BMW,Z4 2.5i Roadster,2005,"138,000 mi.",Gasoline,White,Beige,None reported,Yes,"$9,950",2.5,6.0,Automatic
2576,Porsche,Cayman GTS,2015,"11,500 mi.",Gasoline,Silver,–,None reported,Yes,"$72,000",3.4,6.0,Automatic
2577,Toyota,4Runner TRD Pro,2016,"98,000 mi.",Gasoline,Black,Black,At least 1 accident or damage reported,Yes,"$36,000",4.0,6.0,Automatic
2578,BMW,X5 xDrive 35i Sport Activity,2012,"122,600 mi.",Gasoline,Black,Black,At least 1 accident or damage reported,Yes,"$12,900",3.0,6.0,Automatic
2579,Bentley,Continental GT V8,2022,"10,972 mi.",Gasoline,Red,Black,None reported,Yes,"$217,950",4.0,8.0,Automatic
2580,Tesla,Model S 90D,2016,"74,122 mi.",,Black,Black,None reported,Yes,"$35,900",,,Automatic
2581,Lamborghini,Huracan EVO Coupe,2021,"5,718 mi.",Gasoline,Arancio Borealis,Nero Ade,None reported,,"$279,991",5.2,,Automatic
2582,Cadillac,CTS Premium,2013,"105,000 mi.",Gasoline,Black,Black,At least 1 accident or damage reported,Yes,"$12,000",3.6,6.0,Automatic
2583,Mercedes-Benz,AMG G 63 Base,2019,"19,593 mi.",Gasoline,Black,Black,None reported,,"$159,998",4.0,,Automatic
2584,Toyota,Highlander XLE,2019,"81,301 mi.",Gasoline,Black,Black,None reported,Yes,"$30,275",3.5,6.0,Automatic
2585,Mercedes-Benz,E-Class E 550,2016,"49,643 mi.",Gasoline,White,Black,At least 1 accident or damage reported,Yes,"$33,995",4.7,8.0,Automatic
2586,Nissan,Leaf SV PLUS,2023,"7,089 mi.",,Black,Black,At least 1 accident or damage reported,Yes,"$29,895",,,Automatic
2587,Lincoln,Navigator Base,2008,"149,000 mi.",Gasoline,Gold,Beige,None reported,Yes,"$10,099",5.4,8.0,Automatic
2588,Jeep,Liberty Limited,2010,"107,000 mi.",Gasoline,Gray,Gray,None reported,Yes,"$5,900",3.7,6.0,Automatic
2589,Mercedes-Benz,AMG GT C,2020,"15,000 mi.",Gasoline,Gray,Black,None reported,Yes,"$129,000",4.0,8.0,Automatic
2590,Ford,Explorer Timberline,2021,"25,240 mi.",Gasoline,Gray,Ebony,At least 1 accident or damage reported,,"$39,951",2.3,4.0,Automatic
2591,Nissan,GT-R Premium,2020,"16,010 mi.",Gasoline,White,Black,None reported,Yes,"$114,000",3.8,6.0,Automatic
2592,Dodge,Durango GT,2021,"20,386 mi.",Gasoline,Billet Clearcoat Metallic,Black,None reported,,"$32,999",3.6,6.0,Automatic
2593,Audi,e-tron Prestige,2019,"33,012 mi.",,Blue,Beige,None reported,Yes,"$38,000",,,Automatic
2594,Mercedes-Benz,SL-Class SL500 Roadster,2003,"26,190 mi.",Gasoline,Gold,Beige,None reported,Yes,"$22,000",5.0,8.0,Automatic
2595,Jaguar,XJ Base,2013,"112,000 mi.",Gasoline,Blue,White,None reported,Yes,"$8,800",3.0,6.0,Automatic
2596,Mercedes-Benz,Metris Base,2018,"58,350 mi.",Gasoline,Black,Black,None reported,Yes,"$29,497",2.0,4.0,Automatic
2597,Chevrolet,Corvette Stingray w/3LT,2020,"5,194 mi.",Gasoline,Arctic White,Tension,None reported,,"$87,500",6.2,8.0,Automatic
2598,Chevrolet,Suburban 1500 LT,2015,"179,200 mi.",Gasoline,Black,–,At least 1 accident or damage reported,Yes,"$16,000",5.3,8.0,Automatic
2599,BMW,M550 i xDrive,2020,"40,000 mi.",Gasoline,Blue,Black,None reported,Yes,"$53,000",4.4,8.0,Other
2600,Mazda,MX-5 Miata Shinsen,2003,"46,873 mi.",Gasoline,Gray,Blue,None reported,Yes,"$11,500",1.8,4.0,Manual
2601,Acura,TL 3.2,2005,"199,296 mi.",Gasoline,Black,Gray,None reported,Yes,"$4,900",3.2,6.0,Automatic
2602,Dodge,Charger SRT8,2008,"98,231 mi.",Gasoline,Blue,Black,At least 1 accident or damage reported,Yes,"$15,500",6.1,8.0,Automatic
2603,RAM,1500 Big Horn,2020,"25,396 mi.",Gasoline,Maximum Steel Metallic,Black,None reported,Yes,"$43,250",5.7,8.0,Automatic
2604,Ford,Bronco Sport Base,2022,"13,865 mi.",Gasoline,Shadow Black,Ebony,None reported,Yes,"$29,182",1.5,3.0,Automatic
2605,Maserati,Ghibli S Q4 GranSport,2020,"25,721 mi.",Gasoline,Blu,Nero,None reported,Yes,"$52,645",3.0,6.0,Automatic
2606,Ford,F-250 XLT SuperCab Super Duty,2008,"149,460 mi.",Diesel,Blue,Gray,At least 1 accident or damage reported,Yes,"$12,240",6.4,8.0,Automatic
2607,BMW,X6 M Base,2021,"18,000 mi.",Gasoline,Black,Black,None reported,Yes,"$94,000",4.4,8.0,Automatic
2608,Porsche,911 Carrera Cabriolet,1996,"38,000 mi.",–,Blue,Gray,,,"$75,000",,,Other
2609,Cadillac,CTS 3.6L Premium Luxury,2019,"136,150 mi.",Gasoline,Silver,Black,At least 1 accident or damage reported,Yes,"$22,500",3.6,6.0,Other
2610,Lexus,LX 570 Three-Row,2021,"48,300 mi.",Gasoline,White,Red,None reported,Yes,"$82,000",5.7,8.0,Automatic
2611,Tesla,Model 3 Standard Range Plus,2019,"32,300 mi.",,Black,Black,None reported,Yes,"$29,000",,,Automatic
2612,BMW,335 i,2011,"73,000 mi.",Gasoline,Red,Beige,None reported,Yes,"$16,000",3.0,6.0,Other
2613,Acura,TLX Type S w/Performance Tire,2023,"1,798 mi.",Gasoline,Black,Black,None reported,Yes,"$53,000",3.0,6.0,Automatic
2614,Chevrolet,Silverado 1500 1LT,2018,"81,000 mi.",E85 Flex Fuel,Red,Gray,None reported,Yes,"$32,000",4.3,6.0,Automatic
2615,Tesla,Model S 70D,2015,"62,089 mi.",,Black,Beige,None reported,Yes,"$29,975",,,Automatic
2616,Mercedes-Benz,CLA-Class CLA 250,2016,"120,000 mi.",Gasoline,Black,Black,None reported,Yes,"$19,800",2.0,4.0,Other
2617,Kia,Telluride SX,2020,"38,000 mi.",Gasoline,Green,Beige,None reported,Yes,"$41,999",3.8,6.0,Automatic
2618,Toyota,Prius v Three,2016,"86,300 mi.",Hybrid,Gray,Black,At least 1 accident or damage reported,Yes,"$18,000",1.8,4.0,Automatic
2619,RAM,3500 Laramie,2022,"16,648 mi.",Diesel,Flame Red Clearcoat,Black,None reported,,"$70,999",6.7,6.0,Automatic
2620,Lexus,GS 350 Base,2016,"128,032 mi.",Gasoline,Silver,Black,None reported,Yes,"$18,000",3.5,6.0,Other
2621,Porsche,911 GT3,2015,"13,250 mi.",Gasoline,Brown,Gray,None reported,Yes,"$154,900",3.8,6.0,Automatic
2622,Dodge,Ram 2500 Quad Cab,2001,"171,079 mi.",Diesel,Silver,Gray,None reported,Yes,"$27,500",5.9,6.0,Automatic
2623,Mercedes-Benz,C-Class 4MATIC Sedan,2022,"9,612 mi.",Gasoline,–,–,None reported,,"$43,900",2.0,,Automatic
2624,Ford,Edge Titanium,2017,"113,294 mi.",Gasoline,Gray,Black,At least 1 accident or damage reported,Yes,"$16,500",2.0,4.0,Automatic
2625,Honda,Element EX,2008,"122,000 mi.",Gasoline,Blue,Gray,None reported,Yes,"$10,500",2.4,4.0,Automatic
2626,BMW,X6 xDrive40i,2023,"16,307 mi.",Hybrid,Red,White,None reported,Yes,"$71,400",3.0,6.0,Automatic
2627,Hyundai,Tucson SE,2018,"66,126 mi.",Gasoline,Dazzling White,Gray,None reported,,"$19,190",2.0,4.0,Automatic
2628,BMW,M4 Competition,2021,"12,500 mi.",Gasoline,Gray,Blue,At least 1 accident or damage reported,Yes,"$90,000",3.0,6.0,Automatic
2629,Porsche,911 Carrera 4S,2020,"25,568 mi.",Gasoline,Red,Black,None reported,Yes,"$134,999",3.0,,Manual
2630,Ford,Transit-350 Base,2020,"19,400 mi.",Gasoline,White,Black,None reported,Yes,"$58,000",3.5,6.0,Automatic
2631,Lincoln,MKS EcoBoost,2016,"38,100 mi.",Gasoline,Silver,Beige,None reported,Yes,"$21,000",3.5,6.0,Automatic
2632,Dodge,Ram 1500 ST,2010,"131,100 mi.",E85 Flex Fuel,White,Gray,At least 1 accident or damage reported,Yes,"$12,995",4.7,8.0,Automatic
2633,Toyota,Highlander Limited,2008,"165,520 mi.",Gasoline,Gray,Gray,At least 1 accident or damage reported,Yes,"$9,000",3.5,6.0,Automatic
2634,BMW,740 i,2016,"73,000 mi.",Gasoline,Black,Black,None reported,Yes,"$23,999",3.0,6.0,Other
2635,Chevrolet,Cruze LS,2018,"100,000 mi.",Gasoline,White,Black,At least 1 accident or damage reported,Yes,"$8,500",1.4,4.0,Automatic
2636,Lincoln,Navigator Reserve,2018,"54,000 mi.",Gasoline,Brown,Orange,At least 1 accident or damage reported,Yes,"$46,500",3.5,6.0,Automatic
2637,Toyota,Tundra SR,2018,"74,000 mi.",E85 Flex Fuel,Beige,Black,At least 1 accident or damage reported,Yes,"$38,000",5.7,8.0,Automatic
2638,Ford,F-150 Lariat,2011,"152,000 mi.",Gasoline,Brown,Beige,None reported,Yes,"$14,000",3.5,6.0,Automatic
2639,INFINITI,QX80 Base,2017,"121,525 mi.",Gasoline,Black,Black,At least 1 accident or damage reported,Yes,"$28,500",5.6,8.0,Automatic
2640,Ford,F-150 XLT,2016,"71,000 mi.",E85 Flex Fuel,Black,–,At least 1 accident or damage reported,Yes,"$24,350",5.0,8.0,Automatic
2641,Mercedes-Benz,AMG E 53 4MATIC,2020,"8,375 mi.",Gasoline,BLACK,BLACK,None reported,,"$69,900",3.0,,Automatic
2642,Jeep,Wrangler S,1994,"50,750 mi.",–,Blue,Gray,None reported,Yes,"$15,000",,,Manual
2643,Ford,Explorer XLT,2017,"169,000 mi.",E85 Flex Fuel,White,Beige,None reported,Yes,"$13,000",3.5,6.0,Automatic
2644,Mitsubishi,Lancer Evolution MR,2011,"94,500 mi.",Gasoline,White,Black,None reported,Yes,"$27,000",2.0,4.0,Other
2645,Audi,RS 5 4.2,2013,"75,965 mi.",Gasoline,White,Black,At least 1 accident or damage reported,Yes,"$35,999",4.2,8.0,Automatic
2646,Jeep,Gladiator Overland,2020,"43,000 mi.",Gasoline,White,Beige,None reported,Yes,"$46,500",3.6,6.0,Automatic
2647,Lexus,GX 460 Base,2018,"52,100 mi.",Gasoline,White,Beige,None reported,Yes,"$38,000",4.6,8.0,Automatic
2648,Chevrolet,Monte Carlo SS,2005,"75,000 mi.",Gasoline,Black,Black,None reported,Yes,"$12,500",3.8,6.0,Automatic
2649,Land,Rover Defender SE,2021,"13,970 mi.",Hybrid,Gray,Black,None reported,Yes,"$75,500",3.0,6.0,Automatic
2650,Chevrolet,Silverado 1500 LT Crew Cab,2006,"215,000 mi.",Gasoline,Black,Black,At least 1 accident or damage reported,Yes,"$6,995",6.0,8.0,Automatic
2651,Cadillac,Escalade Premium,2010,"104,000 mi.",E85 Flex Fuel,Gray,–,None reported,Yes,"$19,500",6.2,8.0,Automatic
2652,BMW,650 i,2014,"40,000 mi.",Gasoline,White,Beige,None reported,Yes,"$34,000",4.4,8.0,Other
2653,Kia,Telluride SX,2021,"24,423 mi.",Gasoline,Black,Black,None reported,,"$44,315",3.8,6.0,Automatic
2654,Land,Rover Range Rover Sport 5.0L Supercharged Dynamic,2016,"56,842 mi.",Gasoline,Silver,Black,None reported,Yes,"$35,000",5.0,8.0,Other
2655,Nissan,Juke SV,2011,"137,483 mi.",Gasoline,White,Gray,None reported,Yes,"$3,200",1.6,4.0,Other
2656,INFINITI,QX60 Base,2017,"93,500 mi.",Gasoline,Black,Black,None reported,Yes,"$16,000",3.5,6.0,Automatic
2657,Volkswagen,ID.4 Pro S,2023,"1,716 mi.",,Gray,Gray w/Blue Bolsters,None reported,,"$39,998",,,Automatic
2658,Porsche,911 Carrera,2005,"46,200 mi.",Gasoline,Silver,Black,None reported,Yes,"$49,999",3.6,6.0,Manual
2659,Honda,CR-V Touring,2022,"20,229 mi.",Gasoline,Black,Black,None reported,,"$36,727",1.5,4.0,Automatic
2660,Ford,Mustang Shelby GT500,2007,"7,346 mi.",Gasoline,Red,Black,None reported,Yes,"$40,999",5.4,8.0,Manual
2661,Chevrolet,Corvette Stingray w/3LT,2021,"12,000 mi.",Gasoline,Blue,Black,At least 1 accident or damage reported,Yes,"$99,900",6.2,8.0,Automatic
2662,Nissan,Pathfinder S,2017,"145,000 mi.",Gasoline,Silver,Gray,At least 1 accident or damage reported,Yes,"$8,500",3.5,6.0,Automatic
2663,Rivian,R1S Launch Edition,2023,"4,500 mi.",,Silver,Gray,None reported,Yes,"$89,999",,,Automatic
2664,Chevrolet,Silverado 1500 1LZ,2014,"111,095 mi.",E85 Flex Fuel,White,Black,At least 1 accident or damage reported,Yes,"$26,000",5.3,8.0,Automatic
2665,Chevrolet,Suburban RST,2021,"52,000 mi.",Gasoline,Blue,Black,None reported,Yes,"$61,000",5.3,8.0,Automatic
2666,Ford,F-150 XLT,2018,"53,500 mi.",Gasoline,Brown,Beige,At least 1 accident or damage reported,Yes,"$31,500",2.7,6.0,Automatic
2667,Chevrolet,Suburban Premier,2017,"133,598 mi.",Gasoline,Siren Red Tintcoat,Jet Black,At least 1 accident or damage reported,Yes,"$29,999",5.3,8.0,Automatic
2668,Nissan,Pathfinder S,2014,"135,000 mi.",Gasoline,White,Brown,None reported,Yes,"$8,500",3.5,6.0,Automatic
2669,Mercedes-Benz,SLS AMG Base,2012,"17,941 mi.",Gasoline,Iridium Silver Metallic,Red,None reported,Yes,"$226,000",6.2,8.0,Automatic
2670,Mercedes-Benz,AMG GLE 53 AMG GLE 53,2021,"5,595 mi.",Hybrid,designo Diamond White Metallic,Black,None reported,,"$83,598",3.0,,Automatic
2671,Porsche,911 Carrera 4S,2017,"31,500 mi.",Gasoline,Blue,Red,None reported,Yes,"$97,555",3.0,6.0,Automatic
2672,Genesis,G80 3.8,2020,"23,600 mi.",Gasoline,Blue,Gray,None reported,Yes,"$31,900",3.8,6.0,Automatic
2673,Mercedes-Benz,SL-Class SL500 Roadster,2005,"127,000 mi.",Gasoline,White,Beige,None reported,Yes,"$14,000",5.0,8.0,Automatic
2674,Ford,Maverick XL,2023,"12,500 mi.",Hybrid,Silver,Black,None reported,Yes,"$29,999",2.5,4.0,Automatic
2675,Toyota,Tundra Grade,2013,"92,700 mi.",Gasoline,Gray,Gray,At least 1 accident or damage reported,Yes,"$20,800",4.6,8.0,Automatic
2676,Mercedes-Benz,AMG E 63 S 4MATIC,2019,"17,000 mi.",Gasoline,White,Brown,None reported,Yes,"$95,000",4.0,8.0,Automatic
2677,Tesla,Model Y Performance,2020,"39,000 mi.",,Silver,Black,None reported,Yes,"$43,000",,,Automatic
2678,Chevrolet,Camaro 1SS,2022,"7,000 mi.",Gasoline,Blue,Black,None reported,Yes,"$50,000",6.2,8.0,Manual
2679,Honda,Clarity Plug-In Hybrid Base,2018,"71,000 mi.",Plug-In Hybrid,Red,Beige,At least 1 accident or damage reported,Yes,"$17,500",1.5,4.0,Automatic
2680,Cadillac,Escalade ESV Premium Luxury Platinum,2021,"31,500 mi.",Gasoline,White,Beige,None reported,Yes,"$95,000",6.2,8.0,Automatic
2681,Toyota,Highlander Hybrid Limited Platinum,2019,"13,828 mi.",Hybrid,Blue,Black,None reported,Yes,"$43,000",3.5,6.0,Other
2682,Nissan,Rogue SL,2016,"97,726 mi.",Gasoline,Gun Metallic,Charcoal,At least 1 accident or damage reported,,"$15,998",2.5,,Other
2683,Mitsubishi,Eclipse Spyder GT,2008,"62,930 mi.",Gasoline,Gray,Black,At least 1 accident or damage reported,Yes,"$10,000",3.8,6.0,Automatic
2684,Land,Rover Range Rover Sport HSE,2012,"110,000 mi.",Gasoline,Silver,Black,None reported,Yes,"$10,200",5.0,8.0,Automatic
2685,Nissan,GT-R Premium,2013,"101,000 mi.",Gasoline,White,Black,None reported,Yes,"$59,000",3.8,6.0,Other
2686,Mercedes-Benz,E-Class E 350,2022,"14,100 mi.",Gasoline,Gray,Black,None reported,Yes,"$53,000",2.0,4.0,Automatic
2687,Audi,Q5 S line Premium Plus,2023,"5,682 mi.",Hybrid,Chronos Gray,Gray,None reported,,"$48,698",2.0,,Automatic
2688,Mazda,Mazda3 FWD w/Premium Package,2022,"21,701 mi.",Gasoline,Soul Red Crystal Metallic,Black,None reported,,"$25,099",2.5,4.0,Automatic
2689,Jeep,Wrangler Unlimited Rubicon,2017,"20,172 mi.",Gasoline,Gray,Black,None reported,Yes,"$47,500",3.6,6.0,Other
2690,BMW,M2 Base,2023,"1,160 mi.",Gasoline,Gray,Black,None reported,Yes,"$73,600",3.0,6.0,Manual
2691,Chevrolet,Trailblazer RS,2022,"42,479 mi.",Gasoline,Mosaic Black Metallic,Jet Black,None reported,Yes,"$28,495",1.3,3.0,Automatic
2692,Bentley,Continental GT Base,2007,"72,166 mi.",Gasoline,Black,Black,At least 1 accident or damage reported,Yes,"$35,995",6.0,12.0,Automatic
2693,Lexus,GX 460 Premium,2020,"22,466 mi.",Gasoline,White,Black,None reported,Yes,"$45,900",4.6,8.0,Automatic
2694,Mercedes-Benz,CLA-Class CLA 250,2014,"136,000 mi.",Gasoline,Gray,Black,At least 1 accident or damage reported,Yes,"$12,000",2.0,4.0,Other
2695,Toyota,Avalon Hybrid XLE Premium,2015,"161,000 mi.",Hybrid,Blue,Gray,None reported,Yes,"$11,500",2.5,4.0,Other
2696,Lexus,GX 460 Premium,2022,"35,700 mi.",Gasoline,Silver,Gray,At least 1 accident or damage reported,Yes,"$51,900",4.6,8.0,Automatic
2697,Ford,Bronco Base,2022,"6,200 mi.",Gasoline,Black,Black,None reported,Yes,"$49,000",2.3,4.0,Manual
2698,Porsche,911 Carrera S,2013,"52,044 mi.",Gasoline,White,Gray,None reported,Yes,"$76,500",3.8,6.0,Manual
2699,Porsche,718 Boxster GTS,2019,"10,400 mi.",Gasoline,Gray,Black,None reported,Yes,"$99,750",2.5,4.0,Automatic
2700,GMC,Sierra 3500 Denali,2019,"73,091 mi.",Diesel,White,Black,At least 1 accident or damage reported,Yes,"$58,500",6.6,8.0,Automatic
2701,Jeep,Wrangler Sahara,2012,"78,000 mi.",Gasoline,Beige,Black,At least 1 accident or damage reported,Yes,"$22,000",3.6,6.0,Automatic
2702,INFINITI,Q70h Base,2016,"52,750 mi.",Hybrid,White,Black,At least 1 accident or damage reported,Yes,"$28,998",3.5,6.0,Automatic
2703,BMW,Z4 sDrive28i,2014,"15,889 mi.",Gasoline,Blue,Beige,None reported,Yes,"$34,500",2.0,4.0,Automatic
2704,Land,Rover Range Rover Supercharged LWB,2020,"81,000 mi.",Gasoline,Black,Black,None reported,Yes,"$64,800",5.0,8.0,Automatic
2705,Kia,Optima EX,2019,"68,166 mi.",Gasoline,Ebony Black,Black,None reported,,"$20,818",1.6,,Automatic
2706,Ford,F-250 Lariat,2019,"85,000 mi.",Diesel,White,Black,At least 1 accident or damage reported,Yes,"$55,000",6.7,8.0,Automatic
2707,Nissan,Titan S,2017,"20,220 mi.",Gasoline,White,Gray,None reported,Yes,"$32,324",5.6,8.0,Automatic
2708,Jeep,Grand Cherokee L Limited,2022,"12,875 mi.",Gasoline,Diamond Black,Global Black,None reported,,"$42,599",3.6,6.0,Automatic
2709,Toyota,Tundra Limited,2022,"3,959 mi.",Gasoline,Blue,Gray,None reported,Yes,"$55,000",3.4,6.0,Automatic
2710,Mercedes-Benz,GLC 300 GLC 300,2022,"1,408 mi.",Gasoline,Lunar Blue Metallic,–,None reported,,"$46,798",2.0,,Automatic
2711,Ford,F-150 XLT,2021,"25,352 mi.",Gasoline,Gray,Black,None reported,Yes,"$48,459",3.5,6.0,Automatic
2712,Audi,SQ5 3.0T Premium Plus,2022,"8,497 mi.",Gasoline,Ibis White,Black,None reported,,"$52,900",3.0,6.0,Automatic
2713,BMW,335 is,2011,"82,000 mi.",Gasoline,Gray,Black,At least 1 accident or damage reported,Yes,"$20,000",3.0,6.0,Automatic
2714,BMW,M4 Base,2015,"26,600 mi.",Gasoline,White,–,None reported,Yes,"$53,000",3.0,6.0,Automatic
2715,Dodge,Durango GT,2020,"49,000 mi.",Gasoline,White,Black,None reported,Yes,"$40,000",3.6,6.0,Automatic
2716,Ford,F-150 Lariat,2020,"26,540 mi.",Gasoline,White,Black,None reported,Yes,"$46,995",3.5,6.0,Automatic
2717,Toyota,Camry Solara SLE V6,2006,"159,890 mi.",Gasoline,Blue,Gray,At least 1 accident or damage reported,Yes,"$6,500",3.3,6.0,Automatic
2718,INFINITI,QX60 Base,2016,"91,239 mi.",Gasoline,Gray,Black,None reported,Yes,"$17,500",3.5,6.0,Automatic
2719,Lexus,NX 350h Premium,2024,300 mi.,Hybrid,Black,Black,None reported,Yes,"$50,999",2.5,4.0,Automatic
2720,Land,Rover Range Rover Sport 3.0 Supercharged HST,2021,"27,608 mi.",Gasoline,Fuji White,Pimento / Ebony,None reported,,"$73,897",,6.0,Automatic
2721,Toyota,Tacoma TRD Sport,2020,"41,199 mi.",Gasoline,Black,Black/Gun Metal,None reported,,"$41,598",3.5,,Other
2722,Tesla,Model S P100D,2017,"103,000 mi.",,Black,White,None reported,Yes,"$36,000",,,Automatic
2723,Mercedes-Benz,C-Class C 300,2019,"76,422 mi.",Gasoline,Black,Black,None reported,,"$28,998",2.0,,Automatic
2724,Alfa,Romeo Giulia Ti,2019,"21,400 mi.",Gasoline,White,Black,None reported,Yes,"$28,500",2.0,4.0,Automatic
2725,Audi,A4 2.0T Premium,2014,"90,236 mi.",E85 Flex Fuel,Gray,Black,None reported,Yes,"$9,999",2.0,4.0,Other
2726,Mercedes-Benz,GLE 350 Base 4MATIC,2022,"24,500 mi.",Gasoline,White,Beige,None reported,Yes,"$82,150",2.0,4.0,Automatic
2727,Mercedes-Benz,SLC 300 Base,2018,"33,000 mi.",Gasoline,Red,Black,At least 1 accident or damage reported,Yes,"$29,900",2.0,4.0,Automatic
2728,Lucid,Air Pure,2023,"1,300 mi.",,Black,Gray,,,"$86,900",,,Automatic
2729,Mazda,Mazda3 s Sport,2008,"77,700 mi.",Gasoline,Red,Black,None reported,Yes,"$6,300",2.3,4.0,Manual
2730,Honda,Civic LX,2015,"51,300 mi.",Gasoline,Black,Black,None reported,Yes,"$17,500",1.8,4.0,Manual
2731,Lamborghini,Huracan LP610-4,2015,"34,152 mi.",Gasoline,Blue,Red,None reported,Yes,"$185,500",5.2,10.0,Automatic
2732,Hummer,H2 Base,2004,"130,000 mi.",Gasoline,Black,Black,At least 1 accident or damage reported,Yes,"$16,500",6.0,8.0,Automatic
2733,Hyundai,Genesis Coupe 3.8 Base,2015,"60,000 mi.",Gasoline,Black,Black,None reported,Yes,"$17,000",3.8,6.0,Other
2734,Audi,A6 2.0T Premium Plus,2016,"96,000 mi.",Gasoline,Black,Black,None reported,Yes,"$21,990",2.0,4.0,Automatic
2735,BMW,X5 xDrive35i,2016,"74,850 mi.",Gasoline,White,Brown,At least 1 accident or damage reported,Yes,"$21,900",3.0,6.0,Automatic
2736,Lexus,GX 460 Premium,2017,"116,300 mi.",Gasoline,Gray,Beige,None reported,Yes,"$31,950",4.6,8.0,Automatic
2737,Mercedes-Benz,GLS 550 Base 4MATIC,2017,"88,454 mi.",Gasoline,White,Beige,None reported,Yes,"$39,999",4.7,8.0,Automatic
2738,BMW,M4 Base,2020,"31,350 mi.",Gasoline,Gray,Orange,None reported,Yes,"$62,450",3.0,6.0,Other
2739,Chevrolet,Camaro 1SS,2021,"12,600 mi.",Gasoline,Gray,Black,None reported,Yes,"$47,000",6.2,8.0,Manual
2740,Acura,MDX w/Technology Package,2022,"30,177 mi.",Gasoline,Majestic Black Pearl,Espresso,None reported,,"$46,598",3.5,6.0,Other
2741,Ford,Expedition EL Limited,2017,"104,000 mi.",Gasoline,Black,Black,At least 1 accident or damage reported,Yes,"$19,995",3.5,6.0,Automatic
2742,Volkswagen,Golf R Base,2022,"1,067 mi.",Gasoline,White,Blue,None reported,Yes,"$48,000",2.0,4.0,Automatic
2743,Toyota,Sienna XLE Limited,2007,"112,630 mi.",Gasoline,Silver,Gray,At least 1 accident or damage reported,Yes,"$11,500",3.5,6.0,Automatic
2744,Nissan,370Z Base,2013,"106,700 mi.",Gasoline,Red,Black,None reported,Yes,"$17,500",3.7,6.0,Manual
2745,Hyundai,Elantra HEV Limited,2021,"28,600 mi.",Hybrid,Gray,Black,None reported,Yes,"$23,999",1.6,4.0,Automatic
2746,Ford,Mustang EcoBoost Premium,2017,"89,352 mi.",Gasoline,White,Black,At least 1 accident or damage reported,Yes,"$20,989",2.3,4.0,Automatic
2747,Land,Rover Range Rover Evoque SE,2016,"86,202 mi.",Gasoline,Black,Black,None reported,Yes,"$18,750",2.0,4.0,Automatic
2748,Chrysler,200 Limited,2015,"95,271 mi.",E85 Flex Fuel,Black,Black,,,"$12,468",2.4,4.0,Automatic
2749,Nissan,Murano SV,2021,"23,677 mi.",Gasoline,Sunset Drift Chromaflair,Graphite,None reported,,"$29,510",3.5,6.0,Automatic
2750,Honda,Civic LX,2003,"160,265 mi.",Gasoline,White,Gray,At least 1 accident or damage reported,Yes,"$3,000",1.7,4.0,Automatic
2751,BMW,435 i,2014,"53,600 mi.",Gasoline,Silver,Black,None reported,Yes,"$25,980",3.0,6.0,Automatic
2752,Mercedes-Benz,M-Class ML 350 4MATIC,2015,"88,000 mi.",E85 Flex Fuel,Silver,Gray,None reported,Yes,"$19,500",3.5,6.0,Automatic
2753,Lexus,LC 500 Base,2018,"61,000 mi.",Gasoline,Black,Black,None reported,Yes,"$65,000",5.0,8.0,Other
2754,INFINITI,QX80 SENSORY,2023,"8,600 mi.",Gasoline,Black,Brown,,,"$78,990",5.6,8.0,Automatic
2755,Kia,Telluride SX,2022,"46,347 mi.",Gasoline,Glacial White Pearl,Black,None reported,,"$46,120",3.8,6.0,Automatic
2756,Hyundai,Accent GLS,2013,"117,500 mi.",Gasoline,Silver,Gray,At least 1 accident or damage reported,Yes,"$6,500",1.6,4.0,Automatic
2757,Porsche,911 GT3 RS,2019,"15,509 mi.",Gasoline,Lizard Green,Black,None reported,,"$229,900",4.0,,Automatic
2758,Land,Rover Range Rover 3.0L Supercharged HSE,2017,"55,000 mi.",Gasoline,White,Beige,At least 1 accident or damage reported,Yes,"$58,000",3.0,6.0,Automatic
2759,RAM,2500 Big Horn,2016,"95,115 mi.",Diesel,Bright White Clearcoat,Diesel Gray / Black,None reported,Yes,"$43,640",6.7,6.0,Automatic
2760,Ford,Mustang Premium,2007,"121,630 mi.",Gasoline,White,Black,None reported,Yes,"$9,450",4.0,6.0,Automatic
2761,Subaru,Outback Limited,2021,"15,636 mi.",Gasoline,Crystal Black Silica,Black,None reported,,"$33,531",2.5,,Automatic
2762,Audi,S4 3.0T Premium Plus,2014,"106,000 mi.",Gasoline,Gray,Black,At least 1 accident or damage reported,Yes,"$23,000",3.0,6.0,Manual
2763,Lexus,RX 450h F Sport,2019,"43,671 mi.",Hybrid,Caviar,Rioja Red,None reported,,"$44,950",3.5,6.0,Automatic
2764,Cadillac,SRX Standard,2016,"48,000 mi.",Gasoline,White,Black,At least 1 accident or damage reported,Yes,"$24,995",3.6,6.0,Automatic
2765,Land,Rover Defender 110 SE,2020,"29,700 mi.",Hybrid,Green,Black,,,"$68,000",3.0,6.0,Automatic
2766,Ford,Focus RS Base,2017,"26,000 mi.",Gasoline,Gray,Black,None reported,Yes,"$37,000",2.3,4.0,Manual
2767,Audi,SQ5 3.0T Premium Plus,2018,"72,000 mi.",Gasoline,Blue,Black,At least 1 accident or damage reported,Yes,"$30,000",3.0,6.0,Automatic
2768,Porsche,Cayenne S,2015,"52,111 mi.",Gasoline,Black,Black,At least 1 accident or damage reported,Yes,"$37,500",3.6,6.0,Automatic
2769,Volkswagen,Jetta 1.4T R-Line,2019,"55,234 mi.",Gasoline,Platinum Gray Metallic,Black / Gray,None reported,,"$19,290",1.4,4.0,Automatic
2770,Audi,TTS 2.0T Premium Plus,2011,"69,700 mi.",Gasoline,Orange,–,At least 1 accident or damage reported,Yes,"$23,000",2.0,4.0,Automatic
2771,Ford,Expedition Timberline,2022,"23,300 mi.",Gasoline,Green,Green,None reported,Yes,"$67,500",3.5,6.0,Automatic
2772,Ford,F-150 Platinum,2021,"15,555 mi.",Gasoline,Blue,Black,None reported,Yes,"$62,890",5.0,8.0,Automatic
2773,Jeep,Wrangler Unlimited Sport,2018,"58,500 mi.",Gasoline,Black,Black,None reported,Yes,"$35,000",3.6,6.0,Automatic
2774,Ford,F-350 Lariat Crew Cab Super Duty DRW,2005,"176,691 mi.",Diesel,White,Beige,At least 1 accident or damage reported,Yes,"$13,000",6.0,8.0,Automatic
2775,Ford,EcoSport SES,2019,"106,000 mi.",Gasoline,Silver,Black,At least 1 accident or damage reported,Yes,"$12,000",2.0,4.0,Automatic
2776,Buick,LaCrosse Base,2017,"67,500 mi.",Gasoline,Black,Beige,None reported,Yes,"$20,000",3.6,6.0,Automatic
2777,Tesla,Model S 100D,2018,"33,500 mi.",,Gray,Black,None reported,Yes,"$51,900",,,Automatic
2778,Chrysler,300 Touring,2020,"23,152 mi.",Gasoline,White,White,None reported,Yes,"$28,250",3.6,6.0,Automatic
2779,BMW,430 430i,2022,"7,758 mi.",Gasoline,Black,Black,None reported,,"$47,998",2.0,,Automatic
2780,Cadillac,Escalade ESV Premium Luxury,2018,"74,150 mi.",Gasoline,Gold,Brown,None reported,Yes,"$45,000",6.2,8.0,Automatic
2781,Audi,Q8 3.0T Premium,2019,"51,984 mi.",Hybrid,White,–,None reported,Yes,"$44,870",3.0,6.0,Automatic
2782,BMW,535 i xDrive,2011,"100,780 mi.",Gasoline,Gray,Black,At least 1 accident or damage reported,Yes,"$12,000",3.0,6.0,Automatic
2783,Buick,Cascada Base,2016,"103,814 mi.",Gasoline,White,Black,At least 1 accident or damage reported,Yes,"$14,995",1.6,4.0,Automatic
2784,Nissan,Xterra Pro-4X,2011,"183,000 mi.",Gasoline,Black,Gray,At least 1 accident or damage reported,Yes,"$12,000",4.0,6.0,Automatic
2785,Cadillac,SRX Performance Collection,2011,"124,542 mi.",Gasoline,Gray,Beige,None reported,Yes,"$8,450",3.0,6.0,Automatic
2786,Lexus,GX 460 Premium,2023,"2,533 mi.",Gasoline,Black,Black,None reported,Yes,"$64,900",4.6,8.0,Automatic
2787,Subaru,Impreza 2.0i Premium,2018,"90,601 mi.",Gasoline,White,Beige,None reported,Yes,"$26,000",2.0,4.0,Other
2788,Audi,TTS 2.0T Premium Plus,2012,"72,922 mi.",Gasoline,White,Black,,,"$25,999",2.0,4.0,Automatic
2789,Hyundai,Genesis 4.6,2010,"120,321 mi.",Gasoline,White,Beige,None reported,Yes,"$10,500",4.6,8.0,Other
2790,Maserati,Quattroporte S,2019,"23,230 mi.",Gasoline,Black,Black,None reported,Yes,"$44,999",3.0,6.0,Automatic
2791,Cadillac,CTS Luxury,2011,"66,200 mi.",Gasoline,Black,Black,None reported,Yes,"$16,499",3.0,6.0,Automatic
2792,Volkswagen,Arteon 2.0T SEL Premium R-Line,2020,"26,870 mi.",Gasoline,Deep Black Pearl Effect,Mistral Gray / Raven,At least 1 accident or damage reported,Yes,"$34,645",2.0,4.0,Automatic
2793,BMW,X6 xDrive50i,2019,"45,000 mi.",Gasoline,Silver,Black,At least 1 accident or damage reported,Yes,"$46,999",4.4,8.0,Automatic
2794,Cadillac,CT6-V 4.2L Blackwing Twin Turbo,2019,"8,074 mi.",Gasoline,Manhattan Noir Metallic,Jet Black,None reported,,"$76,700",4.2,8.0,Automatic
2795,BMW,X5 M Base,2013,"67,000 mi.",Gasoline,Silver,Black,At least 1 accident or damage reported,Yes,"$24,500",4.4,8.0,Automatic
2796,Tesla,Model 3 Long Range,2022,"22,457 mi.",,Midnight Silver Metallic,Black,None reported,,"$40,036",,,Automatic
2797,Mercedes-Benz,E-Class E 350,2021,"72,836 mi.",Gasoline,White,Beige,None reported,Yes,"$41,000",2.0,4.0,Automatic
2798,Land,Rover Range Rover Sport SVR,2022,"15,107 mi.",Gasoline,Santorini Black Metallic,Ebony,None reported,,"$114,900",5.0,8.0,Automatic
2799,Ford,Excursion XLT 4WD,2000,"205,000 mi.",Gasoline,Black,Gray,At least 1 accident or damage reported,Yes,"$9,950",6.8,10.0,Automatic
2800,Toyota,Camry Hybrid XLE,2014,"94,448 mi.",Hybrid,Silver,Gray,None reported,Yes,"$15,999",2.5,4.0,Automatic
2801,Mazda,Mazda6 i Touring,2015,"124,000 mi.",Gasoline,White,Beige,At least 1 accident or damage reported,Yes,"$12,900",2.5,4.0,Manual
2802,Kia,Forte LXS,2020,"53,452 mi.",Gasoline,Silver,Black,At least 1 accident or damage reported,Yes,"$16,995",2.0,4.0,Automatic
2803,MINI,Hardtop Cooper S,2022,"23,777 mi.",Gasoline,Gray,Black,None reported,Yes,"$30,000",2.0,4.0,Manual
2804,Dodge,Ram 3500 Quad Cab DRW,2000,"188,000 mi.",–,Silver,Gray,At least 1 accident or damage reported,Yes,"$10,000",,,Automatic
2805,Mitsubishi,Eclipse Spyder GS,2001,"90,400 mi.",Gasoline,Red,–,None reported,Yes,"$4,495",2.4,4.0,Automatic
2806,Bentley,Continental GT V8 S,2016,"31,500 mi.",Gasoline,Black,Beige,None reported,Yes,"$103,900",4.0,8.0,Automatic
2807,Land,Rover Defender X-Dynamic SE,2023,"6,204 mi.",Hybrid,Eiger Grey,–,None reported,,"$79,998",3.0,,Automatic
2808,Chevrolet,Corvette Base,2006,"39,132 mi.",Gasoline,Red,Beige,None reported,Yes,"$35,000",6.0,8.0,Other
2809,Mazda,Mazda6 Touring,2021,"52,253 mi.",Gasoline,Snowflake White Pearl,Black,At least 1 accident or damage reported,Yes,"$25,215",2.5,4.0,Automatic
2810,Audi,Q5 S line Premium,2022,"8,193 mi.",Hybrid,Florett Silver,Black,None reported,,"$42,598",2.0,,Automatic
2811,Lexus,GX 460 Premium,2017,"82,975 mi.",Gasoline,White,Beige,None reported,Yes,"$31,000",4.6,8.0,Automatic
2812,Toyota,4Runner Trail,2016,"117,780 mi.",Gasoline,Gray,Black,None reported,Yes,"$27,750",4.0,6.0,Automatic
2813,Audi,A5 45 S line Premium Plus,2022,"24,500 mi.",Hybrid,White,Black,None reported,Yes,"$47,000",2.0,4.0,Other
2814,Tesla,Model 3 Standard Range Plus,2019,"42,094 mi.",,White,White,None reported,Yes,"$32,000",,,Automatic
2815,Lexus,IS 250 Base,2010,"132,700 mi.",Gasoline,Black,Black,At least 1 accident or damage reported,Yes,"$10,700",2.5,6.0,Automatic
2816,Porsche,718 Spyder Base,2022,"4,700 mi.",Gasoline,White,Black,None reported,Yes,"$134,000",4.0,6.0,Manual
2817,Lexus,IS 350 Base,2007,"103,000 mi.",Gasoline,Red,Beige,At least 1 accident or damage reported,Yes,"$12,900",3.5,6.0,Automatic
2818,BMW,330 330i xDrive,2019,"19,473 mi.",Gasoline,Alpine White,Canberra Beige,None reported,,"$31,698",2.0,,Automatic
2819,Kia,Stinger GT2,2020,"57,000 mi.",Gasoline,Black,Red,At least 1 accident or damage reported,Yes,"$36,500",3.3,6.0,Automatic
2820,Jeep,Gladiator Sport,2021,"5,779 mi.",Gasoline,Firecracker Red Clearcoat,Black,,,"$41,329",3.6,6.0,Automatic
2821,Subaru,BRZ Limited,2022,"14,000 mi.",Gasoline,White,Black,None reported,Yes,"$34,999",2.4,4.0,Manual
2822,Audi,S5 3.0T Premium Plus,2014,"151,400 mi.",Gasoline,Gray,Black,None reported,Yes,"$15,400",3.0,6.0,Other
2823,Porsche,911 Carrera 4S,2007,"42,635 mi.",Gasoline,Blue,Blue,None reported,Yes,"$72,995",3.8,6.0,Other
2824,Porsche,Macan Base,2018,"82,300 mi.",Gasoline,Black,Black,None reported,Yes,"$35,000",2.0,4.0,Automatic
2825,Cadillac,Escalade Platinum,2018,"49,273 mi.",Gasoline,Red,Black,None reported,Yes,"$54,000",6.2,8.0,Automatic
2826,Maserati,Levante S,2017,"54,423 mi.",Gasoline,Black,Black,None reported,Yes,"$33,950",3.0,6.0,Automatic
2827,BMW,X3 xDrive30i,2021,"27,000 mi.",Gasoline,Black,Brown,None reported,Yes,"$38,400",2.0,4.0,Automatic
2828,Chevrolet,Tahoe Base,1997,"229,000 mi.",Diesel,Green,Beige,At least 1 accident or damage reported,Yes,"$19,500",6.5,8.0,Automatic
2829,Cadillac,Escalade EXT Base,2009,"155,000 mi.",E85 Flex Fuel,Red,Beige,At least 1 accident or damage reported,Yes,"$16,900",6.2,8.0,Automatic
2830,Ford,Mustang SVT Cobra,2003,"97,496 mi.",Gasoline,Gray,Gray,,,"$24,500",4.6,8.0,Manual
2831,BMW,ALPINA B7 ALPINA B7 xDrive,2020,"15,097 mi.",Gasoline,Frozen Dark Silver Metallic,Black,None reported,,"$99,998",4.4,,Automatic
2832,Mercedes-Benz,E-Class D 2.5 Turbo,1993,"70,015 mi.",–,Gray,Gray,None reported,Yes,"$22,500",,,Automatic
2833,Lexus,LX 570 Three-Row,2021,"21,000 mi.",Gasoline,White,Black,None reported,Yes,"$89,999",5.7,8.0,Other
2834,Jaguar,F-TYPE S,2014,"74,595 mi.",Gasoline,Green,Black,At least 1 accident or damage reported,Yes,"$32,450",5.0,8.0,Automatic
2835,Lexus,IS 300 Base,2018,"16,000 mi.",Gasoline,Blue,Brown,At least 1 accident or damage reported,Yes,"$30,500",3.5,6.0,Automatic
2836,Ferrari,F12berlinetta Base,2016,"14,770 mi.",Gasoline,Gray,–,None reported,,"$254,900",6.3,12.0,Automatic
2837,BMW,640 i,2016,"40,080 mi.",Gasoline,Black,Black,None reported,Yes,"$28,499",3.0,6.0,Automatic
2838,Mercedes-Benz,AMG C AMG C 63 S,2016,"40,515 mi.",Gasoline,Black,Black,At least 1 accident or damage reported,,"$47,999",4.0,8.0,Automatic
2839,Ford,Fusion Hybrid SE Hybrid,2013,"126,225 mi.",Hybrid,Silver,Black,At least 1 accident or damage reported,Yes,"$11,500",2.0,4.0,Other
2840,BMW,X3 M AWD,2021,"31,500 mi.",Gasoline,Black,Black,None reported,Yes,"$54,500",3.0,6.0,Automatic
2841,Cadillac,Escalade ESV Platinum,2018,"67,726 mi.",Gasoline,Black,Black,None reported,Yes,"$52,000",6.2,8.0,Automatic
2842,Hyundai,Sonata GLS,2013,"136,991 mi.",Gasoline,Gray,Gray,None reported,Yes,"$11,000",2.4,4.0,Automatic
2843,BMW,750 750i xDrive,2021,"10,917 mi.",Gasoline,Black,Black,None reported,,"$73,998",4.4,,Automatic
2844,Toyota,Sequoia Platinum,2014,"124,838 mi.",Gasoline,Black,Gray,None reported,Yes,"$33,000",5.7,8.0,Automatic
2845,Maserati,Ghibli S Q4,2015,"28,700 mi.",Gasoline,White,Red,,,"$24,900",3.0,6.0,Automatic
2846,Ford,Edge SEL,2019,"26,465 mi.",Gasoline,White Platinum Tri-Coat Metallic,Ebony,None reported,,"$24,998",2.0,4.0,Automatic
2847,Cadillac,Escalade Sport Platinum,2021,"26,000 mi.",Gasoline,Black,Black,None reported,Yes,"$104,000",6.2,8.0,Automatic
2848,Jeep,Wrangler Unlimited Rubicon,2012,"80,000 mi.",Gasoline,Orange,Black,None reported,Yes,"$30,000",3.6,6.0,Automatic
2849,Toyota,Camry LE,1999,"86,111 mi.",Gasoline,Gold,Beige,At least 1 accident or damage reported,Yes,"$3,500",2.2,4.0,Automatic
2850,Ferrari,GTC4Lusso T,2019,"8,870 mi.",Gasoline,Nero Daytona,–,None reported,Yes,"$215,000",3.9,8.0,Automatic
2851,Volkswagen,Routan SE,2011,"194,000 mi.",Gasoline,Black,Gray,At least 1 accident or damage reported,Yes,"$3,500",3.6,6.0,Other
2852,BMW,X5 xDrive35i,2018,"25,348 mi.",Gasoline,Imperial Blue Metallic,Black,At least 1 accident or damage reported,,"$33,889",3.0,6.0,Automatic
2853,Acura,ILX Technology Plus Package,2017,"68,200 mi.",Gasoline,Black,–,At least 1 accident or damage reported,Yes,"$15,750",2.4,4.0,Other
2854,Mazda,CX-30 Select,2020,"23,162 mi.",Gasoline,Soul Red Crystal Metallic,Black,None reported,Yes,"$25,495",2.5,4.0,Automatic
2855,Ford,F-250 XLT,2019,"33,000 mi.",Diesel,Black,Gray,None reported,Yes,"$59,000",6.7,8.0,Automatic
2856,Porsche,Panamera 4S,2010,"62,743 mi.",Gasoline,Silver,Gray,None reported,Yes,"$28,600",4.8,8.0,Other
2857,Chevrolet,Blazer Premier,2019,"55,621 mi.",Gasoline,Silver Ice Metallic,Jet Black,None reported,,"$34,562",3.6,6.0,Automatic
2858,Mazda,RX-8 Grand Touring,2008,"81,219 mi.",Gasoline,Red,Black,None reported,Yes,"$8,500",1.3,,Manual
2859,Lincoln,Town Car Signature,2003,"142,215 mi.",Gasoline,Gray,Beige,None reported,Yes,"$5,000",4.6,8.0,Automatic
2860,Lincoln,Navigator Reserve,2022,"13,750 mi.",Gasoline,White,Beige,None reported,Yes,"$79,999",3.5,6.0,Automatic
2861,Mercedes-Benz,AMG C 43 AMG C 43 4MATIC,2019,"33,500 mi.",Gasoline,Red,Black,None reported,Yes,"$45,770",3.0,6.0,Automatic
2862,Nissan,Versa 1.6 SL,2015,"85,768 mi.",Gasoline,White,Black,At least 1 accident or damage reported,Yes,"$8,250",1.6,4.0,Other
2863,Ford,Escape XLT,2007,"133,300 mi.",Gasoline,Silver,Silver,None reported,Yes,"$3,000",2.3,4.0,Automatic
2864,Ford,Utility Police Interceptor Base,2013,"105,000 mi.",E85 Flex Fuel,White,Black,At least 1 accident or damage reported,Yes,"$6,600",3.7,6.0,Automatic
2865,Volkswagen,Jetta GLX VR6,2002,"121,800 mi.",Gasoline,Black,Black,None reported,Yes,"$4,300",2.8,6.0,Manual
2866,Audi,S4 3.0T Premium Plus,2013,"91,877 mi.",Gasoline,Black,Red,At least 1 accident or damage reported,Yes,"$24,000",3.0,6.0,Automatic
2867,INFINITI,Q50 Hybrid Sport,2015,"88,900 mi.",Hybrid,Black,Black,None reported,Yes,"$15,500",3.5,6.0,Automatic
2868,Audi,RS 5 2.9T,2019,"21,240 mi.",Gasoline,Black,Black,At least 1 accident or damage reported,Yes,"$59,950",2.9,6.0,Automatic
2869,Ford,F-150 Raptor,2021,"28,260 mi.",Gasoline,Blue,Blue,None reported,Yes,"$72,950",3.5,6.0,Automatic
2870,Ford,Bronco Sport Outer Banks,2021,"15,198 mi.",Gasoline,Blue,Navy Pier,None reported,Yes,"$31,621",1.5,3.0,Automatic
2871,Acura,ILX 2.4L,2016,"136,397 mi.",Gasoline,Silver,Ebony.,None reported,,"$14,798",2.4,,Other
2872,Ford,Mustang GT Premium,2016,"25,717 mi.",Gasoline,Black,Black,None reported,Yes,"$33,900",5.0,8.0,Manual
2873,Ford,F-150 XLT,2018,"98,000 mi.",Gasoline,White,–,At least 1 accident or damage reported,Yes,"$25,500",3.5,6.0,Automatic
2874,BMW,750 i,2009,"74,600 mi.",Gasoline,White,Brown,None reported,Yes,"$15,000",4.4,8.0,Automatic
2875,Volkswagen,Routan SE,2012,"123,815 mi.",Gasoline,Black,Gray,None reported,Yes,"$5,000",3.6,6.0,Automatic
2876,Mazda,Mazda6 i Grand Touring,2016,"83,100 mi.",–,White,White,None reported,Yes,"$17,800",,,Automatic
2877,Ford,F-250 Lariat,2018,"120,000 mi.",Diesel,Silver,Black,At least 1 accident or damage reported,Yes,"$55,000",6.7,8.0,Automatic
2878,GMC,Sierra 1500 SLT,2016,"99,500 mi.",Gasoline,Gray,Black,None reported,Yes,"$27,995",5.3,8.0,Automatic
2879,Lexus,RX 300 4WD,1999,"249,083 mi.",Gasoline,Red,Beige,At least 1 accident or damage reported,Yes,"$3,500",3.0,6.0,Automatic
2880,Ford,F-250 Platinum,2021,"48,549 mi.",Diesel,Antimatter Blue Metallic,Black,None reported,,"$69,998",6.7,8.0,Automatic
2881,RAM,1500 Classic Tradesman,2019,"12,466 mi.",Gasoline,Gray,Gray,None reported,Yes,"$28,995",5.7,8.0,Automatic
2882,Audi,A5 2.0T Premium Plus,2019,"23,827 mi.",Gasoline,Gray,Black,None reported,Yes,"$34,995",2.0,4.0,Automatic
2883,Dodge,Challenger SRT Demon,2018,"2,620 mi.",Gasoline,Black,Black,,,"$155,700",6.2,8.0,Automatic
2884,Chevrolet,Camaro 2SS,2022,"1,400 mi.",Gasoline,Black,Black,None reported,Yes,"$54,900",6.2,8.0,Automatic
2885,Porsche,911 Carrera C2S,2005,"104,000 mi.",Gasoline,Silver,Black,None reported,Yes,"$44,800",3.8,6.0,Manual
2886,Ford,Excursion Limited,2004,"76,163 mi.",Diesel,Gold,Gold,None reported,Yes,"$20,500",6.0,8.0,Automatic
2887,MINI,Countryman Cooper S ALL4,2016,"91,700 mi.",Gasoline,White,Black,None reported,Yes,"$13,999",1.6,4.0,Manual
2888,Honda,Element EX,2008,"192,000 mi.",Gasoline,Black,Gray,At least 1 accident or damage reported,Yes,"$11,000",2.4,4.0,Automatic
2889,Ford,F-250 Lariat,2011,"153,818 mi.",Diesel,Gray,Gray,At least 1 accident or damage reported,Yes,"$29,800",6.7,8.0,Automatic
2890,BMW,328 i xDrive,2016,"65,000 mi.",Gasoline,Silver,Black,None reported,Yes,"$19,500",2.0,4.0,Other
2891,GMC,Terrain SLE,2010,"81,500 mi.",Gasoline,Brown,Gray,None reported,Yes,"$12,250",2.4,4.0,Automatic
2892,BMW,330 i xDrive,2017,"59,203 mi.",Gasoline,White,–,None reported,Yes,"$23,000",2.0,4.0,Automatic
2893,RAM,1500 Laramie,2022,"15,607 mi.",Gasoline,Billet Silver Metallic Clearcoat,Black,None reported,,"$45,999",5.7,8.0,Automatic
2894,Audi,A6 55 Premium,2019,"10,832 mi.",Hybrid,Black,Black,None reported,Yes,"$42,500",3.0,6.0,Automatic
2895,GMC,Sierra 1500 SLT,2021,"12,941 mi.",Gasoline,White,Black,At least 1 accident or damage reported,Yes,"$51,500",5.3,8.0,Automatic
2896,Chrysler,Town & Country Touring,2012,"74,582 mi.",E85 Flex Fuel,Black,–,None reported,Yes,"$8,500",3.6,6.0,Automatic
2897,Pontiac,G6 GTP,2006,"100,545 mi.",Gasoline,Gray,Black,None reported,Yes,"$5,995",3.5,6.0,Automatic
2898,Mercedes-Benz,S-Class S 560 4MATIC,2018,"63,160 mi.",Gasoline,Black,–,At least 1 accident or damage reported,Yes,"$47,000",4.0,8.0,Automatic
2899,BMW,328 i,2015,"109,330 mi.",Gasoline,Black,Beige,None reported,Yes,"$13,349",2.0,4.0,Automatic
2900,Land,Rover LR2 Base,2015,"112,465 mi.",Gasoline,White,Beige,None reported,Yes,"$11,995",2.0,4.0,Automatic
2901,Porsche,911 GT3,2018,"9,712 mi.",Gasoline,Red,Black,None reported,,"$188,900",4.0,,Automatic
2902,Rivian,R1S Launch Edition,2023,"1,885 mi.",,Green,White,None reported,Yes,"$93,500",,,Automatic
2903,Mercedes-Benz,E-Class E 350,2014,"78,500 mi.",Gasoline,Silver,Black,At least 1 accident or damage reported,Yes,"$17,900",3.5,6.0,Automatic
2904,Mercedes-Benz,EQS 450+ Base,2022,"16,500 mi.",,Blue,White,None reported,Yes,"$69,500",,,Automatic
2905,Acura,MDX Technology,2022,"15,895 mi.",Gasoline,Majestic Black Pearl,Parchment,None reported,,"$47,950",3.5,6.0,Automatic
2906,Kia,Optima S,2018,"74,000 mi.",Gasoline,White,Black,None reported,Yes,"$15,000",2.4,4.0,Automatic
2907,Hyundai,Genesis 5,2012,"15,698 mi.",Gasoline,Black,Black,None reported,Yes,"$19,000",5.0,8.0,Other
2908,Land,Rover LR4 HSE LUX Landmark Edition,2016,"144,000 mi.",Gasoline,Black,Black,At least 1 accident or damage reported,Yes,"$18,000",3.0,6.0,Automatic
2909,BMW,i8 Base,2015,"51,000 mi.",Plug-In Hybrid,Gray,Brown,None reported,Yes,"$53,000",1.5,3.0,Other
2910,Ferrari,488 Spider Base,2019,"13,900 mi.",Gasoline,Red,Black,None reported,Yes,"$315,000",3.9,8.0,Other
2911,Toyota,Tundra SR5,2021,"33,455 mi.",Gasoline,Green,Black,None reported,Yes,"$44,750",5.7,8.0,Automatic
2912,Ford,Mustang GT Premium,2010,"69,000 mi.",Gasoline,White,Black,None reported,Yes,"$20,000",4.6,8.0,Automatic
2913,Jeep,Wrangler Unlimited Sahara,2017,"66,107 mi.",Gasoline,Black Clearcoat,Black,None reported,,"$31,331",3.6,6.0,Automatic
2914,BMW,M4 CS,2019,"19,069 mi.",Gasoline,Alpine White,Anthracite,None reported,,"$69,998",3.0,,Automatic
2915,Mercedes-Benz,AMG G 63 Base,2021,"7,856 mi.",Gasoline,China Blue,Black,None reported,Yes,"$425,000",4.0,8.0,Automatic
2916,Lexus,RC 350 Base,2016,"77,856 mi.",Gasoline,Atomic Silver,Black,None reported,Yes,"$30,919",3.5,6.0,Automatic
2917,Mercedes-Benz,CLS-Class CLS 550,2014,"34,600 mi.",Gasoline,Black,Black,None reported,Yes,"$27,500",4.7,8.0,Other
2918,Porsche,911 Carrera S,2017,"16,701 mi.",Gasoline,Red,–,None reported,,"$107,998",3.0,,Other
2919,BMW,325 Ci,2004,"178,000 mi.",Gasoline,Blue,Brown,None reported,Yes,"$5,750",2.5,6.0,Automatic
2920,Chevrolet,Express 1500 Work Van,2011,"93,009 mi.",E85 Flex Fuel,Summit White,Medium Pewter,None reported,Yes,"$22,495",5.3,8.0,Automatic
2921,Cadillac,Escalade ESV Sport,2021,"4,283 mi.",Gasoline,Black,Brandy,None reported,Yes,"$479,995",6.2,8.0,Automatic
2922,Honda,S2000 Base,2002,"110,500 mi.",Gasoline,Yellow,Red,None reported,Yes,"$27,000",2.0,4.0,Manual
2923,Mercedes-Benz,C-Class C 300 4MATIC,2018,"49,000 mi.",Gasoline,Black,Black,None reported,Yes,"$23,450",2.0,4.0,Automatic
2924,INFINITI,FX37 Base,2013,"51,500 mi.",Gasoline,Gray,Black,None reported,Yes,"$23,900",3.7,6.0,Automatic
2925,Ford,Transit-250 Base,2020,"53,000 mi.",Gasoline,White,Black,At least 1 accident or damage reported,Yes,"$38,500",3.5,6.0,Automatic
2926,Mercedes-Benz,E-Class E 450 4MATIC,2021,"18,000 mi.",Hybrid,Gray,Black,At least 1 accident or damage reported,Yes,"$62,000",3.0,6.0,Automatic
2927,Porsche,911 GT3,2016,"30,700 mi.",Gasoline,White,Black,None reported,Yes,"$138,999",3.8,6.0,Automatic
2928,Mercedes-Benz,AMG GT AMG GT S,2016,"9,738 mi.",Gasoline,Red,Black,None reported,Yes,"$85,500",4.0,8.0,Automatic
2929,INFINITI,Q60 3.0T Premium,2017,"107,380 mi.",Gasoline,Black,Gray,At least 1 accident or damage reported,Yes,"$17,500",3.0,6.0,Automatic
2930,Land,Rover Range Rover 3.0L V6 Supercharged HSE,2019,"35,650 mi.",Gasoline,Black,Black,At least 1 accident or damage reported,Yes,"$57,999",3.0,6.0,Automatic
2931,Honda,Pilot EX-L,2020,"28,886 mi.",Gasoline,Gray,Gray,,,"$35,645",3.5,6.0,Automatic
2932,Jaguar,XF 25t Prestige,2018,"37,777 mi.",Gasoline,Black,Black,None reported,Yes,"$32,500",2.0,4.0,Other
2933,Jeep,Commander Base,2006,"212,500 mi.",Gasoline,Black,Gray,None reported,Yes,"$6,500",3.7,6.0,Automatic
2934,Lincoln,Continental Reserve,2017,"56,846 mi.",Gasoline,White,Beige,None reported,Yes,"$29,000",2.7,6.0,Other
2935,Cadillac,CT6 Luxury,2020,"22,187 mi.",Gasoline,Manhattan Noir Metallic,Shara Beige,At least 1 accident or damage reported,Yes,"$45,480",3.6,6.0,Automatic
2936,Land,Rover Range Rover 5.0L Supercharged,2015,"110,000 mi.",E85 Flex Fuel,Black,–,At least 1 accident or damage reported,Yes,"$26,499",5.0,8.0,Automatic
2937,Dodge,Ram Van 1500,2002,"70,000 mi.",Gasoline,Red,Beige,At least 1 accident or damage reported,Yes,"$8,000",3.9,6.0,Automatic
2938,Hyundai,Genesis Coupe 3.8 Grand Touring,2011,"165,454 mi.",Gasoline,Gray,Black,At least 1 accident or damage reported,Yes,"$4,000",3.8,6.0,Automatic
2939,BMW,228 Gran Coupe i xDrive,2020,"31,100 mi.",Gasoline,Blue,White,None reported,Yes,"$26,999",2.0,4.0,Automatic
2940,Porsche,718 Boxster S,2017,"48,900 mi.",Gasoline,Blue,Black,None reported,Yes,"$62,500",2.5,4.0,Other
2941,Mercedes-Benz,G-Class G 550 4MATIC,2021,"76,100 mi.",Gasoline,Black,Black,None reported,Yes,"$130,000",4.0,8.0,Automatic
2942,BMW,M3 Base,2023,"4,106 mi.",Gasoline,Isle of Man Green Metallic,Kyalami Orange,None reported,Yes,"$84,645",3.0,6.0,Manual
2943,Chevrolet,Suburban 1500 LTZ,2015,"217,500 mi.",Gasoline,Black,Black,None reported,Yes,"$20,000",5.3,8.0,Automatic
2944,GMC,Yukon SLT,2014,"142,400 mi.",E85 Flex Fuel,Black,Black,At least 1 accident or damage reported,Yes,"$13,500",5.3,8.0,Automatic
2945,Ford,F-250 LARIAT,2021,"42,245 mi.",Diesel,Agate Black Metallic,Black,None reported,,"$76,598",6.7,,Automatic
2946,Dodge,Ram 1500 SLT Mega Cab,2006,"201,509 mi.",Gasoline,Gray,Gray,At least 1 accident or damage reported,Yes,"$11,000",5.7,8.0,Automatic
2947,Lamborghini,Huracan EVO Base,2022,"2,523 mi.",Gasoline,Bianco Icarus Metallic,Nero Ade,None reported,,"$288,900",5.2,10.0,Manual
2948,Subaru,Impreza Premium,2022,"10,419 mi.",Gasoline,Crystal White Pearl,Black,At least 1 accident or damage reported,,"$24,998",2.0,,Other
2949,Mercedes-Benz,AMG CLA 45 Base 4MATIC,2021,"17,500 mi.",Gasoline,Gray,Black,None reported,Yes,"$59,995",2.0,4.0,Automatic
2950,BMW,M760 i xDrive,2021,"11,078 mi.",Gasoline,BLACK,WHITE,None reported,,"$91,900",6.6,,Automatic
2951,Ford,Expedition Max King Ranch,2021,"37,594 mi.",Gasoline,Black,Mesa,None reported,Yes,"$62,595",3.5,6.0,Automatic
2952,Honda,Pilot EX,2004,"184,000 mi.",Gasoline,Blue,Gray,At least 1 accident or damage reported,Yes,"$10,500",3.5,6.0,Automatic
2953,Chrysler,300 Touring,2009,"134,602 mi.",Gasoline,Blue,Black,None reported,Yes,"$7,500",3.5,6.0,Other
2954,Audi,A7 55 Premium Plus,2022,"15,000 mi.",Hybrid,Gray,Black,None reported,Yes,"$63,000",3.0,6.0,Automatic
2955,Ferrari,Roma Base,2021,"3,000 mi.",Gasoline,Blue,Brown,None reported,Yes,"$275,000",3.9,8.0,Automatic
2956,Acura,MDX Sport,2007,"183,455 mi.",Gasoline,White,Beige,At least 1 accident or damage reported,Yes,"$7,700",3.7,6.0,Automatic
2957,Nissan,Juke SL,2012,"72,639 mi.",Gasoline,Black,Black,At least 1 accident or damage reported,Yes,"$15,000",1.6,4.0,Other
2958,Land,Rover Range Rover P525 Westminster,2021,"17,945 mi.",Gasoline,Santorini Black Metallic,Ebony,None reported,,"$89,900",5.0,8.0,Automatic
2959,Audi,TT Roadster quattro,2002,"69,300 mi.",Gasoline,Gray,Black,At least 1 accident or damage reported,Yes,"$9,995",1.8,4.0,Manual
2960,Rolls-Royce,Cullinan,2022,398 mi.,Gasoline,Silver,Charles Blue,None reported,Yes,"$695,000",6.7,12.0,Automatic
2961,Chevrolet,Corvette Stingray Z51,2019,"7,033 mi.",Gasoline,White,Black,None reported,Yes,"$63,900",6.2,8.0,Automatic
2962,Kia,Optima Hybrid EX,2012,"117,220 mi.",Hybrid,Black,Black,None reported,Yes,"$8,900",2.4,4.0,Automatic
2963,Acura,RDX,2016,"132,252 mi.",Gasoline,Crystal Black,Black,None reported,,"$18,998",3.5,,Automatic
2964,Chevrolet,Tahoe LT,2017,"61,720 mi.",E85 Flex Fuel,Silver,Jet Black,At least 1 accident or damage reported,,"$39,998",5.3,,Automatic
2965,BMW,540 i xDrive,2020,"37,426 mi.",Gasoline,White,Black,None reported,,"$39,998",2.0,,Automatic
2966,MINI,Convertible John Cooper Works,2017,"24,280 mi.",Gasoline,Black,Black,At least 1 accident or damage reported,Yes,"$29,000",2.0,4.0,Automatic
2967,Mercedes-Benz,CLS-Class CLS 400 4MATIC,2016,"62,285 mi.",Gasoline,Black,Black,At least 1 accident or damage reported,Yes,"$29,950",3.0,6.0,Automatic
2968,BMW,540 i xDrive,2020,"27,158 mi.",Gasoline,Imperial Blue Metallic,Canberra Beige/Black,None reported,,"$39,998",2.0,,Automatic
2969,Buick,Enclave Avenir,2021,"31,181 mi.",Gasoline,Rich Garnet Metallic,Chestnut,At least 1 accident or damage reported,Yes,"$42,442",3.6,6.0,Automatic
2970,Land,Rover Range Rover Sport Supercharged,2013,"57,000 mi.",Gasoline,White,Beige,None reported,Yes,"$26,000",5.0,8.0,Other
2971,Porsche,911 Carrera,2010,"61,600 mi.",Gasoline,Black,Black,None reported,Yes,"$51,750",3.6,6.0,Automatic
2972,smart,ForTwo Pure,2008,"61,595 mi.",Gasoline,Blue,Gray,None reported,Yes,"$5,000",1.0,3.0,Automatic
2973,Mercedes-Benz,CLS-Class CLS500,2006,"28,950 mi.",Gasoline,Blue,Beige,,,"$16,750",5.0,8.0,Automatic
2974,Audi,Q5 2.0T Premium Plus,2016,"52,105 mi.",E85 Flex Fuel,White,Beige,At least 1 accident or damage reported,Yes,"$20,499",2.0,4.0,Automatic
2975,Toyota,Tundra SR5,2015,"99,000 mi.",Gasoline,Gray,Gray,None reported,Yes,"$27,000",4.6,8.0,Automatic
2976,BMW,740e xDrive iPerformance,2019,"33,214 mi.",Plug-In Hybrid,White,Black,None reported,Yes,"$43,500",2.0,4.0,Automatic
2977,Rivian,R1S Adventure Package,2023,211 mi.,,Blue,Black,None reported,Yes,"$99,000",,,Automatic
2978,Mazda,CX-9 Signature,2019,"69,771 mi.",Gasoline,Black,Red,None reported,Yes,"$27,500",2.5,4.0,Automatic
2979,Toyota,Matrix XRS,2003,"143,600 mi.",Gasoline,Black,Black,None reported,Yes,"$4,199",1.8,4.0,Manual
2980,RAM,1500 Limited,2019,"29,000 mi.",Gasoline,Gray,Black,At least 1 accident or damage reported,Yes,"$49,500",5.7,8.0,Automatic
2981,Audi,S6 4.0T Premium Plus,2018,"61,258 mi.",Gasoline,White,Black,None reported,Yes,"$49,999",4.0,8.0,Automatic
2982,Chevrolet,Silverado 1500 RST,2020,"19,200 mi.",Gasoline,Gray,Black,None reported,Yes,"$69,999",5.3,8.0,Automatic
2983,BMW,430 i xDrive,2021,"16,900 mi.",Gasoline,Blue,White,None reported,Yes,"$43,000",2.0,4.0,Automatic
2984,Nissan,Titan SL,2021,"95,993 mi.",Gasoline,White,Black,None reported,Yes,"$32,612",5.6,8.0,Automatic
2985,Chevrolet,Traverse Premier,2018,"68,455 mi.",Gasoline,Silver Ice Metallic,Jet Black,None reported,Yes,"$30,989",3.6,6.0,Automatic
2986,Hyundai,Sonata Hybrid Limited,2013,"96,419 mi.",Hybrid,Black,Gray,At least 1 accident or damage reported,Yes,"$14,999",2.4,4.0,Automatic
2987,Audi,Q8 3.0T Prestige,2019,"54,900 mi.",Hybrid,Gold,Black,At least 1 accident or damage reported,Yes,"$48,500",3.0,6.0,Automatic
2988,Cadillac,CTS Performance,2010,"105,760 mi.",Gasoline,Black,Black,None reported,Yes,"$12,900",3.0,6.0,Automatic
2989,Mercedes-Benz,E-Class E 350 4MATIC,2014,"89,563 mi.",Gasoline,Blue,Black,None reported,Yes,"$18,995",3.5,6.0,Automatic
2990,Chevrolet,Camaro 1LT,2021,"10,300 mi.",Gasoline,Black,Black,None reported,Yes,"$29,900",3.6,6.0,Manual
2991,Land,Rover Discovery Sport SE,2017,"48,200 mi.",Gasoline,White,Gray,None reported,Yes,"$24,998",2.0,4.0,Automatic
2992,BMW,ALPINA B7 xDrive,2013,"135,000 mi.",Gasoline,Black,Black,At least 1 accident or damage reported,Yes,"$14,000",4.4,8.0,Automatic
2993,Chevrolet,Suburban Z71,2022,"19,200 mi.",Gasoline,White,Black,None reported,Yes,"$69,790",6.2,8.0,Automatic
2994,Volvo,XC90 Hybrid T8 R-Design,2018,"40,000 mi.",Plug-In Hybrid,Black,Black,None reported,Yes,"$42,000",2.0,4.0,Other
2995,Jeep,Wrangler Unlimited Sport,2014,"122,200 mi.",Gasoline,Orange,Black,At least 1 accident or damage reported,Yes,"$21,500",3.6,6.0,Automatic
2996,Porsche,718 Cayman GTS,2018,"16,280 mi.",Gasoline,Red,Black,None reported,Yes,"$85,500",2.5,4.0,Other
2997,Rivian,R1S Adventure Package,2023,"2,800 mi.",,White,Green,None reported,Yes,"$92,000",,,Automatic
2998,Bentley,Bentayga Onyx Edition,2018,"32,500 mi.",Gasoline,Black,Beige,At least 1 accident or damage reported,Yes,"$103,000",6.0,12.0,Automatic
2999,Lexus,LS 460 Crafted Line,2015,"74,500 mi.",Gasoline,White,Red,None reported,Yes,"$33,900",4.6,8.0,Other
3000,Land,Rover Discovery HSE,2019,"20,034 mi.",Gasoline,Yulong White,Tan/Ebony,None reported,,"$43,998",3.0,,Automatic
3001,Porsche,Panamera Turbo,2015,"67,210 mi.",Gasoline,Blue,Beige,At least 1 accident or damage reported,Yes,"$51,950",4.8,8.0,Other
3002,Toyota,Camry Hybrid Base,2011,"133,121 mi.",Hybrid,White,White,At least 1 accident or damage reported,Yes,"$7,900",2.4,4.0,Automatic
3003,Audi,R8 5.2,2015,"51,000 mi.",Gasoline,White,Black,At least 1 accident or damage reported,Yes,"$102,000",5.2,10.0,Other
3004,Mercedes-Benz,GL-Class GL 450 4MATIC,2013,"93,500 mi.",Gasoline,Black,Black,At least 1 accident or damage reported,Yes,"$15,900",4.6,8.0,Automatic
3005,BMW,530 i,2017,"37,000 mi.",Gasoline,Gray,Black,None reported,Yes,"$31,000",2.0,4.0,Automatic
3006,RAM,1500 Big Horn,2021,"49,583 mi.",Gasoline,Billet Silver Metallic Clearcoat,Black,None reported,,"$42,816",5.7,8.0,Automatic
3007,Acura,MDX 3.5L w/Technology Package,2019,"90,605 mi.",Gasoline,White,Parchment,None reported,,"$27,698",3.5,,Automatic
3008,Alfa,Romeo Giulia Ti,2017,"56,910 mi.",Gasoline,Blue,Black,,,"$23,000",2.0,4.0,Other
3009,Ford,Bronco Wildtrak Advanced,2022,"15,600 mi.",Gasoline,Gray,–,At least 1 accident or damage reported,Yes,"$68,995",2.7,6.0,Other
3010,Hummer,H2 Base,2008,"63,750 mi.",Gasoline,White,Black,At least 1 accident or damage reported,Yes,"$55,000",6.2,8.0,Automatic
3011,Buick,Envision Essence,2020,"28,548 mi.",Gasoline,Ebony Twilight Metallic,Ebony,None reported,,"$32,063",2.5,4.0,Automatic
3012,Dodge,Sprinter 2500,2007,"189,719 mi.",Diesel,White,Gray,At least 1 accident or damage reported,Yes,"$14,000",3.0,6.0,Automatic
3013,Bentley,Continental GT V8 First Edition,2020,"27,404 mi.",Gasoline,Dark Sapphire,Linen,None reported,,"$199,991",4.0,,Automatic
3014,Genesis,G90 5.0 Ultimate,2017,"26,000 mi.",Gasoline,White,Beige,None reported,Yes,"$33,600",5.0,8.0,Other
3015,BMW,325 xi,2006,"137,825 mi.",Gasoline,Silver,Black,None reported,Yes,"$4,000",3.0,6.0,Automatic
3016,Toyota,Tacoma Base,2020,"27,256 mi.",Gasoline,Midnight Black Metallic,Black/Gun Metal,None reported,,"$42,998",3.5,,Other
3017,Honda,CR-V Touring,2019,"55,100 mi.",Gasoline,White,Gray,None reported,,"$28,324",1.5,4.0,Automatic
3018,Lucid,Air Grand Touring,2022,"4,900 mi.",,Red,Black,None reported,Yes,"$99,000",,,Automatic
3019,Porsche,911 Carrera,2008,"132,500 mi.",Gasoline,Black,Black,None reported,Yes,"$35,000",3.6,6.0,Manual
3020,Lexus,NX 300 Base,2019,"25,470 mi.",Gasoline,Silver,Red,None reported,Yes,"$32,500",2.0,4.0,Other
3021,Toyota,GR86 Premium,2022,"1,050 mi.",Gasoline,Gray,Black,None reported,Yes,"$40,000",2.4,4.0,Automatic
3022,Tesla,Model 3 Long Range,2021,"32,670 mi.",,White,Black,None reported,Yes,"$37,000",,,Automatic
3023,Ford,Transit Connect XLT,2015,"194,454 mi.",Gasoline,White,Black,None reported,Yes,"$9,888",2.5,4.0,Automatic
3024,Audi,TT 1.8T,2004,"79,500 mi.",Gasoline,Silver,Black,None reported,Yes,"$12,000",1.8,4.0,Automatic
3025,Mercedes-Benz,GLE 350 Base 4MATIC,2021,"15,042 mi.",Gasoline,Selenite Gray Metallic,Macchiato,None reported,,"$54,599",2.0,4.0,Automatic
3026,Ford,F-250 XLT,2019,"124,000 mi.",E85 Flex Fuel,White,Gray,None reported,Yes,"$40,100",6.2,8.0,Automatic
3027,Chevrolet,Avalanche 1500 LT,2007,"244,000 mi.",E85 Flex Fuel,Gray,Gray,None reported,Yes,"$16,900",5.3,8.0,Automatic
3028,BMW,M6 Base,2014,"65,550 mi.",Gasoline,Black,Black,None reported,Yes,"$39,985",4.4,8.0,Other
3029,Buick,Encore GX Essence,2022,"18,185 mi.",Gasoline,Summit White,Whisper Beige,None reported,,"$31,755",1.3,3.0,Automatic
3030,Cadillac,CTS Luxury,2012,"113,000 mi.",Gasoline,White,Beige,None reported,Yes,"$10,000",3.0,6.0,Automatic
3031,Cadillac,DeVille Base,1994,"85,000 mi.",–,White,Blue,None reported,Yes,"$7,900",,,Automatic
3032,GMC,Sierra 2500 AT4,2022,"22,600 mi.",Diesel,Ebony Twilight Metallic,Jet Black,,,"$76,740",6.6,8.0,Automatic
3033,Lexus,NX 350 F SPORT Handling,2023,820 mi.,Gasoline,Black,Black,None reported,,"$51,998",2.4,,Other
3034,Toyota,Land Cruiser Base,2008,"175,000 mi.",Gasoline,Black,Beige,At least 1 accident or damage reported,Yes,"$37,900",5.7,8.0,Automatic
3035,Tesla,Model Y Long Range,2023,"10,000 mi.",,Blue,Black,None reported,Yes,"$48,000",,,Automatic
3036,Land,Rover Range Rover Sport SVR Carbon Edition,2022,"9,000 mi.",Gasoline,Green,Gray,None reported,Yes,"$115,000",5.0,8.0,Automatic
3037,Alfa,Romeo Stelvio Ti Sport,2018,"37,045 mi.",Gasoline,White,Red,At least 1 accident or damage reported,Yes,"$26,600",2.0,4.0,Other
3038,Toyota,Sequoia SR5,2007,"136,000 mi.",Gasoline,Black,Beige,None reported,Yes,"$12,500",4.7,8.0,Automatic
3039,Hyundai,Sonata GLS,2010,"135,000 mi.",Gasoline,Blue,Gray,None reported,Yes,"$3,999",2.4,4.0,Other
3040,RAM,2500 Tradesman,2018,"52,000 mi.",Diesel,Gray,Black,None reported,Yes,"$50,000",6.7,6.0,Automatic
3041,Nissan,Maxima 3.5 SR,2019,"72,150 mi.",Gasoline,White,Black,At least 1 accident or damage reported,Yes,"$26,999",3.5,6.0,Other
3042,Volkswagen,Jetta SportWagen SE,2012,"107,000 mi.",Gasoline,Black,Beige,None reported,Yes,"$9,499",2.5,5.0,Automatic
3043,Mercedes-Benz,GL-Class GL 450,2011,"112,854 mi.",Gasoline,White,Black,None reported,Yes,"$11,999",4.7,8.0,Automatic
3044,Suzuki,SX4 Base,2013,"99,982 mi.",Gasoline,Orange,Gray,At least 1 accident or damage reported,Yes,"$6,900",2.0,4.0,Manual
3045,MINI,Cooper S Base,2012,"128,000 mi.",Gasoline,Black,Black,None reported,Yes,"$8,500",1.6,4.0,Automatic
3046,RAM,2500 Powerwagon,2013,"84,220 mi.",Gasoline,White,Gray,At least 1 accident or damage reported,Yes,"$26,500",5.7,8.0,Automatic
3047,BMW,428 i xDrive SULEV,2016,"77,000 mi.",Gasoline,White,Red,At least 1 accident or damage reported,Yes,"$26,999",2.0,4.0,Other
3048,Toyota,4Runner Limited,2019,"48,156 mi.",Gasoline,Midnight Black Metallic,Sand Beige,None reported,,"$40,368",4.0,6.0,Automatic
3049,Acura,MDX w/Advance Package,2023,"3,708 mi.",Gasoline,White,Espresso,None reported,,"$58,998",3.5,,Automatic
3050,Acura,MDX 3.7L Advance,2013,"20,750 mi.",Gasoline,Black,Black,None reported,Yes,"$33,000",3.7,6.0,Automatic
3051,BMW,128 i,2013,"67,874 mi.",Gasoline,Gray,Black,None reported,Yes,"$18,000",3.0,6.0,Automatic
3052,Chevrolet,Monte Carlo Supercharged SS,2004,"148,800 mi.",Gasoline,Red,Black,None reported,Yes,"$6,500",3.8,6.0,Automatic
3053,Mercedes-Benz,GL-Class GL 450,2011,"148,000 mi.",Gasoline,Black,Black,At least 1 accident or damage reported,Yes,"$9,900",4.7,8.0,Automatic
3054,Cadillac,CTS 2.0L Turbo Luxury,2019,"20,296 mi.",Gasoline,Red Obsession,Very Light Cashmere,None reported,,"$30,599",2.0,4.0,Automatic
3055,Kia,Sorento S,2021,"19,605 mi.",Gasoline,Glacial White Pearl,Black,None reported,,"$33,591",2.5,4.0,Automatic
3056,Jaguar,XJ6 Vanden Plas,1995,"70,000 mi.",–,Gold,–,None reported,Yes,"$19,000",,,Automatic
3057,Mercedes-Benz,Sprinter 3500 High Roof,2022,105 mi.,Diesel,Black,Orange,None reported,Yes,"$200,000",2.0,4.0,Automatic
3058,Lexus,LS 460 Crafted Line,2015,"89,150 mi.",Gasoline,White,Black,None reported,Yes,"$31,900",4.6,8.0,Automatic
3059,GMC,Acadia Denali,2021,"47,907 mi.",Gasoline,Ebony Twilight Metallic,Jet Black,None reported,Yes,"$38,436",3.6,6.0,Automatic
3060,Audi,Q7 55 Prestige,2019,"73,837 mi.",Gasoline,Cobra Beige Metallic,Nougat Brown,None reported,Yes,"$36,340",3.0,6.0,Automatic
3061,BMW,M6 Base,2016,"45,800 mi.",Gasoline,Gold,Black,,,"$36,800",4.4,8.0,Automatic
3062,Mercedes-Benz,GLE 350 Base 4MATIC,2020,"24,108 mi.",Gasoline,Black,Black,None reported,Yes,"$56,000",2.0,4.0,Automatic
3063,Lexus,IS 350 Base,2015,"62,600 mi.",Gasoline,Gray,Red,None reported,Yes,"$27,500",3.5,6.0,Other
3064,RAM,1500 Laramie,2022,"18,051 mi.",Gasoline,Patriot Blue Pearlcoat,Black,None reported,Yes,"$47,995",5.7,8.0,Automatic
3065,Ford,Bronco Raptor,2023,"2,489 mi.",Gasoline,Oxford White,Black Onyx,None reported,,"$98,900",3.0,6.0,Automatic
3066,Dodge,Ram 2500 ST,2010,"151,544 mi.",Gasoline,Brown,Gray,At least 1 accident or damage reported,Yes,"$17,700",5.7,8.0,Automatic
3067,Mazda,MX-5 Miata Base,1999,"96,680 mi.",Gasoline,Green,Beige,At least 1 accident or damage reported,Yes,"$12,900",1.8,4.0,Manual
3068,Porsche,Panamera Turbo,2010,"63,000 mi.",Gasoline,Black,Beige,At least 1 accident or damage reported,Yes,"$38,500",4.8,8.0,Automatic
3069,Toyota,Land Cruiser Base,2016,"61,500 mi.",Gasoline,White,Black,None reported,Yes,"$63,500",5.7,8.0,Automatic
3070,Hyundai,Santa Fe GLS,2015,"96,476 mi.",Gasoline,White,Gray,None reported,Yes,"$13,000",3.3,6.0,Automatic
3071,Chevrolet,Silverado 2500 LT,2016,"84,421 mi.",E85 Flex Fuel,White,Black,None reported,Yes,"$36,800",6.0,8.0,Automatic
3072,GMC,Acadia SLT-1,2019,"51,300 mi.",Gasoline,Black,Black,At least 1 accident or damage reported,Yes,"$25,500",2.5,4.0,Automatic
3073,Hyundai,Palisade Calligraphy,2023,"1,500 mi.",Gasoline,Green,Black,None reported,Yes,"$55,000",3.8,6.0,Other
3074,Toyota,Tundra SR5,2020,"26,300 mi.",Gasoline,Gray,Gray,At least 1 accident or damage reported,Yes,"$46,199",5.7,8.0,Automatic
3075,Subaru,Outback 2.5i Limited,2014,"157,530 mi.",Gasoline,Twilight Blue Metallic,Black,At least 1 accident or damage reported,Yes,"$9,995",2.5,,Automatic
3076,Lamborghini,Aventador S Base,2018,"5,858 mi.",Gasoline,White,Gray,None reported,Yes,"$491,836",6.5,12.0,Automatic
3077,BMW,750 i xDrive,2019,"28,744 mi.",Gasoline,Black,Black,None reported,,"$50,998",4.4,,Automatic
3078,Toyota,Highlander Limited Platinum,2015,"135,140 mi.",Gasoline,White,Beige,None reported,Yes,"$23,500",3.5,6.0,Automatic
3079,BMW,X7 M50i,2021,"7,121 mi.",Gasoline,Gray,Black,None reported,,"$94,998",4.4,,Automatic
3080,Mitsubishi,Lancer Evolution MR,2006,"128,000 mi.",Gasoline,Silver,Black,None reported,Yes,"$37,999",2.0,4.0,Manual
3081,Acura,TSX Base,2005,"151,600 mi.",Gasoline,Black,Black,None reported,Yes,"$7,899",2.4,4.0,Manual
3082,Ford,Mustang GT,2014,"38,560 mi.",Gasoline,Black,Black,At least 1 accident or damage reported,Yes,"$28,500",5.0,8.0,Manual
3083,Tesla,Model S Performance,2020,"14,700 mi.",,Gray,Black,None reported,Yes,"$63,000",,,Automatic
3084,Scion,FR-S Monogram,2014,"163,019 mi.",Gasoline,Black,Black,At least 1 accident or damage reported,Yes,"$8,900",2.0,4.0,Manual
3085,Chevrolet,Suburban 1500 LTZ,2011,"194,000 mi.",E85 Flex Fuel,Black,Black,None reported,Yes,"$9,950",5.3,8.0,Automatic
3086,Genesis,G90 3.3T Premium,2021,"9,950 mi.",Gasoline,Silver,Blue,None reported,Yes,"$53,950",3.3,6.0,Automatic
3087,Chevrolet,Express 1500 Base,2010,"204,000 mi.",E85 Flex Fuel,White,Gray,At least 1 accident or damage reported,Yes,"$4,900",5.3,8.0,Automatic
3088,INFINITI,G35 Base,2003,"106,500 mi.",Gasoline,Red,Beige,None reported,Yes,"$9,500",3.5,6.0,Manual
3089,Lexus,IS-F Base,2010,"77,400 mi.",Gasoline,White,Red,At least 1 accident or damage reported,Yes,"$34,500",5.0,8.0,Automatic
3090,Ford,Expedition Platinum,2019,"51,300 mi.",Gasoline,White,Platinum,None reported,Yes,"$48,295",3.5,6.0,Automatic
3091,Volvo,S60 B5 Inscription,2022,"14,280 mi.",Hybrid,Blue,Black,None reported,Yes,"$36,500",2.0,4.0,Automatic
3092,Honda,Odyssey Elite,2019,"82,000 mi.",Gasoline,Silver,Black,None reported,Yes,"$32,471",3.5,6.0,Automatic
3093,Lexus,RX 330 Base,2004,"151,896 mi.",Gasoline,Silver,Gray,None reported,Yes,"$7,900",3.3,6.0,Automatic
3094,Ford,F-250 XLT Crew Cab Super Duty,2008,"190,321 mi.",Diesel,White,Beige,None reported,Yes,"$15,900",6.4,8.0,Automatic
3095,Audi,Q3 2.0T Premium Plus,2015,"155,382 mi.",Gasoline,Brown,Gray,At least 1 accident or damage reported,Yes,"$13,500",2.0,4.0,Automatic
3096,Land,Rover Range Rover Velar P250 SE R-Dynamic,2019,"58,000 mi.",Gasoline,White,Black,None reported,Yes,"$38,000",2.0,4.0,Automatic
3097,Chevrolet,Tahoe High Country,2021,"53,000 mi.",Gasoline,Black,Black,At least 1 accident or damage reported,Yes,"$67,100",6.2,8.0,Automatic
3098,Subaru,Outback 2.5i Limited,2014,"78,007 mi.",Gasoline,Blue,Black,None reported,Yes,"$14,750",2.5,4.0,Automatic
3099,Volvo,XC90 T6 Momentum,2018,"110,380 mi.",Gasoline,Gray,Beige,At least 1 accident or damage reported,Yes,"$22,000",2.0,4.0,Automatic
3100,Mercedes-Benz,Sprinter 3500 High Roof,2017,"124,630 mi.",Diesel,Black,Black,None reported,Yes,"$75,000",3.0,6.0,Automatic
3101,Cadillac,Escalade Premium Luxury,2021,"11,459 mi.",Gasoline,White,Brown,None reported,Yes,"$88,900",6.2,8.0,Automatic
3102,Lexus,CT 200h Premium,2014,"131,200 mi.",Hybrid,Brown,Brown,None reported,Yes,"$14,000",1.8,4.0,Automatic
3103,Mercedes-Benz,SL-Class SL 550,2012,"21,300 mi.",Gasoline,Silver,Red,At least 1 accident or damage reported,Yes,"$38,500",5.5,8.0,Automatic
3104,INFINITI,G37 x,2013,"90,000 mi.",Gasoline,Silver,Black,None reported,Yes,"$14,500",3.7,6.0,Other
3105,BMW,M240 i,2019,"19,300 mi.",Gasoline,White,Red,None reported,Yes,"$36,000",3.0,6.0,Automatic
3106,Mercedes-Benz,G-Class G 550 4MATIC,2019,"32,376 mi.",Gasoline,Black,Black,None reported,Yes,"$128,000",4.0,8.0,Automatic
3107,Ford,F-250 Platinum,2022,"4,500 mi.",Gasoline,Black,Black,None reported,Yes,"$86,500",7.3,8.0,Automatic
3108,Porsche,911 Carrera S Cabriolet,2007,"28,844 mi.",Gasoline,White,Beige,,,"$69,995",3.8,,Manual
3109,Mercedes-Benz,GLK-Class GLK 350,2014,"186,000 mi.",Gasoline,Black,Beige,At least 1 accident or damage reported,Yes,"$10,000",3.5,6.0,Automatic
3110,Jeep,Wrangler Unlimited Sport,2020,"24,040 mi.",Gasoline,Black Clearcoat,Black,None reported,Yes,"$35,273",2.0,4.0,Automatic
3111,Chevrolet,Silverado 1500 Base,1999,"88,750 mi.",Gasoline,White,Gray,None reported,Yes,"$6,800",4.8,8.0,Automatic
3112,Toyota,Tacoma TRD Sport,2018,"84,184 mi.",Gasoline,Magnetic Gray Metallic,Graphite w/Gun Metal,None reported,,"$35,998",3.5,,Automatic
3113,GMC,Yukon XL SLT,2017,"110,000 mi.",Gasoline,Blue,Black,At least 1 accident or damage reported,Yes,"$34,999",5.3,8.0,Automatic
3114,Lincoln,Navigator L Reserve,2019,"67,073 mi.",Gasoline,Black,Black,At least 1 accident or damage reported,Yes,"$47,999",3.5,6.0,Automatic
3115,RAM,2500 SLT,2014,"84,500 mi.",Gasoline,Black,Gray,None reported,Yes,"$34,000",6.4,8.0,Automatic
3116,Audi,TT 2.0T,2015,"126,760 mi.",Gasoline,Black,Black,At least 1 accident or damage reported,Yes,"$14,000",2.0,4.0,Automatic
3117,Volkswagen,Golf R 4-Door,2013,"102,750 mi.",Gasoline,Black,Black,None reported,Yes,"$20,000",2.0,4.0,Manual
3118,Jeep,Wrangler Unlimited Rubicon 392,2021,"38,000 mi.",Gasoline,Gray,Black,None reported,Yes,"$72,980",6.4,8.0,Other
3119,Lincoln,LS V8,2002,"42,000 mi.",Gasoline,Silver,Black,At least 1 accident or damage reported,Yes,"$11,000",3.9,8.0,Automatic
3120,Subaru,Impreza WRX,2005,"90,200 mi.",Gasoline,Blue,Black,None reported,Yes,"$12,499",2.0,4.0,Manual
3121,Nissan,350Z NISMO,2008,"76,500 mi.",Gasoline,Silver,Red,At least 1 accident or damage reported,Yes,"$28,000",3.5,6.0,Manual
3122,GMC,Terrain SLT,2019,"60,807 mi.",Gasoline,Red Quartz Tintcoat,Medium Ash Gray,At least 1 accident or damage reported,Yes,"$25,925",2.0,4.0,Automatic
3123,Tesla,Model X Long Range Plus,2020,"34,000 mi.",,Black,Black,None reported,Yes,"$69,950",,,Automatic
3124,Dodge,Charger R/T Scat Pack,2018,"19,000 mi.",Gasoline,Purple,Gray,None reported,Yes,"$44,888",6.4,8.0,Other
3125,BMW,M3 Base,2017,"44,000 mi.",Gasoline,Blue,Black,None reported,Yes,"$55,000",3.0,6.0,Automatic
3126,Ford,Fusion Hybrid SE,2019,"64,532 mi.",Hybrid,Silver,Gray,At least 1 accident or damage reported,Yes,"$19,395",2.0,4.0,Automatic
3127,Jeep,Wrangler Unlimited X,2007,"135,465 mi.",Gasoline,Black,Gray,None reported,Yes,"$15,750",3.8,6.0,Automatic
3128,Alfa,Romeo Giulia Quadrifoglio,2022,"1,966 mi.",Gasoline,Verde,Black,None reported,,"$75,900",2.9,6.0,Automatic
3129,Mazda,CX-30 Premium Package,2021,"18,385 mi.",Gasoline,Soul Red Crystal Metallic,White / Brown,None reported,Yes,"$29,255",2.5,4.0,Automatic
3130,Toyota,RAV4 TRD Off Road,2020,"46,500 mi.",Gasoline,White,Black,None reported,Yes,"$35,200",2.5,4.0,Automatic
3131,BMW,M6 Base,2014,"29,500 mi.",Gasoline,Silver,Black,None reported,Yes,"$40,999",4.4,8.0,Other
3132,Cadillac,Escalade ESV Base,2007,"191,900 mi.",Gasoline,Black,Black,At least 1 accident or damage reported,Yes,"$9,750",6.2,8.0,Automatic
3133,Tesla,Model Y Long Range,2023,"7,414 mi.",,Black,White,None reported,Yes,"$56,515",,,Automatic
3134,Mercedes-Benz,AMG G 63 Base,2020,"1,750 mi.",Gasoline,Blue,Black,None reported,Yes,"$199,995",4.0,8.0,Automatic
3135,Toyota,Mirai Base,2016,"40,000 mi.",not supported,Silver,Black,None reported,Yes,"$9,500",,,Automatic
3136,Ford,Expedition XLT,2007,"123,921 mi.",Gasoline,White,Beige,None reported,Yes,"$6,900",5.4,8.0,Automatic
3137,BMW,528 i,2015,"111,000 mi.",Gasoline,Gray,–,At least 1 accident or damage reported,Yes,"$15,000",2.0,4.0,Automatic
3138,Chevrolet,Silverado 1500 Limited LT Trail Boss,2022,"4,753 mi.",Gasoline,White,Black,None reported,Yes,"$57,000",5.3,8.0,Automatic
3139,Audi,Q5 2.0T Premium Plus,2015,"54,700 mi.",E85 Flex Fuel,Gray,Brown,At least 1 accident or damage reported,Yes,"$20,995",2.0,4.0,Automatic
3140,Lexus,GS 350 Base,2014,"85,275 mi.",Gasoline,Nebula Gray Pearl,Black,At least 1 accident or damage reported,,"$23,998",3.5,,Automatic
3141,Dodge,Durango GT,2022,"15,592 mi.",Gasoline,DB Black Clearcoat,Black,None reported,Yes,"$39,985",3.6,6.0,Automatic
3142,Cadillac,XT5 Luxury,2017,"72,060 mi.",Gasoline,Stellar Black Metallic,Shara Beige,None reported,,"$24,590",3.6,6.0,Automatic
3143,Dodge,Challenger SRT8,2010,"70,000 mi.",Gasoline,Orange,Black,None reported,Yes,"$22,000",6.1,8.0,Manual
3144,Mercedes-Benz,CLK-Class CLK 350,2008,"73,000 mi.",Gasoline,Black,Black,None reported,Yes,"$8,400",3.5,6.0,Automatic
3145,Bentley,Continental GTC Base,2011,"20,200 mi.",E85 Flex Fuel,Black,Black,None reported,Yes,"$79,950",6.0,12.0,Automatic
3146,Mercedes-Benz,SLK-Class SLK230 Kompressor,2003,"33,272 mi.",Gasoline,Red,Gray,At least 1 accident or damage reported,Yes,"$11,900",2.3,4.0,Automatic
3147,Tesla,Model S Performance,2012,"61,000 mi.",,Green,Black,None reported,Yes,"$29,000",,,Automatic
3148,Nissan,Xterra S,2007,"132,272 mi.",Gasoline,Gray,Gray,At least 1 accident or damage reported,Yes,"$6,700",4.0,6.0,Manual
3149,Toyota,4Runner SR5 Premium,2021,"36,180 mi.",Gasoline,Black,–,None reported,Yes,"$36,990",4.0,6.0,Automatic
3150,Toyota,Highlander Limited,2011,"106,000 mi.",Gasoline,White,Gray,At least 1 accident or damage reported,Yes,"$16,600",3.5,6.0,Automatic
3151,Mazda,MX-5 Miata Sport,2006,"218,000 mi.",Gasoline,Black,Black,At least 1 accident or damage reported,Yes,"$4,999",2.0,4.0,Manual
3152,Mercedes-Benz,E-Class E 550,2017,"56,000 mi.",Gasoline,Gray,White,None reported,Yes,"$35,750",4.7,8.0,Other
3153,GMC,Sierra 3500 SLE,2002,"300,000 mi.",Diesel,Black,Gray,At least 1 accident or damage reported,Yes,"$5,000",6.6,8.0,Automatic
3154,Lexus,RX 350 RX 350 F SPORT Handling,2022,"14,330 mi.",Gasoline,Black,Red,None reported,,"$54,998",3.5,,Automatic
3155,BMW,X3 xDrive30i,2021,"2,492 mi.",Gasoline,Phytonic Blue Metallic,Canberra Beige/Black,None reported,,"$41,598",2.0,,Automatic
3156,BMW,M760 i xDrive,2019,"14,806 mi.",Gasoline,Black,Black,At least 1 accident or damage reported,Yes,"$81,330",6.6,12.0,Other
3157,Chrysler,200 C,2015,"170,000 mi.",E85 Flex Fuel,Silver,Black,At least 1 accident or damage reported,Yes,"$5,995",3.6,6.0,Automatic
3158,Mercedes-Benz,Sprinter 4500 High Roof,2019,"16,813 mi.",Diesel,Gray,Black,,,"$45,900",3.0,6.0,Other
3159,Nissan,Rogue SL,2017,"78,110 mi.",Gasoline,Silver,Black,,,"$17,500",2.5,4.0,Automatic
3160,RAM,1500 Big Horn,2022,"11,468 mi.",Gasoline,Bright White Clearcoat,Black,None reported,Yes,"$50,204",5.7,8.0,Automatic
3161,Buick,Enclave Leather,2015,"89,726 mi.",Gasoline,White,Brown,None reported,Yes,"$16,000",3.6,6.0,Automatic
3162,Toyota,Sequoia Platinum,2023,325 mi.,Hybrid,Blue,Gray,None reported,Yes,"$84,997",3.4,6.0,Automatic
3163,Hyundai,Santa Cruz 2.5T Limited,2022,"22,829 mi.",Gasoline,Hampton Gray,Black,None reported,,"$34,580",2.5,4.0,Automatic
3164,GMC,Sierra 1500 AT4,2022,100 mi.,Diesel,White,Black,None reported,Yes,"$62,499",3.0,6.0,Automatic
3165,Land,Rover Range Rover Evoque R-Dynamic HSE,2020,"30,424 mi.",Hybrid,Silver,Black,None reported,,"$44,998",2.0,,Automatic
3166,BMW,X5 xDrive50i,2013,"58,000 mi.",Gasoline,White,Black,None reported,Yes,"$17,900",4.4,8.0,Automatic
3167,Audi,Q7 Premium Plus,2022,"22,588 mi.",Hybrid,Navarra Blue,Saiga Beige,None reported,,"$52,598",3.0,,Automatic
3168,Ford,F-250 XLT Super Duty,2001,"64,309 mi.",Gasoline,White,Gray,None reported,Yes,"$7,500",5.4,8.0,Automatic
3169,INFINITI,Q50 3.0t Red Sport 400,2020,"23,344 mi.",Gasoline,Liquid Platinum,White,None reported,,"$36,999",3.0,6.0,Automatic
3170,Chevrolet,Colorado Z71,2020,"20,909 mi.",Gasoline,Red,Jet Black,None reported,Yes,"$35,387",3.6,6.0,Automatic
3171,Mercedes-Benz,E-Class E 350 4MATIC,2008,"67,250 mi.",Gasoline,White,Beige,None reported,Yes,"$11,900",3.5,6.0,Automatic
3172,Lexus,GX 460 Base,2021,"39,102 mi.",Gasoline,Silver,Rioja Red,None reported,,"$51,798",4.6,,Automatic
3173,BMW,X1 xDrive28i,2020,"27,989 mi.",Gasoline,Gray,Black,None reported,Yes,"$29,000",2.0,4.0,Automatic
3174,Audi,Q4 e-tron Sportback Premium,2023,"1,156 mi.",,Blue,Black,None reported,Yes,"$54,900",,,Automatic
3175,Mercedes-Benz,AMG GT 53 Base,2019,"35,000 mi.",Hybrid,Black,Black,None reported,Yes,"$83,000",3.0,6.0,Other
3176,Mercedes-Benz,AMG GLE 43 Coupe 4MATIC,2018,"52,694 mi.",Gasoline,Gray,Black,None reported,Yes,"$49,999",3.0,6.0,Other
3177,Land,Rover Range Rover Westminster SWB,2022,"2,220 mi.",Hybrid,Blue,White,None reported,Yes,"$115,999",3.0,6.0,Automatic
3178,BMW,M4 Base,2017,"30,450 mi.",Gasoline,White,Black,None reported,Yes,"$52,999",3.0,6.0,Other
3179,Chevrolet,Malibu Limited LT,2016,"104,000 mi.",Gasoline,Silver,Gray,None reported,Yes,"$10,500",2.5,4.0,Automatic
3180,Lexus,ES 330 Base,2005,"41,059 mi.",Gasoline,White,Beige,None reported,Yes,"$11,100",3.3,6.0,Automatic
3181,Cadillac,XTS Luxury,2019,"59,000 mi.",Gasoline,Black,Black,None reported,Yes,"$21,000",3.6,6.0,Automatic
3182,Porsche,Macan,2021,"21,613 mi.",Gasoline,White,–,None reported,,"$58,998",2.0,,Automatic
3183,BMW,M3 Base,2011,"43,000 mi.",Gasoline,Black,Black,None reported,Yes,"$50,900",4.0,8.0,Manual
3184,INFINITI,G35 Base,2005,"99,000 mi.",Gasoline,Silver,Black,None reported,Yes,"$18,900",3.5,6.0,Manual
3185,RAM,2500 Big Horn,2019,"97,000 mi.",Diesel,White,Gray,At least 1 accident or damage reported,Yes,"$45,000",6.7,6.0,Automatic
3186,GMC,Canyon Elevation Standard,2022,"16,500 mi.",Gasoline,Gray,Gray,None reported,Yes,"$32,900",3.6,6.0,Automatic
3187,Chevrolet,Camaro 2SS,2018,"26,000 mi.",Gasoline,White,Black,None reported,Yes,"$39,000",6.2,8.0,Automatic
3188,Subaru,Forester Premium,2021,"42,125 mi.",Gasoline,Crystal Black Silica,Black,None reported,Yes,"$27,899",2.5,,Automatic
3189,Audi,S5 3.0T Premium Plus,2014,"67,900 mi.",Gasoline,Silver,Black,,,"$25,990",3.0,6.0,Manual
3190,Toyota,Sequoia SR5,2023,"1,539 mi.",Hybrid,Green,Boulder,At least 1 accident or damage reported,Yes,"$76,373",3.4,6.0,Automatic
3191,Ford,F-250 XL,2021,"77,699 mi.",Diesel,White,Medium Earth Gray,,,"$49,883",6.7,8.0,Automatic
3192,BMW,M4 Base,2018,"19,300 mi.",Gasoline,White,Silver,None reported,Yes,"$64,000",3.0,6.0,Manual
3193,BMW,M3 Base,2008,"77,800 mi.",Gasoline,Red,Black,None reported,Yes,"$28,500",4.0,8.0,Manual
3194,Kia,Optima LX,2011,"100,331 mi.",Gasoline,Red,–,At least 1 accident or damage reported,Yes,"$6,900",2.4,4.0,Automatic
3195,Jeep,Wrangler Unlimited 4xe Sahara,2021,"33,704 mi.",Hybrid,Bright White Clearcoat,Black,None reported,,"$42,998",2.0,4.0,Automatic
3196,Jeep,Wrangler Unlimited Sahara,2019,"23,442 mi.",Gasoline,White,Beige,None reported,Yes,"$44,500",3.6,6.0,Automatic
3197,Lexus,SC 430 Base,2002,"89,500 mi.",Gasoline,Black,Black,None reported,Yes,"$15,999",4.3,8.0,Automatic
3198,Chevrolet,Camaro Base,2002,"89,000 mi.",Gasoline,Silver,Black,None reported,Yes,"$10,400",3.8,6.0,Automatic
3199,Jaguar,F-TYPE R,2016,"11,684 mi.",Gasoline,Black,Black,None reported,Yes,"$54,900",5.0,8.0,Automatic
3200,Volkswagen,Jetta 1.4T S,2019,"59,000 mi.",Gasoline,Gray,Black,None reported,Yes,"$17,000",1.4,4.0,Automatic
3201,Toyota,RAV4 Base,2010,"123,620 mi.",Gasoline,Black,Black,At least 1 accident or damage reported,Yes,"$9,900",2.5,4.0,Automatic
3202,Ferrari,488 GTB Base,2018,"17,761 mi.",Gasoline,Rosso Corsa,Nero,None reported,,"$243,900",3.9,8.0,Automatic
3203,Toyota,Camry Hybrid Base,2007,"53,249 mi.",Hybrid,Silver,Gray,At least 1 accident or damage reported,Yes,"$9,250",2.4,4.0,Automatic
3204,Ferrari,Roma Base,2022,"2,250 mi.",Gasoline,Gray,Blue,None reported,Yes,"$259,500",3.9,8.0,Automatic
3205,Ford,Transit-250 Base,2016,"66,500 mi.",Gasoline,White,Gray,None reported,Yes,"$27,000",3.5,6.0,Automatic
3206,BMW,335 i xDrive,2012,"153,600 mi.",Gasoline,Black,Black,None reported,Yes,"$17,500",3.0,6.0,Manual
3207,Chrysler,300 S,2016,"100,574 mi.",Gasoline,Black,Black,At least 1 accident or damage reported,Yes,"$17,500",3.6,6.0,Automatic
